2026-01-29 17:25:54,156:WARNING:
'cuml' is a soft dependency and not included in the pycaret installation. Please run: `pip install cuml` to install.
2026-01-29 17:25:54,156:WARNING:
'cuml' is a soft dependency and not included in the pycaret installation. Please run: `pip install cuml` to install.
2026-01-29 17:25:54,156:WARNING:
'cuml' is a soft dependency and not included in the pycaret installation. Please run: `pip install cuml` to install.
2026-01-29 17:25:54,156:WARNING:
'cuml' is a soft dependency and not included in the pycaret installation. Please run: `pip install cuml` to install.
2026-01-29 17:25:54,938:INFO:PyCaret ClassificationExperiment
2026-01-29 17:25:54,939:INFO:Logging name: clf-default-name
2026-01-29 17:25:54,941:INFO:ML Usecase: MLUsecase.CLASSIFICATION
2026-01-29 17:25:54,941:INFO:version 3.3.2
2026-01-29 17:25:54,941:INFO:Initializing setup()
2026-01-29 17:25:54,941:INFO:self.USI: 7ccc
2026-01-29 17:25:54,941:INFO:self._variable_keys: {'exp_id', '_available_plots', 'X_test', 'n_jobs_param', 'is_multiclass', 'memory', '_ml_usecase', 'data', 'html_param', 'fold_groups_param', 'fold_shuffle_param', 'idx', 'X', 'log_plots_param', 'y_test', 'target_param', 'fix_imbalance', 'X_train', 'USI', 'seed', 'gpu_param', 'logging_param', 'gpu_n_jobs_param', 'exp_name_log', 'fold_generator', 'pipeline', 'y_train', 'y'}
2026-01-29 17:25:54,941:INFO:Checking environment
2026-01-29 17:25:54,941:INFO:python_version: 3.11.9
2026-01-29 17:25:54,941:INFO:python_build: ('tags/v3.11.9:de54cf5', 'Apr  2 2024 10:12:12')
2026-01-29 17:25:54,941:INFO:machine: AMD64
2026-01-29 17:25:54,950:INFO:platform: Windows-10-10.0.26200-SP0
2026-01-29 17:25:54,951:INFO:Memory: svmem(total=16779837440, available=6855393280, percent=59.1, used=9924444160, free=6855393280)
2026-01-29 17:25:54,951:INFO:Physical Core: 12
2026-01-29 17:25:54,951:INFO:Logical Core: 16
2026-01-29 17:25:54,951:INFO:Checking libraries
2026-01-29 17:25:54,951:INFO:System:
2026-01-29 17:25:54,951:INFO:    python: 3.11.9 (tags/v3.11.9:de54cf5, Apr  2 2024, 10:12:12) [MSC v.1938 64 bit (AMD64)]
2026-01-29 17:25:54,951:INFO:executable: C:\Users\Rajeev kumar\Desktop\Bank customer churn prediction\venv\Scripts\python.exe
2026-01-29 17:25:54,951:INFO:   machine: Windows-10-10.0.26200-SP0
2026-01-29 17:25:54,951:INFO:PyCaret required dependencies:
2026-01-29 17:25:54,977:INFO:                 pip: 24.0
2026-01-29 17:25:54,977:INFO:          setuptools: 65.5.0
2026-01-29 17:25:54,977:INFO:             pycaret: 3.3.2
2026-01-29 17:25:54,977:INFO:             IPython: 9.9.0
2026-01-29 17:25:54,977:INFO:          ipywidgets: 8.1.8
2026-01-29 17:25:54,977:INFO:                tqdm: 4.67.1
2026-01-29 17:25:54,977:INFO:               numpy: 1.26.4
2026-01-29 17:25:54,977:INFO:              pandas: 2.1.4
2026-01-29 17:25:54,977:INFO:              jinja2: 3.1.6
2026-01-29 17:25:54,977:INFO:               scipy: 1.11.4
2026-01-29 17:25:54,977:INFO:              joblib: 1.3.2
2026-01-29 17:25:54,977:INFO:             sklearn: 1.4.2
2026-01-29 17:25:54,977:INFO:                pyod: 2.0.6
2026-01-29 17:25:54,977:INFO:            imblearn: 0.14.1
2026-01-29 17:25:54,977:INFO:   category_encoders: 2.7.0
2026-01-29 17:25:54,977:INFO:            lightgbm: 4.6.0
2026-01-29 17:25:54,977:INFO:               numba: 0.63.1
2026-01-29 17:25:54,977:INFO:            requests: 2.32.5
2026-01-29 17:25:54,977:INFO:          matplotlib: 3.7.5
2026-01-29 17:25:54,977:INFO:          scikitplot: 0.3.7
2026-01-29 17:25:54,977:INFO:         yellowbrick: 1.5
2026-01-29 17:25:54,977:INFO:              plotly: 6.5.2
2026-01-29 17:25:54,977:INFO:    plotly-resampler: Not installed
2026-01-29 17:25:54,977:INFO:             kaleido: 1.2.0
2026-01-29 17:25:54,977:INFO:           schemdraw: 0.15
2026-01-29 17:25:54,977:INFO:         statsmodels: 0.14.6
2026-01-29 17:25:54,977:INFO:              sktime: 0.26.0
2026-01-29 17:25:54,977:INFO:               tbats: 1.1.3
2026-01-29 17:25:54,977:INFO:            pmdarima: 2.0.4
2026-01-29 17:25:54,977:INFO:              psutil: 7.2.1
2026-01-29 17:25:54,977:INFO:          markupsafe: 3.0.3
2026-01-29 17:25:54,977:INFO:             pickle5: Not installed
2026-01-29 17:25:54,977:INFO:         cloudpickle: 3.1.2
2026-01-29 17:25:54,977:INFO:         deprecation: 2.1.0
2026-01-29 17:25:54,977:INFO:              xxhash: 3.6.0
2026-01-29 17:25:54,977:INFO:           wurlitzer: Not installed
2026-01-29 17:25:54,977:INFO:PyCaret optional dependencies:
2026-01-29 17:25:54,983:INFO:                shap: 0.49.1
2026-01-29 17:25:54,983:INFO:           interpret: Not installed
2026-01-29 17:25:54,983:INFO:                umap: Not installed
2026-01-29 17:25:54,983:INFO:     ydata_profiling: Not installed
2026-01-29 17:25:54,983:INFO:  explainerdashboard: Not installed
2026-01-29 17:25:54,983:INFO:             autoviz: Not installed
2026-01-29 17:25:54,983:INFO:           fairlearn: Not installed
2026-01-29 17:25:54,983:INFO:          deepchecks: Not installed
2026-01-29 17:25:54,983:INFO:             xgboost: 3.1.3
2026-01-29 17:25:54,983:INFO:            catboost: 1.2.8
2026-01-29 17:25:54,983:INFO:              kmodes: Not installed
2026-01-29 17:25:54,983:INFO:             mlxtend: Not installed
2026-01-29 17:25:54,983:INFO:       statsforecast: Not installed
2026-01-29 17:25:54,983:INFO:        tune_sklearn: Not installed
2026-01-29 17:25:54,983:INFO:                 ray: Not installed
2026-01-29 17:25:54,983:INFO:            hyperopt: Not installed
2026-01-29 17:25:54,983:INFO:              optuna: Not installed
2026-01-29 17:25:54,983:INFO:               skopt: Not installed
2026-01-29 17:25:54,983:INFO:              mlflow: Not installed
2026-01-29 17:25:54,983:INFO:              gradio: Not installed
2026-01-29 17:25:54,999:INFO:             fastapi: Not installed
2026-01-29 17:25:54,999:INFO:             uvicorn: Not installed
2026-01-29 17:25:54,999:INFO:              m2cgen: Not installed
2026-01-29 17:25:54,999:INFO:           evidently: Not installed
2026-01-29 17:25:54,999:INFO:               fugue: Not installed
2026-01-29 17:25:54,999:INFO:           streamlit: 1.53.1
2026-01-29 17:25:54,999:INFO:             prophet: Not installed
2026-01-29 17:25:54,999:INFO:None
2026-01-29 17:25:54,999:INFO:Set up data.
2026-01-29 17:25:55,003:INFO:Set up folding strategy.
2026-01-29 17:25:55,003:INFO:Set up train/test split.
2026-01-29 17:25:55,038:INFO:Set up index.
2026-01-29 17:25:55,038:INFO:Assigning column types.
2026-01-29 17:25:55,042:INFO:Engine successfully changes for model 'lr' to 'sklearn'.
2026-01-29 17:25:55,058:INFO:Engine for model 'knn' has not been set explicitly, hence returning None.
2026-01-29 17:25:55,058:INFO:Engine for model 'rbfsvm' has not been set explicitly, hence returning None.
2026-01-29 17:25:55,085:INFO:Soft dependency imported: xgboost: 3.1.3
2026-01-29 17:25:55,085:INFO:Soft dependency imported: catboost: 1.2.8
2026-01-29 17:25:55,121:INFO:Engine for model 'knn' has not been set explicitly, hence returning None.
2026-01-29 17:25:55,121:INFO:Engine for model 'rbfsvm' has not been set explicitly, hence returning None.
2026-01-29 17:25:55,137:INFO:Soft dependency imported: xgboost: 3.1.3
2026-01-29 17:25:55,137:INFO:Soft dependency imported: catboost: 1.2.8
2026-01-29 17:25:55,137:INFO:Engine successfully changes for model 'knn' to 'sklearn'.
2026-01-29 17:25:55,153:INFO:Engine for model 'rbfsvm' has not been set explicitly, hence returning None.
2026-01-29 17:25:55,169:INFO:Soft dependency imported: xgboost: 3.1.3
2026-01-29 17:25:55,169:INFO:Soft dependency imported: catboost: 1.2.8
2026-01-29 17:25:55,198:INFO:Engine for model 'rbfsvm' has not been set explicitly, hence returning None.
2026-01-29 17:25:55,221:INFO:Soft dependency imported: xgboost: 3.1.3
2026-01-29 17:25:55,223:INFO:Soft dependency imported: catboost: 1.2.8
2026-01-29 17:25:55,223:INFO:Engine successfully changes for model 'rbfsvm' to 'sklearn'.
2026-01-29 17:25:55,260:INFO:Soft dependency imported: xgboost: 3.1.3
2026-01-29 17:25:55,260:INFO:Soft dependency imported: catboost: 1.2.8
2026-01-29 17:25:55,306:INFO:Soft dependency imported: xgboost: 3.1.3
2026-01-29 17:25:55,309:INFO:Soft dependency imported: catboost: 1.2.8
2026-01-29 17:25:55,309:INFO:Preparing preprocessing pipeline...
2026-01-29 17:25:55,311:INFO:Set up simple imputation.
2026-01-29 17:25:55,313:INFO:Set up encoding of ordinal features.
2026-01-29 17:25:55,313:INFO:Set up encoding of categorical features.
2026-01-29 17:25:55,313:INFO:Set up removing multicollinearity.
2026-01-29 17:25:55,313:INFO:Set up imbalanced handling.
2026-01-29 17:25:55,313:INFO:Set up feature normalization.
2026-01-29 17:25:55,370:INFO:Finished creating preprocessing pipeline.
2026-01-29 17:25:55,370:INFO:Pipeline: Pipeline(memory=FastMemory(location=C:\Users\RAJEEV~1\AppData\Local\Temp\joblib),
         steps=[('numerical_imputer',
                 TransformerWrapper(exclude=None,
                                    include=['credit_score', 'age', 'tenure',
                                             'balance', 'products_number',
                                             'credit_card', 'active_member',
                                             'estimated_salary'],
                                    transformer=SimpleImputer(add_indicator=False,
                                                              copy=True,
                                                              fill_value=None,
                                                              keep_empty_features=...
                                    transformer=RemoveMulticollinearity(threshold=0.9))),
                ('balance',
                 TransformerWrapper(exclude=None, include=None,
                                    transformer=FixImbalancer(estimator=SMOTE(k_neighbors=5,
                                                                              random_state=42,
                                                                              sampling_strategy='auto')))),
                ('normalize',
                 TransformerWrapper(exclude=None, include=None,
                                    transformer=StandardScaler(copy=True,
                                                               with_mean=True,
                                                               with_std=True)))],
         verbose=False)
2026-01-29 17:25:55,370:INFO:Creating final display dataframe.
2026-01-29 17:25:55,511:INFO:Setup _display_container:                     Description             Value
0                    Session id                42
1                        Target             churn
2                   Target type            Binary
3           Original data shape       (10000, 10)
4        Transformed data shape       (14148, 10)
5   Transformed train set shape       (11148, 10)
6    Transformed test set shape        (3000, 10)
7              Numeric features                 8
8          Categorical features                 1
9                    Preprocess              True
10              Imputation type            simple
11           Numeric imputation              mean
12       Categorical imputation              mode
13     Maximum one-hot encoding                25
14              Encoding method              None
15     Remove multicollinearity              True
16  Multicollinearity threshold               0.9
17                Fix imbalance              True
18         Fix imbalance method             SMOTE
19                    Normalize              True
20             Normalize method            zscore
21               Fold Generator   StratifiedKFold
22                  Fold Number                10
23                     CPU Jobs                -1
24                      Use GPU             False
25               Log Experiment             False
26              Experiment Name  clf-default-name
27                          USI              7ccc
2026-01-29 17:25:55,542:INFO:Soft dependency imported: xgboost: 3.1.3
2026-01-29 17:25:55,542:INFO:Soft dependency imported: catboost: 1.2.8
2026-01-29 17:25:55,594:INFO:Soft dependency imported: xgboost: 3.1.3
2026-01-29 17:25:55,595:INFO:Soft dependency imported: catboost: 1.2.8
2026-01-29 17:25:55,596:INFO:setup() successfully completed in 0.66s...............
2026-01-29 17:25:55,596:INFO:Initializing create_model()
2026-01-29 17:25:55,596:INFO:create_model(self=<pycaret.classification.oop.ClassificationExperiment object at 0x0000020FAA31C690>, estimator=catboost, fold=None, round=4, cross_validation=True, predict=True, fit_kwargs=None, groups=None, refit=True, probability_threshold=None, experiment_custom_tags=None, verbose=True, system=True, add_to_model_list=True, metrics=None, display=None, model_only=True, return_train_score=False, error_score=0.0, kwargs={})
2026-01-29 17:25:55,596:INFO:Checking exceptions
2026-01-29 17:25:55,598:INFO:Importing libraries
2026-01-29 17:25:55,598:INFO:Copying training dataset
2026-01-29 17:25:55,600:INFO:Defining folds
2026-01-29 17:25:55,600:INFO:Declaring metric variables
2026-01-29 17:25:55,600:INFO:Importing untrained model
2026-01-29 17:25:55,600:INFO:CatBoost Classifier Imported successfully
2026-01-29 17:25:55,600:INFO:Starting cross validation
2026-01-29 17:25:55,600:INFO:Cross validating with StratifiedKFold(n_splits=10, random_state=None, shuffle=False), n_jobs=-1
2026-01-29 17:26:13,514:INFO:Calculating mean and std
2026-01-29 17:26:13,514:INFO:Creating metrics dataframe
2026-01-29 17:26:13,516:INFO:Finalizing model
2026-01-29 17:26:18,129:INFO:Uploading results into container
2026-01-29 17:26:18,129:INFO:Uploading model into container now
2026-01-29 17:26:18,129:INFO:_master_model_container: 1
2026-01-29 17:26:18,129:INFO:_display_container: 2
2026-01-29 17:26:18,129:INFO:<catboost.core.CatBoostClassifier object at 0x0000020FAABEAC50>
2026-01-29 17:26:18,129:INFO:create_model() successfully completed......................................
2026-01-29 17:26:18,190:INFO:Initializing tune_model()
2026-01-29 17:26:18,190:INFO:tune_model(self=<pycaret.classification.oop.ClassificationExperiment object at 0x0000020FAA31C690>, estimator=<catboost.core.CatBoostClassifier object at 0x0000020FAABEAC50>, fold=None, round=4, n_iter=50, custom_grid={'iterations': [200, 400], 'learning_rate': [0.01, 0.05, 0.1], 'depth': [4, 6, 8], 'scale_pos_weight': [1, 3, 4]}, optimize=F1, custom_scorer=None, search_library=scikit-learn, search_algorithm=None, early_stopping=False, early_stopping_max_iters=10, choose_better=True, fit_kwargs=None, groups=None, return_tuner=False, verbose=True, tuner_verbose=True, return_train_score=False, kwargs={})
2026-01-29 17:26:18,190:INFO:Checking exceptions
2026-01-29 17:26:18,190:INFO:Copying training dataset
2026-01-29 17:26:18,206:INFO:Checking base model
2026-01-29 17:26:18,206:INFO:Base model : CatBoost Classifier
2026-01-29 17:26:18,206:INFO:Declaring metric variables
2026-01-29 17:26:18,206:INFO:Defining Hyperparameters
2026-01-29 17:26:18,258:INFO:custom_grid: {'actual_estimator__iterations': [200, 400], 'actual_estimator__learning_rate': [0.01, 0.05, 0.1], 'actual_estimator__depth': [4, 6, 8], 'actual_estimator__scale_pos_weight': [1, 3, 4]}
2026-01-29 17:26:18,258:INFO:Tuning with n_jobs=-1
2026-01-29 17:26:18,258:INFO:Initializing RandomizedSearchCV
2026-01-29 17:31:27,061:INFO:best_params: {'actual_estimator__scale_pos_weight': 3, 'actual_estimator__learning_rate': 0.1, 'actual_estimator__iterations': 400, 'actual_estimator__depth': 4}
2026-01-29 17:31:27,061:INFO:Hyperparameter search completed
2026-01-29 17:31:27,061:INFO:SubProcess create_model() called ==================================
2026-01-29 17:31:27,061:INFO:Initializing create_model()
2026-01-29 17:31:27,061:INFO:create_model(self=<pycaret.classification.oop.ClassificationExperiment object at 0x0000020FAA31C690>, estimator=<catboost.core.CatBoostClassifier object at 0x0000020FAABFD110>, fold=StratifiedKFold(n_splits=10, random_state=None, shuffle=False), round=4, cross_validation=True, predict=True, fit_kwargs={}, groups=None, refit=True, probability_threshold=None, experiment_custom_tags=None, verbose=True, system=False, add_to_model_list=True, metrics=None, display=<pycaret.internal.display.display.CommonDisplay object at 0x0000020FAABFFB90>, model_only=True, return_train_score=False, error_score=0.0, kwargs={'scale_pos_weight': 3, 'learning_rate': 0.1, 'iterations': 400, 'depth': 4})
2026-01-29 17:31:27,061:INFO:Checking exceptions
2026-01-29 17:31:27,061:INFO:Importing libraries
2026-01-29 17:31:27,061:INFO:Copying training dataset
2026-01-29 17:31:27,061:INFO:Defining folds
2026-01-29 17:31:27,061:INFO:Declaring metric variables
2026-01-29 17:31:27,061:INFO:Importing untrained model
2026-01-29 17:31:27,061:INFO:Declaring custom model
2026-01-29 17:31:27,061:INFO:CatBoost Classifier Imported successfully
2026-01-29 17:31:27,061:INFO:Starting cross validation
2026-01-29 17:31:27,069:INFO:Cross validating with StratifiedKFold(n_splits=10, random_state=None, shuffle=False), n_jobs=-1
2026-01-29 17:31:31,693:INFO:Calculating mean and std
2026-01-29 17:31:31,693:INFO:Creating metrics dataframe
2026-01-29 17:31:31,695:INFO:Finalizing model
2026-01-29 17:31:33,162:INFO:Uploading results into container
2026-01-29 17:31:33,162:INFO:Uploading model into container now
2026-01-29 17:31:33,162:INFO:_master_model_container: 2
2026-01-29 17:31:33,162:INFO:_display_container: 3
2026-01-29 17:31:33,162:INFO:<catboost.core.CatBoostClassifier object at 0x0000020FAA57DED0>
2026-01-29 17:31:33,162:INFO:create_model() successfully completed......................................
2026-01-29 17:31:33,239:INFO:SubProcess create_model() end ==================================
2026-01-29 17:31:33,239:INFO:choose_better activated
2026-01-29 17:31:33,239:INFO:SubProcess create_model() called ==================================
2026-01-29 17:31:33,240:INFO:Initializing create_model()
2026-01-29 17:31:33,240:INFO:create_model(self=<pycaret.classification.oop.ClassificationExperiment object at 0x0000020FAA31C690>, estimator=<catboost.core.CatBoostClassifier object at 0x0000020FAABEAC50>, fold=StratifiedKFold(n_splits=10, random_state=None, shuffle=False), round=4, cross_validation=True, predict=True, fit_kwargs={}, groups=None, refit=True, probability_threshold=None, experiment_custom_tags=None, verbose=False, system=False, add_to_model_list=True, metrics=None, display=None, model_only=True, return_train_score=False, error_score=0.0, kwargs={})
2026-01-29 17:31:33,240:INFO:Checking exceptions
2026-01-29 17:31:33,240:INFO:Importing libraries
2026-01-29 17:31:33,240:INFO:Copying training dataset
2026-01-29 17:31:33,243:INFO:Defining folds
2026-01-29 17:31:33,243:INFO:Declaring metric variables
2026-01-29 17:31:33,243:INFO:Importing untrained model
2026-01-29 17:31:33,243:INFO:Declaring custom model
2026-01-29 17:31:33,244:INFO:CatBoost Classifier Imported successfully
2026-01-29 17:31:33,244:INFO:Starting cross validation
2026-01-29 17:31:33,244:INFO:Cross validating with StratifiedKFold(n_splits=10, random_state=None, shuffle=False), n_jobs=-1
2026-01-29 17:31:47,879:INFO:Calculating mean and std
2026-01-29 17:31:47,879:INFO:Creating metrics dataframe
2026-01-29 17:31:47,879:INFO:Finalizing model
2026-01-29 17:31:52,306:INFO:Uploading results into container
2026-01-29 17:31:52,306:INFO:Uploading model into container now
2026-01-29 17:31:52,306:INFO:_master_model_container: 3
2026-01-29 17:31:52,306:INFO:_display_container: 4
2026-01-29 17:31:52,306:INFO:<catboost.core.CatBoostClassifier object at 0x0000020FAA4CBE50>
2026-01-29 17:31:52,306:INFO:create_model() successfully completed......................................
2026-01-29 17:31:52,369:INFO:SubProcess create_model() end ==================================
2026-01-29 17:31:52,369:INFO:<catboost.core.CatBoostClassifier object at 0x0000020FAA4CBE50> result for F1 is 0.5495
2026-01-29 17:31:52,369:INFO:<catboost.core.CatBoostClassifier object at 0x0000020FAA57DED0> result for F1 is 0.5761
2026-01-29 17:31:52,369:INFO:<catboost.core.CatBoostClassifier object at 0x0000020FAA57DED0> is best model
2026-01-29 17:31:52,369:INFO:choose_better completed
2026-01-29 17:31:52,375:INFO:_master_model_container: 3
2026-01-29 17:31:52,375:INFO:_display_container: 3
2026-01-29 17:31:52,375:INFO:<catboost.core.CatBoostClassifier object at 0x0000020FAA57DED0>
2026-01-29 17:31:52,375:INFO:tune_model() successfully completed......................................
2026-01-29 17:31:52,433:INFO:Initializing finalize_model()
2026-01-29 17:31:52,433:INFO:finalize_model(self=<pycaret.classification.oop.ClassificationExperiment object at 0x0000020FAA31C690>, estimator=<catboost.core.CatBoostClassifier object at 0x0000020FAA57DED0>, fit_kwargs=None, groups=None, model_only=False, experiment_custom_tags=None)
2026-01-29 17:31:52,433:INFO:Finalizing <catboost.core.CatBoostClassifier object at 0x0000020FAA57DED0>
2026-01-29 17:31:52,438:INFO:Initializing create_model()
2026-01-29 17:31:52,438:INFO:create_model(self=<pycaret.classification.oop.ClassificationExperiment object at 0x0000020FAA31C690>, estimator=<catboost.core.CatBoostClassifier object at 0x0000020FAA57DED0>, fold=None, round=4, cross_validation=False, predict=False, fit_kwargs={}, groups=None, refit=True, probability_threshold=None, experiment_custom_tags=None, verbose=False, system=False, add_to_model_list=False, metrics=None, display=None, model_only=False, return_train_score=False, error_score=0.0, kwargs={})
2026-01-29 17:31:52,438:INFO:Checking exceptions
2026-01-29 17:31:52,438:INFO:Importing libraries
2026-01-29 17:31:52,438:INFO:Copying training dataset
2026-01-29 17:31:52,438:INFO:Defining folds
2026-01-29 17:31:52,438:INFO:Declaring metric variables
2026-01-29 17:31:52,438:INFO:Importing untrained model
2026-01-29 17:31:52,438:INFO:Declaring custom model
2026-01-29 17:31:52,440:INFO:CatBoost Classifier Imported successfully
2026-01-29 17:31:52,440:INFO:Cross validation set to False
2026-01-29 17:31:52,440:INFO:Fitting Model
2026-01-29 17:31:54,068:INFO:Pipeline(memory=Memory(location=None),
         steps=[('numerical_imputer',
                 TransformerWrapper(exclude=None,
                                    include=['credit_score', 'age', 'tenure',
                                             'balance', 'products_number',
                                             'credit_card', 'active_member',
                                             'estimated_salary'],
                                    transformer=SimpleImputer(add_indicator=False,
                                                              copy=True,
                                                              fill_value=None,
                                                              keep_empty_features=False,
                                                              missing_values=nan,
                                                              strategy='mean')))...
                 TransformerWrapper(exclude=None, include=None,
                                    transformer=FixImbalancer(estimator=SMOTE(k_neighbors=5,
                                                                              random_state=42,
                                                                              sampling_strategy='auto')))),
                ('normalize',
                 TransformerWrapper(exclude=None, include=None,
                                    transformer=StandardScaler(copy=True,
                                                               with_mean=True,
                                                               with_std=True))),
                ('actual_estimator',
                 <catboost.core.CatBoostClassifier object at 0x0000020FAAC1CA90>)],
         verbose=False)
2026-01-29 17:31:54,068:INFO:create_model() successfully completed......................................
2026-01-29 17:31:54,132:INFO:_master_model_container: 3
2026-01-29 17:31:54,132:INFO:_display_container: 3
2026-01-29 17:31:54,148:INFO:Pipeline(memory=Memory(location=None),
         steps=[('numerical_imputer',
                 TransformerWrapper(exclude=None,
                                    include=['credit_score', 'age', 'tenure',
                                             'balance', 'products_number',
                                             'credit_card', 'active_member',
                                             'estimated_salary'],
                                    transformer=SimpleImputer(add_indicator=False,
                                                              copy=True,
                                                              fill_value=None,
                                                              keep_empty_features=False,
                                                              missing_values=nan,
                                                              strategy='mean')))...
                 TransformerWrapper(exclude=None, include=None,
                                    transformer=FixImbalancer(estimator=SMOTE(k_neighbors=5,
                                                                              random_state=42,
                                                                              sampling_strategy='auto')))),
                ('normalize',
                 TransformerWrapper(exclude=None, include=None,
                                    transformer=StandardScaler(copy=True,
                                                               with_mean=True,
                                                               with_std=True))),
                ('actual_estimator',
                 <catboost.core.CatBoostClassifier object at 0x0000020FAAC1CA90>)],
         verbose=False)
2026-01-29 17:31:54,148:INFO:finalize_model() successfully completed......................................
2026-01-29 17:31:54,222:INFO:Initializing save_model()
2026-01-29 17:31:54,222:INFO:save_model(model=Pipeline(memory=Memory(location=None),
         steps=[('numerical_imputer',
                 TransformerWrapper(exclude=None,
                                    include=['credit_score', 'age', 'tenure',
                                             'balance', 'products_number',
                                             'credit_card', 'active_member',
                                             'estimated_salary'],
                                    transformer=SimpleImputer(add_indicator=False,
                                                              copy=True,
                                                              fill_value=None,
                                                              keep_empty_features=False,
                                                              missing_values=nan,
                                                              strategy='mean')))...
                 TransformerWrapper(exclude=None, include=None,
                                    transformer=FixImbalancer(estimator=SMOTE(k_neighbors=5,
                                                                              random_state=42,
                                                                              sampling_strategy='auto')))),
                ('normalize',
                 TransformerWrapper(exclude=None, include=None,
                                    transformer=StandardScaler(copy=True,
                                                               with_mean=True,
                                                               with_std=True))),
                ('actual_estimator',
                 <catboost.core.CatBoostClassifier object at 0x0000020FAAC1CA90>)],
         verbose=False), model_name=models/catboost_classifier_model, prep_pipe_=Pipeline(memory=FastMemory(location=C:\Users\RAJEEV~1\AppData\Local\Temp\joblib),
         steps=[('numerical_imputer',
                 TransformerWrapper(exclude=None,
                                    include=['credit_score', 'age', 'tenure',
                                             'balance', 'products_number',
                                             'credit_card', 'active_member',
                                             'estimated_salary'],
                                    transformer=SimpleImputer(add_indicator=False,
                                                              copy=True,
                                                              fill_value=None,
                                                              keep_empty_features=...
                                    transformer=RemoveMulticollinearity(threshold=0.9))),
                ('balance',
                 TransformerWrapper(exclude=None, include=None,
                                    transformer=FixImbalancer(estimator=SMOTE(k_neighbors=5,
                                                                              random_state=42,
                                                                              sampling_strategy='auto')))),
                ('normalize',
                 TransformerWrapper(exclude=None, include=None,
                                    transformer=StandardScaler(copy=True,
                                                               with_mean=True,
                                                               with_std=True)))],
         verbose=False), verbose=True, use_case=MLUsecase.CLASSIFICATION, kwargs={})
2026-01-29 17:31:54,222:INFO:Adding model into prep_pipe
2026-01-29 17:31:54,222:WARNING:Only Model saved as it was a pipeline.
2026-01-29 17:31:54,222:INFO:models/catboost_classifier_model.pkl saved in current working directory
2026-01-29 17:31:54,240:INFO:Pipeline(memory=Memory(location=None),
         steps=[('numerical_imputer',
                 TransformerWrapper(exclude=None,
                                    include=['credit_score', 'age', 'tenure',
                                             'balance', 'products_number',
                                             'credit_card', 'active_member',
                                             'estimated_salary'],
                                    transformer=SimpleImputer(add_indicator=False,
                                                              copy=True,
                                                              fill_value=None,
                                                              keep_empty_features=False,
                                                              missing_values=nan,
                                                              strategy='mean')))...
                 TransformerWrapper(exclude=None, include=None,
                                    transformer=FixImbalancer(estimator=SMOTE(k_neighbors=5,
                                                                              random_state=42,
                                                                              sampling_strategy='auto')))),
                ('normalize',
                 TransformerWrapper(exclude=None, include=None,
                                    transformer=StandardScaler(copy=True,
                                                               with_mean=True,
                                                               with_std=True))),
                ('actual_estimator',
                 <catboost.core.CatBoostClassifier object at 0x0000020FAAC1CA90>)],
         verbose=False)
2026-01-29 17:31:54,240:INFO:save_model() successfully completed......................................
2026-01-29 17:36:16,671:WARNING:
'cuml' is a soft dependency and not included in the pycaret installation. Please run: `pip install cuml` to install.
2026-01-29 17:36:16,671:WARNING:
'cuml' is a soft dependency and not included in the pycaret installation. Please run: `pip install cuml` to install.
2026-01-29 17:36:16,671:WARNING:
'cuml' is a soft dependency and not included in the pycaret installation. Please run: `pip install cuml` to install.
2026-01-29 17:36:16,671:WARNING:
'cuml' is a soft dependency and not included in the pycaret installation. Please run: `pip install cuml` to install.
2026-01-29 17:36:17,508:INFO:PyCaret ClassificationExperiment
2026-01-29 17:36:17,508:INFO:Logging name: clf-default-name
2026-01-29 17:36:17,508:INFO:ML Usecase: MLUsecase.CLASSIFICATION
2026-01-29 17:36:17,508:INFO:version 3.3.2
2026-01-29 17:36:17,508:INFO:Initializing setup()
2026-01-29 17:36:17,508:INFO:self.USI: ad8b
2026-01-29 17:36:17,508:INFO:self._variable_keys: {'y_train', 'X', 'data', 'exp_name_log', 'target_param', 'y', 'X_test', 'pipeline', 'log_plots_param', 'exp_id', 'html_param', 'is_multiclass', 'fold_shuffle_param', 'y_test', 'fix_imbalance', 'memory', 'X_train', 'n_jobs_param', 'seed', '_available_plots', '_ml_usecase', 'idx', 'fold_generator', 'fold_groups_param', 'USI', 'logging_param', 'gpu_param', 'gpu_n_jobs_param'}
2026-01-29 17:36:17,508:INFO:Checking environment
2026-01-29 17:36:17,508:INFO:python_version: 3.11.9
2026-01-29 17:36:17,508:INFO:python_build: ('tags/v3.11.9:de54cf5', 'Apr  2 2024 10:12:12')
2026-01-29 17:36:17,508:INFO:machine: AMD64
2026-01-29 17:36:17,521:INFO:platform: Windows-10-10.0.26200-SP0
2026-01-29 17:36:17,521:INFO:Memory: svmem(total=16779837440, available=6967865344, percent=58.5, used=9811972096, free=6967865344)
2026-01-29 17:36:17,521:INFO:Physical Core: 12
2026-01-29 17:36:17,522:INFO:Logical Core: 16
2026-01-29 17:36:17,522:INFO:Checking libraries
2026-01-29 17:36:17,522:INFO:System:
2026-01-29 17:36:17,522:INFO:    python: 3.11.9 (tags/v3.11.9:de54cf5, Apr  2 2024, 10:12:12) [MSC v.1938 64 bit (AMD64)]
2026-01-29 17:36:17,522:INFO:executable: C:\Users\Rajeev kumar\Desktop\Bank customer churn prediction\venv\Scripts\python.exe
2026-01-29 17:36:17,522:INFO:   machine: Windows-10-10.0.26200-SP0
2026-01-29 17:36:17,522:INFO:PyCaret required dependencies:
2026-01-29 17:36:17,547:INFO:                 pip: 24.0
2026-01-29 17:36:17,547:INFO:          setuptools: 65.5.0
2026-01-29 17:36:17,547:INFO:             pycaret: 3.3.2
2026-01-29 17:36:17,547:INFO:             IPython: 9.9.0
2026-01-29 17:36:17,547:INFO:          ipywidgets: 8.1.8
2026-01-29 17:36:17,547:INFO:                tqdm: 4.67.1
2026-01-29 17:36:17,547:INFO:               numpy: 1.26.4
2026-01-29 17:36:17,547:INFO:              pandas: 2.1.4
2026-01-29 17:36:17,547:INFO:              jinja2: 3.1.6
2026-01-29 17:36:17,547:INFO:               scipy: 1.11.4
2026-01-29 17:36:17,548:INFO:              joblib: 1.3.2
2026-01-29 17:36:17,548:INFO:             sklearn: 1.4.2
2026-01-29 17:36:17,548:INFO:                pyod: 2.0.6
2026-01-29 17:36:17,548:INFO:            imblearn: 0.14.1
2026-01-29 17:36:17,548:INFO:   category_encoders: 2.7.0
2026-01-29 17:36:17,548:INFO:            lightgbm: 4.6.0
2026-01-29 17:36:17,548:INFO:               numba: 0.63.1
2026-01-29 17:36:17,548:INFO:            requests: 2.32.5
2026-01-29 17:36:17,548:INFO:          matplotlib: 3.7.5
2026-01-29 17:36:17,548:INFO:          scikitplot: 0.3.7
2026-01-29 17:36:17,548:INFO:         yellowbrick: 1.5
2026-01-29 17:36:17,548:INFO:              plotly: 6.5.2
2026-01-29 17:36:17,548:INFO:    plotly-resampler: Not installed
2026-01-29 17:36:17,548:INFO:             kaleido: 1.2.0
2026-01-29 17:36:17,548:INFO:           schemdraw: 0.15
2026-01-29 17:36:17,548:INFO:         statsmodels: 0.14.6
2026-01-29 17:36:17,548:INFO:              sktime: 0.26.0
2026-01-29 17:36:17,548:INFO:               tbats: 1.1.3
2026-01-29 17:36:17,548:INFO:            pmdarima: 2.0.4
2026-01-29 17:36:17,548:INFO:              psutil: 7.2.1
2026-01-29 17:36:17,548:INFO:          markupsafe: 3.0.3
2026-01-29 17:36:17,548:INFO:             pickle5: Not installed
2026-01-29 17:36:17,548:INFO:         cloudpickle: 3.1.2
2026-01-29 17:36:17,548:INFO:         deprecation: 2.1.0
2026-01-29 17:36:17,548:INFO:              xxhash: 3.6.0
2026-01-29 17:36:17,548:INFO:           wurlitzer: Not installed
2026-01-29 17:36:17,548:INFO:PyCaret optional dependencies:
2026-01-29 17:36:17,564:INFO:                shap: 0.49.1
2026-01-29 17:36:17,564:INFO:           interpret: Not installed
2026-01-29 17:36:17,564:INFO:                umap: Not installed
2026-01-29 17:36:17,564:INFO:     ydata_profiling: Not installed
2026-01-29 17:36:17,564:INFO:  explainerdashboard: Not installed
2026-01-29 17:36:17,564:INFO:             autoviz: Not installed
2026-01-29 17:36:17,564:INFO:           fairlearn: Not installed
2026-01-29 17:36:17,564:INFO:          deepchecks: Not installed
2026-01-29 17:36:17,564:INFO:             xgboost: 3.1.3
2026-01-29 17:36:17,564:INFO:            catboost: 1.2.8
2026-01-29 17:36:17,564:INFO:              kmodes: Not installed
2026-01-29 17:36:17,564:INFO:             mlxtend: Not installed
2026-01-29 17:36:17,564:INFO:       statsforecast: Not installed
2026-01-29 17:36:17,564:INFO:        tune_sklearn: Not installed
2026-01-29 17:36:17,564:INFO:                 ray: Not installed
2026-01-29 17:36:17,564:INFO:            hyperopt: Not installed
2026-01-29 17:36:17,564:INFO:              optuna: Not installed
2026-01-29 17:36:17,564:INFO:               skopt: Not installed
2026-01-29 17:36:17,564:INFO:              mlflow: Not installed
2026-01-29 17:36:17,564:INFO:              gradio: Not installed
2026-01-29 17:36:17,564:INFO:             fastapi: Not installed
2026-01-29 17:36:17,564:INFO:             uvicorn: Not installed
2026-01-29 17:36:17,564:INFO:              m2cgen: Not installed
2026-01-29 17:36:17,564:INFO:           evidently: Not installed
2026-01-29 17:36:17,564:INFO:               fugue: Not installed
2026-01-29 17:36:17,564:INFO:           streamlit: 1.53.1
2026-01-29 17:36:17,564:INFO:             prophet: Not installed
2026-01-29 17:36:17,564:INFO:None
2026-01-29 17:36:17,564:INFO:Set up data.
2026-01-29 17:36:17,564:INFO:Set up folding strategy.
2026-01-29 17:36:17,564:INFO:Set up train/test split.
2026-01-29 17:36:17,564:INFO:Set up index.
2026-01-29 17:36:17,564:INFO:Assigning column types.
2026-01-29 17:36:17,583:INFO:Engine successfully changes for model 'lr' to 'sklearn'.
2026-01-29 17:36:17,607:INFO:Engine for model 'knn' has not been set explicitly, hence returning None.
2026-01-29 17:36:17,609:INFO:Engine for model 'rbfsvm' has not been set explicitly, hence returning None.
2026-01-29 17:36:17,621:INFO:Soft dependency imported: xgboost: 3.1.3
2026-01-29 17:36:17,621:INFO:Soft dependency imported: catboost: 1.2.8
2026-01-29 17:36:17,668:INFO:Engine for model 'knn' has not been set explicitly, hence returning None.
2026-01-29 17:36:17,668:INFO:Engine for model 'rbfsvm' has not been set explicitly, hence returning None.
2026-01-29 17:36:17,684:INFO:Soft dependency imported: xgboost: 3.1.3
2026-01-29 17:36:17,684:INFO:Soft dependency imported: catboost: 1.2.8
2026-01-29 17:36:17,684:INFO:Engine successfully changes for model 'knn' to 'sklearn'.
2026-01-29 17:36:17,716:INFO:Engine for model 'rbfsvm' has not been set explicitly, hence returning None.
2026-01-29 17:36:17,737:INFO:Soft dependency imported: xgboost: 3.1.3
2026-01-29 17:36:17,739:INFO:Soft dependency imported: catboost: 1.2.8
2026-01-29 17:36:17,764:INFO:Engine for model 'rbfsvm' has not been set explicitly, hence returning None.
2026-01-29 17:36:17,780:INFO:Soft dependency imported: xgboost: 3.1.3
2026-01-29 17:36:17,784:INFO:Soft dependency imported: catboost: 1.2.8
2026-01-29 17:36:17,785:INFO:Engine successfully changes for model 'rbfsvm' to 'sklearn'.
2026-01-29 17:36:17,822:INFO:Soft dependency imported: xgboost: 3.1.3
2026-01-29 17:36:17,822:INFO:Soft dependency imported: catboost: 1.2.8
2026-01-29 17:36:17,871:INFO:Soft dependency imported: xgboost: 3.1.3
2026-01-29 17:36:17,876:INFO:Soft dependency imported: catboost: 1.2.8
2026-01-29 17:36:17,876:INFO:Preparing preprocessing pipeline...
2026-01-29 17:36:17,878:INFO:Set up simple imputation.
2026-01-29 17:36:17,878:INFO:Set up removing multicollinearity.
2026-01-29 17:36:17,878:INFO:Set up imbalanced handling.
2026-01-29 17:36:17,878:INFO:Set up feature normalization.
2026-01-29 17:36:17,933:INFO:Finished creating preprocessing pipeline.
2026-01-29 17:36:17,947:INFO:Pipeline: Pipeline(memory=FastMemory(location=C:\Users\RAJEEV~1\AppData\Local\Temp\joblib),
         steps=[('numerical_imputer',
                 TransformerWrapper(exclude=None,
                                    include=['credit_score', 'country',
                                             'gender', 'age', 'tenure',
                                             'balance', 'products_number',
                                             'credit_card', 'active_member',
                                             'estimated_salary',
                                             'balance_salary_ratio',
                                             'tenure_age_ratio',
                                             'credit_score_age_ratio',
                                             'balanc...
                                    transformer=RemoveMulticollinearity(threshold=0.9))),
                ('balance',
                 TransformerWrapper(exclude=None, include=None,
                                    transformer=FixImbalancer(estimator=SMOTE(k_neighbors=5,
                                                                              random_state=42,
                                                                              sampling_strategy='auto')))),
                ('normalize',
                 TransformerWrapper(exclude=None, include=None,
                                    transformer=StandardScaler(copy=True,
                                                               with_mean=True,
                                                               with_std=True)))],
         verbose=False)
2026-01-29 17:36:17,947:INFO:Creating final display dataframe.
2026-01-29 17:36:18,084:INFO:Setup _display_container:                     Description             Value
0                    Session id                42
1                        Target             churn
2                   Target type            Binary
3           Original data shape       (10000, 16)
4        Transformed data shape       (14148, 15)
5   Transformed train set shape       (11148, 15)
6    Transformed test set shape        (3000, 15)
7              Numeric features                15
8                    Preprocess              True
9               Imputation type            simple
10           Numeric imputation              mean
11       Categorical imputation              mode
12     Remove multicollinearity              True
13  Multicollinearity threshold               0.9
14                Fix imbalance              True
15         Fix imbalance method             SMOTE
16                    Normalize              True
17             Normalize method            zscore
18               Fold Generator   StratifiedKFold
19                  Fold Number                10
20                     CPU Jobs                -1
21                      Use GPU             False
22               Log Experiment             False
23              Experiment Name  clf-default-name
24                          USI              ad8b
2026-01-29 17:36:18,112:INFO:Soft dependency imported: xgboost: 3.1.3
2026-01-29 17:36:18,128:INFO:Soft dependency imported: catboost: 1.2.8
2026-01-29 17:36:18,171:INFO:Soft dependency imported: xgboost: 3.1.3
2026-01-29 17:36:18,171:INFO:Soft dependency imported: catboost: 1.2.8
2026-01-29 17:36:18,173:INFO:setup() successfully completed in 0.67s...............
2026-01-29 17:36:18,173:INFO:Initializing create_model()
2026-01-29 17:36:18,173:INFO:create_model(self=<pycaret.classification.oop.ClassificationExperiment object at 0x0000017CB0A1D1D0>, estimator=catboost, fold=None, round=4, cross_validation=True, predict=True, fit_kwargs=None, groups=None, refit=True, probability_threshold=None, experiment_custom_tags=None, verbose=True, system=True, add_to_model_list=True, metrics=None, display=None, model_only=True, return_train_score=False, error_score=0.0, kwargs={})
2026-01-29 17:36:18,173:INFO:Checking exceptions
2026-01-29 17:36:18,173:INFO:Importing libraries
2026-01-29 17:36:18,173:INFO:Copying training dataset
2026-01-29 17:36:18,173:INFO:Defining folds
2026-01-29 17:36:18,173:INFO:Declaring metric variables
2026-01-29 17:36:18,173:INFO:Importing untrained model
2026-01-29 17:36:18,173:INFO:CatBoost Classifier Imported successfully
2026-01-29 17:36:18,173:INFO:Starting cross validation
2026-01-29 17:36:18,173:INFO:Cross validating with StratifiedKFold(n_splits=10, random_state=None, shuffle=False), n_jobs=-1
2026-01-29 17:36:38,646:INFO:Calculating mean and std
2026-01-29 17:36:38,646:INFO:Creating metrics dataframe
2026-01-29 17:36:38,646:INFO:Finalizing model
2026-01-29 17:36:43,491:INFO:Uploading results into container
2026-01-29 17:36:43,491:INFO:Uploading model into container now
2026-01-29 17:36:43,499:INFO:_master_model_container: 1
2026-01-29 17:36:43,499:INFO:_display_container: 2
2026-01-29 17:36:43,499:INFO:<catboost.core.CatBoostClassifier object at 0x0000017CB0FE3590>
2026-01-29 17:36:43,499:INFO:create_model() successfully completed......................................
2026-01-29 17:36:43,547:INFO:Initializing tune_model()
2026-01-29 17:36:43,547:INFO:tune_model(self=<pycaret.classification.oop.ClassificationExperiment object at 0x0000017CB0A1D1D0>, estimator=<catboost.core.CatBoostClassifier object at 0x0000017CB0FE3590>, fold=None, round=4, n_iter=50, custom_grid={'iterations': [200, 400], 'learning_rate': [0.01, 0.05, 0.1], 'depth': [4, 6, 8], 'scale_pos_weight': [1, 3, 4]}, optimize=F1, custom_scorer=None, search_library=scikit-learn, search_algorithm=None, early_stopping=False, early_stopping_max_iters=10, choose_better=True, fit_kwargs=None, groups=None, return_tuner=False, verbose=True, tuner_verbose=True, return_train_score=False, kwargs={})
2026-01-29 17:36:43,547:INFO:Checking exceptions
2026-01-29 17:36:43,561:INFO:Copying training dataset
2026-01-29 17:36:43,561:INFO:Checking base model
2026-01-29 17:36:43,561:INFO:Base model : CatBoost Classifier
2026-01-29 17:36:43,561:INFO:Declaring metric variables
2026-01-29 17:36:43,561:INFO:Defining Hyperparameters
2026-01-29 17:36:43,624:INFO:custom_grid: {'actual_estimator__iterations': [200, 400], 'actual_estimator__learning_rate': [0.01, 0.05, 0.1], 'actual_estimator__depth': [4, 6, 8], 'actual_estimator__scale_pos_weight': [1, 3, 4]}
2026-01-29 17:36:43,624:INFO:Tuning with n_jobs=-1
2026-01-29 17:36:43,624:INFO:Initializing RandomizedSearchCV
2026-01-29 17:42:26,958:INFO:best_params: {'actual_estimator__scale_pos_weight': 1, 'actual_estimator__learning_rate': 0.05, 'actual_estimator__iterations': 200, 'actual_estimator__depth': 6}
2026-01-29 17:42:26,958:INFO:Hyperparameter search completed
2026-01-29 17:42:26,958:INFO:SubProcess create_model() called ==================================
2026-01-29 17:42:26,960:INFO:Initializing create_model()
2026-01-29 17:42:26,960:INFO:create_model(self=<pycaret.classification.oop.ClassificationExperiment object at 0x0000017CB0A1D1D0>, estimator=<catboost.core.CatBoostClassifier object at 0x0000017CB32E5250>, fold=StratifiedKFold(n_splits=10, random_state=None, shuffle=False), round=4, cross_validation=True, predict=True, fit_kwargs={}, groups=None, refit=True, probability_threshold=None, experiment_custom_tags=None, verbose=True, system=False, add_to_model_list=True, metrics=None, display=<pycaret.internal.display.display.CommonDisplay object at 0x0000017CB32E5950>, model_only=True, return_train_score=False, error_score=0.0, kwargs={'scale_pos_weight': 1, 'learning_rate': 0.05, 'iterations': 200, 'depth': 6})
2026-01-29 17:42:26,960:INFO:Checking exceptions
2026-01-29 17:42:26,960:INFO:Importing libraries
2026-01-29 17:42:26,960:INFO:Copying training dataset
2026-01-29 17:42:26,973:INFO:Defining folds
2026-01-29 17:42:26,973:INFO:Declaring metric variables
2026-01-29 17:42:26,973:INFO:Importing untrained model
2026-01-29 17:42:26,973:INFO:Declaring custom model
2026-01-29 17:42:26,973:INFO:CatBoost Classifier Imported successfully
2026-01-29 17:42:26,973:INFO:Starting cross validation
2026-01-29 17:42:26,975:INFO:Cross validating with StratifiedKFold(n_splits=10, random_state=None, shuffle=False), n_jobs=-1
2026-01-29 17:42:31,270:INFO:Calculating mean and std
2026-01-29 17:42:31,271:INFO:Creating metrics dataframe
2026-01-29 17:42:31,273:INFO:Finalizing model
2026-01-29 17:42:32,804:INFO:Uploading results into container
2026-01-29 17:42:32,805:INFO:Uploading model into container now
2026-01-29 17:42:32,805:INFO:_master_model_container: 2
2026-01-29 17:42:32,805:INFO:_display_container: 3
2026-01-29 17:42:32,805:INFO:<catboost.core.CatBoostClassifier object at 0x0000017CB32E7BD0>
2026-01-29 17:42:32,805:INFO:create_model() successfully completed......................................
2026-01-29 17:42:32,931:INFO:SubProcess create_model() end ==================================
2026-01-29 17:42:32,931:INFO:choose_better activated
2026-01-29 17:42:32,931:INFO:SubProcess create_model() called ==================================
2026-01-29 17:42:32,932:INFO:Initializing create_model()
2026-01-29 17:42:32,932:INFO:create_model(self=<pycaret.classification.oop.ClassificationExperiment object at 0x0000017CB0A1D1D0>, estimator=<catboost.core.CatBoostClassifier object at 0x0000017CB0FE3590>, fold=StratifiedKFold(n_splits=10, random_state=None, shuffle=False), round=4, cross_validation=True, predict=True, fit_kwargs={}, groups=None, refit=True, probability_threshold=None, experiment_custom_tags=None, verbose=False, system=False, add_to_model_list=True, metrics=None, display=None, model_only=True, return_train_score=False, error_score=0.0, kwargs={})
2026-01-29 17:42:32,932:INFO:Checking exceptions
2026-01-29 17:42:32,934:INFO:Importing libraries
2026-01-29 17:42:32,934:INFO:Copying training dataset
2026-01-29 17:42:32,943:INFO:Defining folds
2026-01-29 17:42:32,943:INFO:Declaring metric variables
2026-01-29 17:42:32,944:INFO:Importing untrained model
2026-01-29 17:42:32,944:INFO:Declaring custom model
2026-01-29 17:42:32,944:INFO:CatBoost Classifier Imported successfully
2026-01-29 17:42:32,944:INFO:Starting cross validation
2026-01-29 17:42:32,945:INFO:Cross validating with StratifiedKFold(n_splits=10, random_state=None, shuffle=False), n_jobs=-1
2026-01-29 17:42:51,167:INFO:Calculating mean and std
2026-01-29 17:42:51,167:INFO:Creating metrics dataframe
2026-01-29 17:42:51,169:INFO:Finalizing model
2026-01-29 17:42:57,306:INFO:Uploading results into container
2026-01-29 17:42:57,307:INFO:Uploading model into container now
2026-01-29 17:42:57,307:INFO:_master_model_container: 3
2026-01-29 17:42:57,307:INFO:_display_container: 4
2026-01-29 17:42:57,307:INFO:<catboost.core.CatBoostClassifier object at 0x0000017CB34455D0>
2026-01-29 17:42:57,307:INFO:create_model() successfully completed......................................
2026-01-29 17:42:57,389:INFO:SubProcess create_model() end ==================================
2026-01-29 17:42:57,389:INFO:<catboost.core.CatBoostClassifier object at 0x0000017CB34455D0> result for F1 is 0.5988
2026-01-29 17:42:57,389:INFO:<catboost.core.CatBoostClassifier object at 0x0000017CB32E7BD0> result for F1 is 0.6124
2026-01-29 17:42:57,389:INFO:<catboost.core.CatBoostClassifier object at 0x0000017CB32E7BD0> is best model
2026-01-29 17:42:57,389:INFO:choose_better completed
2026-01-29 17:42:57,402:INFO:_master_model_container: 3
2026-01-29 17:42:57,402:INFO:_display_container: 3
2026-01-29 17:42:57,402:INFO:<catboost.core.CatBoostClassifier object at 0x0000017CB32E7BD0>
2026-01-29 17:42:57,402:INFO:tune_model() successfully completed......................................
2026-01-29 17:42:57,475:INFO:Initializing finalize_model()
2026-01-29 17:42:57,475:INFO:finalize_model(self=<pycaret.classification.oop.ClassificationExperiment object at 0x0000017CB0A1D1D0>, estimator=<catboost.core.CatBoostClassifier object at 0x0000017CB32E7BD0>, fit_kwargs=None, groups=None, model_only=False, experiment_custom_tags=None)
2026-01-29 17:42:57,475:INFO:Finalizing <catboost.core.CatBoostClassifier object at 0x0000017CB32E7BD0>
2026-01-29 17:42:57,482:INFO:Initializing create_model()
2026-01-29 17:42:57,482:INFO:create_model(self=<pycaret.classification.oop.ClassificationExperiment object at 0x0000017CB0A1D1D0>, estimator=<catboost.core.CatBoostClassifier object at 0x0000017CB32E7BD0>, fold=None, round=4, cross_validation=False, predict=False, fit_kwargs={}, groups=None, refit=True, probability_threshold=None, experiment_custom_tags=None, verbose=False, system=False, add_to_model_list=False, metrics=None, display=None, model_only=False, return_train_score=False, error_score=0.0, kwargs={})
2026-01-29 17:42:57,482:INFO:Checking exceptions
2026-01-29 17:42:57,488:INFO:Importing libraries
2026-01-29 17:42:57,488:INFO:Copying training dataset
2026-01-29 17:42:57,488:INFO:Defining folds
2026-01-29 17:42:57,488:INFO:Declaring metric variables
2026-01-29 17:42:57,488:INFO:Importing untrained model
2026-01-29 17:42:57,488:INFO:Declaring custom model
2026-01-29 17:42:57,488:INFO:CatBoost Classifier Imported successfully
2026-01-29 17:42:57,488:INFO:Cross validation set to False
2026-01-29 17:42:57,488:INFO:Fitting Model
2026-01-29 17:42:58,948:INFO:Pipeline(memory=Memory(location=None),
         steps=[('numerical_imputer',
                 TransformerWrapper(exclude=None,
                                    include=['credit_score', 'country',
                                             'gender', 'age', 'tenure',
                                             'balance', 'products_number',
                                             'credit_card', 'active_member',
                                             'estimated_salary',
                                             'balance_salary_ratio',
                                             'tenure_age_ratio',
                                             'credit_score_age_ratio',
                                             'balance_per_product',
                                             'is_senior'],
                                    transformer=Sim...
                 TransformerWrapper(exclude=None, include=None,
                                    transformer=FixImbalancer(estimator=SMOTE(k_neighbors=5,
                                                                              random_state=42,
                                                                              sampling_strategy='auto')))),
                ('normalize',
                 TransformerWrapper(exclude=None, include=None,
                                    transformer=StandardScaler(copy=True,
                                                               with_mean=True,
                                                               with_std=True))),
                ('actual_estimator',
                 <catboost.core.CatBoostClassifier object at 0x0000017CB32E6ED0>)],
         verbose=False)
2026-01-29 17:42:58,948:INFO:create_model() successfully completed......................................
2026-01-29 17:42:59,023:INFO:_master_model_container: 3
2026-01-29 17:42:59,023:INFO:_display_container: 3
2026-01-29 17:42:59,030:INFO:Pipeline(memory=Memory(location=None),
         steps=[('numerical_imputer',
                 TransformerWrapper(exclude=None,
                                    include=['credit_score', 'country',
                                             'gender', 'age', 'tenure',
                                             'balance', 'products_number',
                                             'credit_card', 'active_member',
                                             'estimated_salary',
                                             'balance_salary_ratio',
                                             'tenure_age_ratio',
                                             'credit_score_age_ratio',
                                             'balance_per_product',
                                             'is_senior'],
                                    transformer=Sim...
                 TransformerWrapper(exclude=None, include=None,
                                    transformer=FixImbalancer(estimator=SMOTE(k_neighbors=5,
                                                                              random_state=42,
                                                                              sampling_strategy='auto')))),
                ('normalize',
                 TransformerWrapper(exclude=None, include=None,
                                    transformer=StandardScaler(copy=True,
                                                               with_mean=True,
                                                               with_std=True))),
                ('actual_estimator',
                 <catboost.core.CatBoostClassifier object at 0x0000017CB32E6ED0>)],
         verbose=False)
2026-01-29 17:42:59,030:INFO:finalize_model() successfully completed......................................
2026-01-29 17:42:59,120:INFO:Initializing save_model()
2026-01-29 17:42:59,120:INFO:save_model(model=Pipeline(memory=Memory(location=None),
         steps=[('numerical_imputer',
                 TransformerWrapper(exclude=None,
                                    include=['credit_score', 'country',
                                             'gender', 'age', 'tenure',
                                             'balance', 'products_number',
                                             'credit_card', 'active_member',
                                             'estimated_salary',
                                             'balance_salary_ratio',
                                             'tenure_age_ratio',
                                             'credit_score_age_ratio',
                                             'balance_per_product',
                                             'is_senior'],
                                    transformer=Sim...
                 TransformerWrapper(exclude=None, include=None,
                                    transformer=FixImbalancer(estimator=SMOTE(k_neighbors=5,
                                                                              random_state=42,
                                                                              sampling_strategy='auto')))),
                ('normalize',
                 TransformerWrapper(exclude=None, include=None,
                                    transformer=StandardScaler(copy=True,
                                                               with_mean=True,
                                                               with_std=True))),
                ('actual_estimator',
                 <catboost.core.CatBoostClassifier object at 0x0000017CB32E6ED0>)],
         verbose=False), model_name=models/catboost_classifier_model, prep_pipe_=Pipeline(memory=FastMemory(location=C:\Users\RAJEEV~1\AppData\Local\Temp\joblib),
         steps=[('numerical_imputer',
                 TransformerWrapper(exclude=None,
                                    include=['credit_score', 'country',
                                             'gender', 'age', 'tenure',
                                             'balance', 'products_number',
                                             'credit_card', 'active_member',
                                             'estimated_salary',
                                             'balance_salary_ratio',
                                             'tenure_age_ratio',
                                             'credit_score_age_ratio',
                                             'balanc...
                                    transformer=RemoveMulticollinearity(threshold=0.9))),
                ('balance',
                 TransformerWrapper(exclude=None, include=None,
                                    transformer=FixImbalancer(estimator=SMOTE(k_neighbors=5,
                                                                              random_state=42,
                                                                              sampling_strategy='auto')))),
                ('normalize',
                 TransformerWrapper(exclude=None, include=None,
                                    transformer=StandardScaler(copy=True,
                                                               with_mean=True,
                                                               with_std=True)))],
         verbose=False), verbose=True, use_case=MLUsecase.CLASSIFICATION, kwargs={})
2026-01-29 17:42:59,120:INFO:Adding model into prep_pipe
2026-01-29 17:42:59,120:WARNING:Only Model saved as it was a pipeline.
2026-01-29 17:42:59,127:INFO:models/catboost_classifier_model.pkl saved in current working directory
2026-01-29 17:42:59,132:INFO:Pipeline(memory=Memory(location=None),
         steps=[('numerical_imputer',
                 TransformerWrapper(exclude=None,
                                    include=['credit_score', 'country',
                                             'gender', 'age', 'tenure',
                                             'balance', 'products_number',
                                             'credit_card', 'active_member',
                                             'estimated_salary',
                                             'balance_salary_ratio',
                                             'tenure_age_ratio',
                                             'credit_score_age_ratio',
                                             'balance_per_product',
                                             'is_senior'],
                                    transformer=Sim...
                 TransformerWrapper(exclude=None, include=None,
                                    transformer=FixImbalancer(estimator=SMOTE(k_neighbors=5,
                                                                              random_state=42,
                                                                              sampling_strategy='auto')))),
                ('normalize',
                 TransformerWrapper(exclude=None, include=None,
                                    transformer=StandardScaler(copy=True,
                                                               with_mean=True,
                                                               with_std=True))),
                ('actual_estimator',
                 <catboost.core.CatBoostClassifier object at 0x0000017CB32E6ED0>)],
         verbose=False)
2026-01-29 17:42:59,132:INFO:save_model() successfully completed......................................
2026-01-29 17:46:47,814:WARNING:
'cuml' is a soft dependency and not included in the pycaret installation. Please run: `pip install cuml` to install.
2026-01-29 17:46:47,814:WARNING:
'cuml' is a soft dependency and not included in the pycaret installation. Please run: `pip install cuml` to install.
2026-01-29 17:46:47,814:WARNING:
'cuml' is a soft dependency and not included in the pycaret installation. Please run: `pip install cuml` to install.
2026-01-29 17:46:47,814:WARNING:
'cuml' is a soft dependency and not included in the pycaret installation. Please run: `pip install cuml` to install.
2026-01-29 17:46:48,685:INFO:PyCaret ClassificationExperiment
2026-01-29 17:46:48,685:INFO:Logging name: clf-default-name
2026-01-29 17:46:48,685:INFO:ML Usecase: MLUsecase.CLASSIFICATION
2026-01-29 17:46:48,685:INFO:version 3.3.2
2026-01-29 17:46:48,685:INFO:Initializing setup()
2026-01-29 17:46:48,685:INFO:self.USI: ac58
2026-01-29 17:46:48,685:INFO:self._variable_keys: {'_available_plots', 'y_train', 'n_jobs_param', 'seed', 'data', 'y', 'exp_name_log', 'fold_generator', 'y_test', 'fold_shuffle_param', 'idx', 'html_param', 'fix_imbalance', 'gpu_n_jobs_param', 'fold_groups_param', 'memory', '_ml_usecase', 'gpu_param', 'X_test', 'is_multiclass', 'logging_param', 'exp_id', 'X_train', 'target_param', 'log_plots_param', 'USI', 'pipeline', 'X'}
2026-01-29 17:46:48,685:INFO:Checking environment
2026-01-29 17:46:48,685:INFO:python_version: 3.11.9
2026-01-29 17:46:48,685:INFO:python_build: ('tags/v3.11.9:de54cf5', 'Apr  2 2024 10:12:12')
2026-01-29 17:46:48,689:INFO:machine: AMD64
2026-01-29 17:46:48,697:INFO:platform: Windows-10-10.0.26200-SP0
2026-01-29 17:46:48,698:INFO:Memory: svmem(total=16779837440, available=4160995328, percent=75.2, used=12618842112, free=4160995328)
2026-01-29 17:46:48,698:INFO:Physical Core: 12
2026-01-29 17:46:48,698:INFO:Logical Core: 16
2026-01-29 17:46:48,698:INFO:Checking libraries
2026-01-29 17:46:48,698:INFO:System:
2026-01-29 17:46:48,698:INFO:    python: 3.11.9 (tags/v3.11.9:de54cf5, Apr  2 2024, 10:12:12) [MSC v.1938 64 bit (AMD64)]
2026-01-29 17:46:48,698:INFO:executable: C:\Users\Rajeev kumar\Desktop\Bank customer churn prediction\venv\Scripts\python.exe
2026-01-29 17:46:48,698:INFO:   machine: Windows-10-10.0.26200-SP0
2026-01-29 17:46:48,698:INFO:PyCaret required dependencies:
2026-01-29 17:46:48,718:INFO:                 pip: 24.0
2026-01-29 17:46:48,718:INFO:          setuptools: 65.5.0
2026-01-29 17:46:48,718:INFO:             pycaret: 3.3.2
2026-01-29 17:46:48,718:INFO:             IPython: 9.9.0
2026-01-29 17:46:48,718:INFO:          ipywidgets: 8.1.8
2026-01-29 17:46:48,718:INFO:                tqdm: 4.67.1
2026-01-29 17:46:48,724:INFO:               numpy: 1.26.4
2026-01-29 17:46:48,724:INFO:              pandas: 2.1.4
2026-01-29 17:46:48,724:INFO:              jinja2: 3.1.6
2026-01-29 17:46:48,724:INFO:               scipy: 1.11.4
2026-01-29 17:46:48,724:INFO:              joblib: 1.3.2
2026-01-29 17:46:48,724:INFO:             sklearn: 1.4.2
2026-01-29 17:46:48,724:INFO:                pyod: 2.0.6
2026-01-29 17:46:48,724:INFO:            imblearn: 0.14.1
2026-01-29 17:46:48,724:INFO:   category_encoders: 2.7.0
2026-01-29 17:46:48,724:INFO:            lightgbm: 4.6.0
2026-01-29 17:46:48,724:INFO:               numba: 0.63.1
2026-01-29 17:46:48,724:INFO:            requests: 2.32.5
2026-01-29 17:46:48,724:INFO:          matplotlib: 3.7.5
2026-01-29 17:46:48,724:INFO:          scikitplot: 0.3.7
2026-01-29 17:46:48,724:INFO:         yellowbrick: 1.5
2026-01-29 17:46:48,724:INFO:              plotly: 6.5.2
2026-01-29 17:46:48,724:INFO:    plotly-resampler: Not installed
2026-01-29 17:46:48,724:INFO:             kaleido: 1.2.0
2026-01-29 17:46:48,724:INFO:           schemdraw: 0.15
2026-01-29 17:46:48,724:INFO:         statsmodels: 0.14.6
2026-01-29 17:46:48,724:INFO:              sktime: 0.26.0
2026-01-29 17:46:48,724:INFO:               tbats: 1.1.3
2026-01-29 17:46:48,724:INFO:            pmdarima: 2.0.4
2026-01-29 17:46:48,724:INFO:              psutil: 7.2.1
2026-01-29 17:46:48,724:INFO:          markupsafe: 3.0.3
2026-01-29 17:46:48,724:INFO:             pickle5: Not installed
2026-01-29 17:46:48,724:INFO:         cloudpickle: 3.1.2
2026-01-29 17:46:48,724:INFO:         deprecation: 2.1.0
2026-01-29 17:46:48,724:INFO:              xxhash: 3.6.0
2026-01-29 17:46:48,724:INFO:           wurlitzer: Not installed
2026-01-29 17:46:48,724:INFO:PyCaret optional dependencies:
2026-01-29 17:46:48,747:INFO:                shap: 0.49.1
2026-01-29 17:46:48,747:INFO:           interpret: Not installed
2026-01-29 17:46:48,747:INFO:                umap: Not installed
2026-01-29 17:46:48,747:INFO:     ydata_profiling: Not installed
2026-01-29 17:46:48,747:INFO:  explainerdashboard: Not installed
2026-01-29 17:46:48,747:INFO:             autoviz: Not installed
2026-01-29 17:46:48,747:INFO:           fairlearn: Not installed
2026-01-29 17:46:48,747:INFO:          deepchecks: Not installed
2026-01-29 17:46:48,747:INFO:             xgboost: 3.1.3
2026-01-29 17:46:48,747:INFO:            catboost: 1.2.8
2026-01-29 17:46:48,747:INFO:              kmodes: Not installed
2026-01-29 17:46:48,747:INFO:             mlxtend: Not installed
2026-01-29 17:46:48,747:INFO:       statsforecast: Not installed
2026-01-29 17:46:48,747:INFO:        tune_sklearn: Not installed
2026-01-29 17:46:48,747:INFO:                 ray: Not installed
2026-01-29 17:46:48,747:INFO:            hyperopt: Not installed
2026-01-29 17:46:48,747:INFO:              optuna: Not installed
2026-01-29 17:46:48,747:INFO:               skopt: Not installed
2026-01-29 17:46:48,747:INFO:              mlflow: Not installed
2026-01-29 17:46:48,747:INFO:              gradio: Not installed
2026-01-29 17:46:48,747:INFO:             fastapi: Not installed
2026-01-29 17:46:48,747:INFO:             uvicorn: Not installed
2026-01-29 17:46:48,747:INFO:              m2cgen: Not installed
2026-01-29 17:46:48,747:INFO:           evidently: Not installed
2026-01-29 17:46:48,747:INFO:               fugue: Not installed
2026-01-29 17:46:48,747:INFO:           streamlit: 1.53.1
2026-01-29 17:46:48,747:INFO:             prophet: Not installed
2026-01-29 17:46:48,747:INFO:None
2026-01-29 17:46:48,747:INFO:Set up data.
2026-01-29 17:46:48,753:INFO:Set up folding strategy.
2026-01-29 17:46:48,753:INFO:Set up train/test split.
2026-01-29 17:46:48,758:INFO:Set up index.
2026-01-29 17:46:48,758:INFO:Assigning column types.
2026-01-29 17:46:48,760:INFO:Engine successfully changes for model 'lr' to 'sklearn'.
2026-01-29 17:46:48,786:INFO:Engine for model 'knn' has not been set explicitly, hence returning None.
2026-01-29 17:46:48,786:INFO:Engine for model 'rbfsvm' has not been set explicitly, hence returning None.
2026-01-29 17:46:48,806:INFO:Soft dependency imported: xgboost: 3.1.3
2026-01-29 17:46:48,806:INFO:Soft dependency imported: catboost: 1.2.8
2026-01-29 17:46:48,847:INFO:Engine for model 'knn' has not been set explicitly, hence returning None.
2026-01-29 17:46:48,847:INFO:Engine for model 'rbfsvm' has not been set explicitly, hence returning None.
2026-01-29 17:46:48,866:INFO:Soft dependency imported: xgboost: 3.1.3
2026-01-29 17:46:48,867:INFO:Soft dependency imported: catboost: 1.2.8
2026-01-29 17:46:48,868:INFO:Engine successfully changes for model 'knn' to 'sklearn'.
2026-01-29 17:46:48,893:INFO:Engine for model 'rbfsvm' has not been set explicitly, hence returning None.
2026-01-29 17:46:48,898:INFO:Soft dependency imported: xgboost: 3.1.3
2026-01-29 17:46:48,898:INFO:Soft dependency imported: catboost: 1.2.8
2026-01-29 17:46:48,930:INFO:Engine for model 'rbfsvm' has not been set explicitly, hence returning None.
2026-01-29 17:46:48,948:INFO:Soft dependency imported: xgboost: 3.1.3
2026-01-29 17:46:48,950:INFO:Soft dependency imported: catboost: 1.2.8
2026-01-29 17:46:48,950:INFO:Engine successfully changes for model 'rbfsvm' to 'sklearn'.
2026-01-29 17:46:48,979:INFO:Soft dependency imported: xgboost: 3.1.3
2026-01-29 17:46:48,979:INFO:Soft dependency imported: catboost: 1.2.8
2026-01-29 17:46:49,025:INFO:Soft dependency imported: xgboost: 3.1.3
2026-01-29 17:46:49,025:INFO:Soft dependency imported: catboost: 1.2.8
2026-01-29 17:46:49,025:INFO:Preparing preprocessing pipeline...
2026-01-29 17:46:49,025:INFO:Set up simple imputation.
2026-01-29 17:46:49,025:INFO:Set up encoding of ordinal features.
2026-01-29 17:46:49,041:INFO:Set up encoding of categorical features.
2026-01-29 17:46:49,041:INFO:Set up removing multicollinearity.
2026-01-29 17:46:49,041:INFO:Set up imbalanced handling.
2026-01-29 17:46:49,129:INFO:Finished creating preprocessing pipeline.
2026-01-29 17:46:49,162:INFO:Pipeline: Pipeline(memory=FastMemory(location=C:\Users\RAJEEV~1\AppData\Local\Temp\joblib),
         steps=[('numerical_imputer',
                 TransformerWrapper(exclude=None,
                                    include=['credit_score', 'age', 'tenure',
                                             'balance', 'products_number',
                                             'estimated_salary',
                                             'balance_salary_ratio',
                                             'tenure_age_ratio',
                                             'credit_score_age_ratio',
                                             'balance_per_product'],
                                    transformer=SimpleImputer(add_ind...
                                                              handle_unknown='value',
                                                              return_df=True,
                                                              use_cat_names=True,
                                                              verbose=0))),
                ('remove_multicollinearity',
                 TransformerWrapper(exclude=[], include=None,
                                    transformer=RemoveMulticollinearity(threshold=0.9))),
                ('balance',
                 TransformerWrapper(exclude=None, include=None,
                                    transformer=FixImbalancer(estimator=SMOTE(k_neighbors=5,
                                                                              random_state=42,
                                                                              sampling_strategy='auto'))))],
         verbose=False)
2026-01-29 17:46:49,162:INFO:Creating final display dataframe.
2026-01-29 17:46:49,246:WARNING:C:\Users\Rajeev kumar\Desktop\Bank customer churn prediction\venv\Lib\site-packages\joblib\externals\loky\backend\context.py:136: UserWarning: Could not find the number of physical cores for the following reason:
[WinError 2] The system cannot find the file specified
Returning the number of logical cores instead. You can silence this warning by setting LOKY_MAX_CPU_COUNT to the number of cores you want to use.
  warnings.warn(

2026-01-29 17:46:49,594:INFO:Setup _display_container:                     Description             Value
0                    Session id                42
1                        Target             churn
2                   Target type            Binary
3           Original data shape       (10000, 16)
4        Transformed data shape       (14148, 17)
5   Transformed train set shape       (11148, 17)
6    Transformed test set shape        (3000, 17)
7              Numeric features                10
8          Categorical features                 5
9                    Preprocess              True
10              Imputation type            simple
11           Numeric imputation              mean
12       Categorical imputation              mode
13     Maximum one-hot encoding                25
14              Encoding method              None
15     Remove multicollinearity              True
16  Multicollinearity threshold               0.9
17                Fix imbalance              True
18         Fix imbalance method             SMOTE
19               Fold Generator   StratifiedKFold
20                  Fold Number                 5
21                     CPU Jobs                -1
22                      Use GPU             False
23               Log Experiment             False
24              Experiment Name  clf-default-name
25                          USI              ac58
2026-01-29 17:46:49,643:INFO:Soft dependency imported: xgboost: 3.1.3
2026-01-29 17:46:49,643:INFO:Soft dependency imported: catboost: 1.2.8
2026-01-29 17:46:49,691:INFO:Soft dependency imported: xgboost: 3.1.3
2026-01-29 17:46:49,691:INFO:Soft dependency imported: catboost: 1.2.8
2026-01-29 17:46:49,693:INFO:setup() successfully completed in 1.01s...............
2026-01-29 17:46:49,693:INFO:Initializing create_model()
2026-01-29 17:46:49,693:INFO:create_model(self=<pycaret.classification.oop.ClassificationExperiment object at 0x0000021E9D21CF10>, estimator=catboost, fold=None, round=4, cross_validation=True, predict=True, fit_kwargs=None, groups=None, refit=True, probability_threshold=None, experiment_custom_tags=None, verbose=True, system=True, add_to_model_list=True, metrics=None, display=None, model_only=True, return_train_score=False, error_score=0.0, kwargs={})
2026-01-29 17:46:49,693:INFO:Checking exceptions
2026-01-29 17:46:49,695:INFO:Importing libraries
2026-01-29 17:46:49,695:INFO:Copying training dataset
2026-01-29 17:46:49,700:INFO:Defining folds
2026-01-29 17:46:49,700:INFO:Declaring metric variables
2026-01-29 17:46:49,700:INFO:Importing untrained model
2026-01-29 17:46:49,700:INFO:CatBoost Classifier Imported successfully
2026-01-29 17:46:49,700:INFO:Starting cross validation
2026-01-29 17:46:49,701:INFO:Cross validating with StratifiedKFold(n_splits=5, random_state=None, shuffle=False), n_jobs=-1
2026-01-29 17:46:58,134:INFO:Calculating mean and std
2026-01-29 17:46:58,134:INFO:Creating metrics dataframe
2026-01-29 17:46:58,134:INFO:Finalizing model
2026-01-29 17:47:02,898:INFO:Uploading results into container
2026-01-29 17:47:02,898:INFO:Uploading model into container now
2026-01-29 17:47:02,907:INFO:_master_model_container: 1
2026-01-29 17:47:02,908:INFO:_display_container: 2
2026-01-29 17:47:02,908:INFO:<catboost.core.CatBoostClassifier object at 0x0000021E9D746DD0>
2026-01-29 17:47:02,908:INFO:create_model() successfully completed......................................
2026-01-29 17:47:02,967:INFO:Initializing tune_model()
2026-01-29 17:47:02,967:INFO:tune_model(self=<pycaret.classification.oop.ClassificationExperiment object at 0x0000021E9D21CF10>, estimator=<catboost.core.CatBoostClassifier object at 0x0000021E9D746DD0>, fold=None, round=4, n_iter=30, custom_grid={'iterations': [200, 400, 600], 'learning_rate': [0.01, 0.05, 0.1], 'depth': [4, 6, 8], 'l2_leaf_reg': [1, 3, 5, 9], 'scale_pos_weight': [1, 3, 4]}, optimize=F1, custom_scorer=None, search_library=scikit-learn, search_algorithm=None, early_stopping=False, early_stopping_max_iters=10, choose_better=True, fit_kwargs=None, groups=None, return_tuner=False, verbose=True, tuner_verbose=True, return_train_score=False, kwargs={})
2026-01-29 17:47:02,967:INFO:Checking exceptions
2026-01-29 17:47:02,967:INFO:Copying training dataset
2026-01-29 17:47:02,974:INFO:Checking base model
2026-01-29 17:47:02,974:INFO:Base model : CatBoost Classifier
2026-01-29 17:47:02,974:INFO:Declaring metric variables
2026-01-29 17:47:02,974:INFO:Defining Hyperparameters
2026-01-29 17:47:03,037:INFO:custom_grid: {'actual_estimator__iterations': [200, 400, 600], 'actual_estimator__learning_rate': [0.01, 0.05, 0.1], 'actual_estimator__depth': [4, 6, 8], 'actual_estimator__l2_leaf_reg': [1, 3, 5, 9], 'actual_estimator__scale_pos_weight': [1, 3, 4]}
2026-01-29 17:47:03,037:INFO:Tuning with n_jobs=-1
2026-01-29 17:47:03,037:INFO:Initializing RandomizedSearchCV
2026-01-29 17:48:43,672:INFO:best_params: {'actual_estimator__scale_pos_weight': 1, 'actual_estimator__learning_rate': 0.01, 'actual_estimator__l2_leaf_reg': 3, 'actual_estimator__iterations': 600, 'actual_estimator__depth': 6}
2026-01-29 17:48:43,672:INFO:Hyperparameter search completed
2026-01-29 17:48:43,672:INFO:SubProcess create_model() called ==================================
2026-01-29 17:48:43,672:INFO:Initializing create_model()
2026-01-29 17:48:43,672:INFO:create_model(self=<pycaret.classification.oop.ClassificationExperiment object at 0x0000021E9D21CF10>, estimator=<catboost.core.CatBoostClassifier object at 0x0000021E9DB84290>, fold=StratifiedKFold(n_splits=5, random_state=None, shuffle=False), round=4, cross_validation=True, predict=True, fit_kwargs={}, groups=None, refit=True, probability_threshold=None, experiment_custom_tags=None, verbose=True, system=False, add_to_model_list=True, metrics=None, display=<pycaret.internal.display.display.CommonDisplay object at 0x0000021E9DB24A90>, model_only=True, return_train_score=False, error_score=0.0, kwargs={'scale_pos_weight': 1, 'learning_rate': 0.01, 'l2_leaf_reg': 3, 'iterations': 600, 'depth': 6})
2026-01-29 17:48:43,672:INFO:Checking exceptions
2026-01-29 17:48:43,672:INFO:Importing libraries
2026-01-29 17:48:43,672:INFO:Copying training dataset
2026-01-29 17:48:43,682:INFO:Defining folds
2026-01-29 17:48:43,682:INFO:Declaring metric variables
2026-01-29 17:48:43,682:INFO:Importing untrained model
2026-01-29 17:48:43,682:INFO:Declaring custom model
2026-01-29 17:48:43,683:INFO:CatBoost Classifier Imported successfully
2026-01-29 17:48:43,683:INFO:Starting cross validation
2026-01-29 17:48:43,685:INFO:Cross validating with StratifiedKFold(n_splits=5, random_state=None, shuffle=False), n_jobs=-1
2026-01-29 17:48:47,500:INFO:Calculating mean and std
2026-01-29 17:48:47,501:INFO:Creating metrics dataframe
2026-01-29 17:48:47,503:INFO:Finalizing model
2026-01-29 17:48:50,582:INFO:Uploading results into container
2026-01-29 17:48:50,582:INFO:Uploading model into container now
2026-01-29 17:48:50,582:INFO:_master_model_container: 2
2026-01-29 17:48:50,582:INFO:_display_container: 3
2026-01-29 17:48:50,582:INFO:<catboost.core.CatBoostClassifier object at 0x0000021E9D9D6B50>
2026-01-29 17:48:50,582:INFO:create_model() successfully completed......................................
2026-01-29 17:48:50,658:INFO:SubProcess create_model() end ==================================
2026-01-29 17:48:50,658:INFO:choose_better activated
2026-01-29 17:48:50,658:INFO:SubProcess create_model() called ==================================
2026-01-29 17:48:50,658:INFO:Initializing create_model()
2026-01-29 17:48:50,658:INFO:create_model(self=<pycaret.classification.oop.ClassificationExperiment object at 0x0000021E9D21CF10>, estimator=<catboost.core.CatBoostClassifier object at 0x0000021E9D746DD0>, fold=StratifiedKFold(n_splits=5, random_state=None, shuffle=False), round=4, cross_validation=True, predict=True, fit_kwargs={}, groups=None, refit=True, probability_threshold=None, experiment_custom_tags=None, verbose=False, system=False, add_to_model_list=True, metrics=None, display=None, model_only=True, return_train_score=False, error_score=0.0, kwargs={})
2026-01-29 17:48:50,658:INFO:Checking exceptions
2026-01-29 17:48:50,658:INFO:Importing libraries
2026-01-29 17:48:50,658:INFO:Copying training dataset
2026-01-29 17:48:50,676:INFO:Defining folds
2026-01-29 17:48:50,676:INFO:Declaring metric variables
2026-01-29 17:48:50,676:INFO:Importing untrained model
2026-01-29 17:48:50,676:INFO:Declaring custom model
2026-01-29 17:48:50,676:INFO:CatBoost Classifier Imported successfully
2026-01-29 17:48:50,676:INFO:Starting cross validation
2026-01-29 17:48:50,676:INFO:Cross validating with StratifiedKFold(n_splits=5, random_state=None, shuffle=False), n_jobs=-1
2026-01-29 17:48:56,446:INFO:Calculating mean and std
2026-01-29 17:48:56,447:INFO:Creating metrics dataframe
2026-01-29 17:48:56,447:INFO:Finalizing model
2026-01-29 17:49:01,141:INFO:Uploading results into container
2026-01-29 17:49:01,141:INFO:Uploading model into container now
2026-01-29 17:49:01,141:INFO:_master_model_container: 3
2026-01-29 17:49:01,141:INFO:_display_container: 4
2026-01-29 17:49:01,141:INFO:<catboost.core.CatBoostClassifier object at 0x0000021E9DB29110>
2026-01-29 17:49:01,141:INFO:create_model() successfully completed......................................
2026-01-29 17:49:01,208:INFO:SubProcess create_model() end ==================================
2026-01-29 17:49:01,208:INFO:<catboost.core.CatBoostClassifier object at 0x0000021E9DB29110> result for F1 is 0.6034
2026-01-29 17:49:01,208:INFO:<catboost.core.CatBoostClassifier object at 0x0000021E9D9D6B50> result for F1 is 0.618
2026-01-29 17:49:01,208:INFO:<catboost.core.CatBoostClassifier object at 0x0000021E9D9D6B50> is best model
2026-01-29 17:49:01,208:INFO:choose_better completed
2026-01-29 17:49:01,208:INFO:_master_model_container: 3
2026-01-29 17:49:01,208:INFO:_display_container: 3
2026-01-29 17:49:01,208:INFO:<catboost.core.CatBoostClassifier object at 0x0000021E9D9D6B50>
2026-01-29 17:49:01,208:INFO:tune_model() successfully completed......................................
2026-01-29 17:49:01,269:INFO:Initializing finalize_model()
2026-01-29 17:49:01,269:INFO:finalize_model(self=<pycaret.classification.oop.ClassificationExperiment object at 0x0000021E9D21CF10>, estimator=<catboost.core.CatBoostClassifier object at 0x0000021E9D9D6B50>, fit_kwargs=None, groups=None, model_only=False, experiment_custom_tags=None)
2026-01-29 17:49:01,269:INFO:Finalizing <catboost.core.CatBoostClassifier object at 0x0000021E9D9D6B50>
2026-01-29 17:49:01,269:INFO:Initializing create_model()
2026-01-29 17:49:01,269:INFO:create_model(self=<pycaret.classification.oop.ClassificationExperiment object at 0x0000021E9D21CF10>, estimator=<catboost.core.CatBoostClassifier object at 0x0000021E9D9D6B50>, fold=None, round=4, cross_validation=False, predict=False, fit_kwargs={}, groups=None, refit=True, probability_threshold=None, experiment_custom_tags=None, verbose=False, system=False, add_to_model_list=False, metrics=None, display=None, model_only=False, return_train_score=False, error_score=0.0, kwargs={})
2026-01-29 17:49:01,269:INFO:Checking exceptions
2026-01-29 17:49:01,269:INFO:Importing libraries
2026-01-29 17:49:01,269:INFO:Copying training dataset
2026-01-29 17:49:01,269:INFO:Defining folds
2026-01-29 17:49:01,269:INFO:Declaring metric variables
2026-01-29 17:49:01,269:INFO:Importing untrained model
2026-01-29 17:49:01,269:INFO:Declaring custom model
2026-01-29 17:49:01,269:INFO:CatBoost Classifier Imported successfully
2026-01-29 17:49:01,285:INFO:Cross validation set to False
2026-01-29 17:49:01,285:INFO:Fitting Model
2026-01-29 17:49:04,697:INFO:Pipeline(memory=Memory(location=None),
         steps=[('numerical_imputer',
                 TransformerWrapper(exclude=None,
                                    include=['credit_score', 'age', 'tenure',
                                             'balance', 'products_number',
                                             'estimated_salary',
                                             'balance_salary_ratio',
                                             'tenure_age_ratio',
                                             'credit_score_age_ratio',
                                             'balance_per_product'],
                                    transformer=SimpleImputer(add_indicator=False,
                                                              copy=True,
                                                              fill_value=None,
                                                              keep...
                 TransformerWrapper(exclude=[], include=None,
                                    transformer=RemoveMulticollinearity(threshold=0.9))),
                ('balance',
                 TransformerWrapper(exclude=None, include=None,
                                    transformer=FixImbalancer(estimator=SMOTE(k_neighbors=5,
                                                                              random_state=42,
                                                                              sampling_strategy='auto')))),
                ('actual_estimator',
                 <catboost.core.CatBoostClassifier object at 0x0000021E9DB75690>)],
         verbose=False)
2026-01-29 17:49:04,697:INFO:create_model() successfully completed......................................
2026-01-29 17:49:04,745:INFO:_master_model_container: 3
2026-01-29 17:49:04,745:INFO:_display_container: 3
2026-01-29 17:49:04,792:INFO:Pipeline(memory=Memory(location=None),
         steps=[('numerical_imputer',
                 TransformerWrapper(exclude=None,
                                    include=['credit_score', 'age', 'tenure',
                                             'balance', 'products_number',
                                             'estimated_salary',
                                             'balance_salary_ratio',
                                             'tenure_age_ratio',
                                             'credit_score_age_ratio',
                                             'balance_per_product'],
                                    transformer=SimpleImputer(add_indicator=False,
                                                              copy=True,
                                                              fill_value=None,
                                                              keep...
                 TransformerWrapper(exclude=[], include=None,
                                    transformer=RemoveMulticollinearity(threshold=0.9))),
                ('balance',
                 TransformerWrapper(exclude=None, include=None,
                                    transformer=FixImbalancer(estimator=SMOTE(k_neighbors=5,
                                                                              random_state=42,
                                                                              sampling_strategy='auto')))),
                ('actual_estimator',
                 <catboost.core.CatBoostClassifier object at 0x0000021E9DB75690>)],
         verbose=False)
2026-01-29 17:49:04,792:INFO:finalize_model() successfully completed......................................
2026-01-29 17:49:04,919:INFO:Initializing save_model()
2026-01-29 17:49:04,919:INFO:save_model(model=Pipeline(memory=Memory(location=None),
         steps=[('numerical_imputer',
                 TransformerWrapper(exclude=None,
                                    include=['credit_score', 'age', 'tenure',
                                             'balance', 'products_number',
                                             'estimated_salary',
                                             'balance_salary_ratio',
                                             'tenure_age_ratio',
                                             'credit_score_age_ratio',
                                             'balance_per_product'],
                                    transformer=SimpleImputer(add_indicator=False,
                                                              copy=True,
                                                              fill_value=None,
                                                              keep...
                 TransformerWrapper(exclude=[], include=None,
                                    transformer=RemoveMulticollinearity(threshold=0.9))),
                ('balance',
                 TransformerWrapper(exclude=None, include=None,
                                    transformer=FixImbalancer(estimator=SMOTE(k_neighbors=5,
                                                                              random_state=42,
                                                                              sampling_strategy='auto')))),
                ('actual_estimator',
                 <catboost.core.CatBoostClassifier object at 0x0000021E9DB75690>)],
         verbose=False), model_name=models/catboost_classifier_model, prep_pipe_=Pipeline(memory=FastMemory(location=C:\Users\RAJEEV~1\AppData\Local\Temp\joblib),
         steps=[('numerical_imputer',
                 TransformerWrapper(exclude=None,
                                    include=['credit_score', 'age', 'tenure',
                                             'balance', 'products_number',
                                             'estimated_salary',
                                             'balance_salary_ratio',
                                             'tenure_age_ratio',
                                             'credit_score_age_ratio',
                                             'balance_per_product'],
                                    transformer=SimpleImputer(add_ind...
                                                              handle_unknown='value',
                                                              return_df=True,
                                                              use_cat_names=True,
                                                              verbose=0))),
                ('remove_multicollinearity',
                 TransformerWrapper(exclude=[], include=None,
                                    transformer=RemoveMulticollinearity(threshold=0.9))),
                ('balance',
                 TransformerWrapper(exclude=None, include=None,
                                    transformer=FixImbalancer(estimator=SMOTE(k_neighbors=5,
                                                                              random_state=42,
                                                                              sampling_strategy='auto'))))],
         verbose=False), verbose=True, use_case=MLUsecase.CLASSIFICATION, kwargs={})
2026-01-29 17:49:04,919:INFO:Adding model into prep_pipe
2026-01-29 17:49:04,919:WARNING:Only Model saved as it was a pipeline.
2026-01-29 17:49:04,919:INFO:models/catboost_classifier_model.pkl saved in current working directory
2026-01-29 17:49:04,971:INFO:Pipeline(memory=Memory(location=None),
         steps=[('numerical_imputer',
                 TransformerWrapper(exclude=None,
                                    include=['credit_score', 'age', 'tenure',
                                             'balance', 'products_number',
                                             'estimated_salary',
                                             'balance_salary_ratio',
                                             'tenure_age_ratio',
                                             'credit_score_age_ratio',
                                             'balance_per_product'],
                                    transformer=SimpleImputer(add_indicator=False,
                                                              copy=True,
                                                              fill_value=None,
                                                              keep...
                 TransformerWrapper(exclude=[], include=None,
                                    transformer=RemoveMulticollinearity(threshold=0.9))),
                ('balance',
                 TransformerWrapper(exclude=None, include=None,
                                    transformer=FixImbalancer(estimator=SMOTE(k_neighbors=5,
                                                                              random_state=42,
                                                                              sampling_strategy='auto')))),
                ('actual_estimator',
                 <catboost.core.CatBoostClassifier object at 0x0000021E9DB75690>)],
         verbose=False)
2026-01-29 17:49:04,971:INFO:save_model() successfully completed......................................
2026-01-29 17:55:28,734:WARNING:
'cuml' is a soft dependency and not included in the pycaret installation. Please run: `pip install cuml` to install.
2026-01-29 17:55:28,734:WARNING:
'cuml' is a soft dependency and not included in the pycaret installation. Please run: `pip install cuml` to install.
2026-01-29 17:55:28,734:WARNING:
'cuml' is a soft dependency and not included in the pycaret installation. Please run: `pip install cuml` to install.
2026-01-29 17:55:28,736:WARNING:
'cuml' is a soft dependency and not included in the pycaret installation. Please run: `pip install cuml` to install.
2026-01-29 17:55:30,050:INFO:Initializing load_model()
2026-01-29 17:55:30,050:INFO:load_model(model_name=models/catboost_classifier_model, platform=None, authentication=None, verbose=True)
2026-01-29 17:56:05,264:INFO:Initializing predict_model()
2026-01-29 17:56:05,264:INFO:predict_model(self=<pycaret.classification.oop.ClassificationExperiment object at 0x000002279A6D4290>, estimator=Pipeline(memory=Memory(location=None),
         steps=[('numerical_imputer',
                 TransformerWrapper(include=['credit_score', 'age', 'tenure',
                                             'balance', 'products_number',
                                             'estimated_salary',
                                             'balance_salary_ratio',
                                             'tenure_age_ratio',
                                             'credit_score_age_ratio',
                                             'balance_per_product'],
                                    transformer=SimpleImputer())),
                ('categorical_imputer',
                 TransformerWrapper(include=['gender'...
                                    transformer=OneHotEncoder(cols=['country'],
                                                              handle_missing='return_nan',
                                                              use_cat_names=True))),
                ('remove_multicollinearity',
                 TransformerWrapper(exclude=[],
                                    transformer=RemoveMulticollinearity(threshold=0.9))),
                ('balance',
                 TransformerWrapper(transformer=FixImbalancer(estimator=SMOTE(random_state=42)))),
                ('actual_estimator',
                 <catboost.core.CatBoostClassifier object at 0x000002279A6DC590>)]), probability_threshold=None, encoded_labels=False, raw_score=False, round=4, verbose=True, ml_usecase=None, preprocess=True, encode_labels=<function _SupervisedExperiment.predict_model.<locals>.encode_labels at 0x000002279AA436A0>)
2026-01-29 17:56:05,264:INFO:Checking exceptions
2026-01-29 17:56:05,264:INFO:Preloading libraries
2026-01-29 17:56:05,264:INFO:Set up data.
2026-01-29 17:56:05,271:INFO:Set up index.
2026-01-29 18:01:28,118:INFO:Initializing predict_model()
2026-01-29 18:01:28,119:INFO:predict_model(self=<pycaret.classification.oop.ClassificationExperiment object at 0x000002279A8C3550>, estimator=Pipeline(memory=Memory(location=None),
         steps=[('numerical_imputer',
                 TransformerWrapper(include=['credit_score', 'age', 'tenure',
                                             'balance', 'products_number',
                                             'estimated_salary',
                                             'balance_salary_ratio',
                                             'tenure_age_ratio',
                                             'credit_score_age_ratio',
                                             'balance_per_product'],
                                    transformer=SimpleImputer())),
                ('categorical_imputer',
                 TransformerWrapper(include=['gender'...
                                    transformer=OneHotEncoder(cols=['country'],
                                                              handle_missing='return_nan',
                                                              use_cat_names=True))),
                ('remove_multicollinearity',
                 TransformerWrapper(exclude=[],
                                    transformer=RemoveMulticollinearity(threshold=0.9))),
                ('balance',
                 TransformerWrapper(transformer=FixImbalancer(estimator=SMOTE(random_state=42)))),
                ('actual_estimator',
                 <catboost.core.CatBoostClassifier object at 0x000002279A6DC590>)]), probability_threshold=None, encoded_labels=False, raw_score=False, round=4, verbose=True, ml_usecase=None, preprocess=True, encode_labels=<function _SupervisedExperiment.predict_model.<locals>.encode_labels at 0x0000022799F66340>)
2026-01-29 18:01:28,119:INFO:Checking exceptions
2026-01-29 18:01:28,119:INFO:Preloading libraries
2026-01-29 18:01:28,119:INFO:Set up data.
2026-01-29 18:01:28,122:INFO:Set up index.
2026-01-29 18:02:44,619:INFO:Initializing predict_model()
2026-01-29 18:02:44,619:INFO:predict_model(self=<pycaret.classification.oop.ClassificationExperiment object at 0x000002279AB1B450>, estimator=Pipeline(memory=Memory(location=None),
         steps=[('numerical_imputer',
                 TransformerWrapper(include=['credit_score', 'age', 'tenure',
                                             'balance', 'products_number',
                                             'estimated_salary',
                                             'balance_salary_ratio',
                                             'tenure_age_ratio',
                                             'credit_score_age_ratio',
                                             'balance_per_product'],
                                    transformer=SimpleImputer())),
                ('categorical_imputer',
                 TransformerWrapper(include=['gender'...
                                    transformer=OneHotEncoder(cols=['country'],
                                                              handle_missing='return_nan',
                                                              use_cat_names=True))),
                ('remove_multicollinearity',
                 TransformerWrapper(exclude=[],
                                    transformer=RemoveMulticollinearity(threshold=0.9))),
                ('balance',
                 TransformerWrapper(transformer=FixImbalancer(estimator=SMOTE(random_state=42)))),
                ('actual_estimator',
                 <catboost.core.CatBoostClassifier object at 0x000002279A6DC590>)]), probability_threshold=None, encoded_labels=False, raw_score=False, round=4, verbose=True, ml_usecase=None, preprocess=True, encode_labels=<function _SupervisedExperiment.predict_model.<locals>.encode_labels at 0x000002279A35EFC0>)
2026-01-29 18:02:44,619:INFO:Checking exceptions
2026-01-29 18:02:44,620:INFO:Preloading libraries
2026-01-29 18:02:44,620:INFO:Set up data.
2026-01-29 18:02:44,622:INFO:Set up index.
2026-01-29 18:06:08,605:INFO:Initializing predict_model()
2026-01-29 18:06:08,605:INFO:predict_model(self=<pycaret.classification.oop.ClassificationExperiment object at 0x000002279A76B2D0>, estimator=Pipeline(memory=Memory(location=None),
         steps=[('numerical_imputer',
                 TransformerWrapper(include=['credit_score', 'age', 'tenure',
                                             'balance', 'products_number',
                                             'estimated_salary',
                                             'balance_salary_ratio',
                                             'tenure_age_ratio',
                                             'credit_score_age_ratio',
                                             'balance_per_product'],
                                    transformer=SimpleImputer())),
                ('categorical_imputer',
                 TransformerWrapper(include=['gender'...
                                    transformer=OneHotEncoder(cols=['country'],
                                                              handle_missing='return_nan',
                                                              use_cat_names=True))),
                ('remove_multicollinearity',
                 TransformerWrapper(exclude=[],
                                    transformer=RemoveMulticollinearity(threshold=0.9))),
                ('balance',
                 TransformerWrapper(transformer=FixImbalancer(estimator=SMOTE(random_state=42)))),
                ('actual_estimator',
                 <catboost.core.CatBoostClassifier object at 0x000002279A6DC590>)]), probability_threshold=None, encoded_labels=False, raw_score=False, round=4, verbose=True, ml_usecase=None, preprocess=True, encode_labels=<function _SupervisedExperiment.predict_model.<locals>.encode_labels at 0x000002279A5FAF20>)
2026-01-29 18:06:08,605:INFO:Checking exceptions
2026-01-29 18:06:08,605:INFO:Preloading libraries
2026-01-29 18:06:08,605:INFO:Set up data.
2026-01-29 18:06:08,611:INFO:Set up index.
2026-01-29 18:06:43,906:INFO:Initializing predict_model()
2026-01-29 18:06:43,906:INFO:predict_model(self=<pycaret.classification.oop.ClassificationExperiment object at 0x000002279A8C2010>, estimator=Pipeline(memory=Memory(location=None),
         steps=[('numerical_imputer',
                 TransformerWrapper(include=['credit_score', 'age', 'tenure',
                                             'balance', 'products_number',
                                             'estimated_salary',
                                             'balance_salary_ratio',
                                             'tenure_age_ratio',
                                             'credit_score_age_ratio',
                                             'balance_per_product'],
                                    transformer=SimpleImputer())),
                ('categorical_imputer',
                 TransformerWrapper(include=['gender'...
                                    transformer=OneHotEncoder(cols=['country'],
                                                              handle_missing='return_nan',
                                                              use_cat_names=True))),
                ('remove_multicollinearity',
                 TransformerWrapper(exclude=[],
                                    transformer=RemoveMulticollinearity(threshold=0.9))),
                ('balance',
                 TransformerWrapper(transformer=FixImbalancer(estimator=SMOTE(random_state=42)))),
                ('actual_estimator',
                 <catboost.core.CatBoostClassifier object at 0x000002279A6DC590>)]), probability_threshold=None, encoded_labels=False, raw_score=False, round=4, verbose=True, ml_usecase=None, preprocess=True, encode_labels=<function _SupervisedExperiment.predict_model.<locals>.encode_labels at 0x000002279A73CC20>)
2026-01-29 18:06:43,906:INFO:Checking exceptions
2026-01-29 18:06:43,906:INFO:Preloading libraries
2026-01-29 18:06:43,906:INFO:Set up data.
2026-01-29 18:06:43,914:INFO:Set up index.
2026-01-29 18:09:14,380:INFO:Initializing load_model()
2026-01-29 18:09:14,380:INFO:load_model(model_name=models/catboost_classifier_model, platform=None, authentication=None, verbose=True)
2026-01-29 18:09:25,352:INFO:Initializing predict_model()
2026-01-29 18:09:25,352:INFO:predict_model(self=<pycaret.classification.oop.ClassificationExperiment object at 0x000002279A8C1AD0>, estimator=Pipeline(memory=Memory(location=None),
         steps=[('numerical_imputer',
                 TransformerWrapper(include=['credit_score', 'age', 'tenure',
                                             'balance', 'products_number',
                                             'estimated_salary',
                                             'balance_salary_ratio',
                                             'tenure_age_ratio',
                                             'credit_score_age_ratio',
                                             'balance_per_product'],
                                    transformer=SimpleImputer())),
                ('categorical_imputer',
                 TransformerWrapper(include=['gender'...
                                    transformer=OneHotEncoder(cols=['country'],
                                                              handle_missing='return_nan',
                                                              use_cat_names=True))),
                ('remove_multicollinearity',
                 TransformerWrapper(exclude=[],
                                    transformer=RemoveMulticollinearity(threshold=0.9))),
                ('balance',
                 TransformerWrapper(transformer=FixImbalancer(estimator=SMOTE(random_state=42)))),
                ('actual_estimator',
                 <catboost.core.CatBoostClassifier object at 0x000002279A76EB10>)]), probability_threshold=None, encoded_labels=False, raw_score=False, round=4, verbose=True, ml_usecase=None, preprocess=True, encode_labels=<function _SupervisedExperiment.predict_model.<locals>.encode_labels at 0x000002279731C040>)
2026-01-29 18:09:25,352:INFO:Checking exceptions
2026-01-29 18:09:25,352:INFO:Preloading libraries
2026-01-29 18:09:25,352:INFO:Set up data.
2026-01-29 18:09:25,355:INFO:Set up index.
2026-01-29 18:10:18,761:INFO:Initializing predict_model()
2026-01-29 18:10:18,761:INFO:predict_model(self=<pycaret.classification.oop.ClassificationExperiment object at 0x000002279AB4BA50>, estimator=Pipeline(memory=Memory(location=None),
         steps=[('numerical_imputer',
                 TransformerWrapper(include=['credit_score', 'age', 'tenure',
                                             'balance', 'products_number',
                                             'estimated_salary',
                                             'balance_salary_ratio',
                                             'tenure_age_ratio',
                                             'credit_score_age_ratio',
                                             'balance_per_product'],
                                    transformer=SimpleImputer())),
                ('categorical_imputer',
                 TransformerWrapper(include=['gender'...
                                    transformer=OneHotEncoder(cols=['country'],
                                                              handle_missing='return_nan',
                                                              use_cat_names=True))),
                ('remove_multicollinearity',
                 TransformerWrapper(exclude=[],
                                    transformer=RemoveMulticollinearity(threshold=0.9))),
                ('balance',
                 TransformerWrapper(transformer=FixImbalancer(estimator=SMOTE(random_state=42)))),
                ('actual_estimator',
                 <catboost.core.CatBoostClassifier object at 0x000002279A6DC590>)]), probability_threshold=None, encoded_labels=False, raw_score=False, round=4, verbose=True, ml_usecase=None, preprocess=True, encode_labels=<function _SupervisedExperiment.predict_model.<locals>.encode_labels at 0x000002279A35F2E0>)
2026-01-29 18:10:18,761:INFO:Checking exceptions
2026-01-29 18:10:18,761:INFO:Preloading libraries
2026-01-29 18:10:18,761:INFO:Set up data.
2026-01-29 18:10:18,761:INFO:Set up index.
2026-01-29 18:10:25,511:INFO:Initializing predict_model()
2026-01-29 18:10:25,512:INFO:predict_model(self=<pycaret.classification.oop.ClassificationExperiment object at 0x000002279AB49010>, estimator=Pipeline(memory=Memory(location=None),
         steps=[('numerical_imputer',
                 TransformerWrapper(include=['credit_score', 'age', 'tenure',
                                             'balance', 'products_number',
                                             'estimated_salary',
                                             'balance_salary_ratio',
                                             'tenure_age_ratio',
                                             'credit_score_age_ratio',
                                             'balance_per_product'],
                                    transformer=SimpleImputer())),
                ('categorical_imputer',
                 TransformerWrapper(include=['gender'...
                                    transformer=OneHotEncoder(cols=['country'],
                                                              handle_missing='return_nan',
                                                              use_cat_names=True))),
                ('remove_multicollinearity',
                 TransformerWrapper(exclude=[],
                                    transformer=RemoveMulticollinearity(threshold=0.9))),
                ('balance',
                 TransformerWrapper(transformer=FixImbalancer(estimator=SMOTE(random_state=42)))),
                ('actual_estimator',
                 <catboost.core.CatBoostClassifier object at 0x000002279A6DC590>)]), probability_threshold=None, encoded_labels=False, raw_score=False, round=4, verbose=True, ml_usecase=None, preprocess=True, encode_labels=<function _SupervisedExperiment.predict_model.<locals>.encode_labels at 0x00000227F233CFE0>)
2026-01-29 18:10:25,512:INFO:Checking exceptions
2026-01-29 18:10:25,512:INFO:Preloading libraries
2026-01-29 18:10:25,512:INFO:Set up data.
2026-01-29 18:10:25,513:INFO:Set up index.
2026-01-29 18:10:29,580:INFO:Initializing predict_model()
2026-01-29 18:10:29,581:INFO:predict_model(self=<pycaret.classification.oop.ClassificationExperiment object at 0x000002279AB4A7D0>, estimator=Pipeline(memory=Memory(location=None),
         steps=[('numerical_imputer',
                 TransformerWrapper(include=['credit_score', 'age', 'tenure',
                                             'balance', 'products_number',
                                             'estimated_salary',
                                             'balance_salary_ratio',
                                             'tenure_age_ratio',
                                             'credit_score_age_ratio',
                                             'balance_per_product'],
                                    transformer=SimpleImputer())),
                ('categorical_imputer',
                 TransformerWrapper(include=['gender'...
                                    transformer=OneHotEncoder(cols=['country'],
                                                              handle_missing='return_nan',
                                                              use_cat_names=True))),
                ('remove_multicollinearity',
                 TransformerWrapper(exclude=[],
                                    transformer=RemoveMulticollinearity(threshold=0.9))),
                ('balance',
                 TransformerWrapper(transformer=FixImbalancer(estimator=SMOTE(random_state=42)))),
                ('actual_estimator',
                 <catboost.core.CatBoostClassifier object at 0x000002279A6DC590>)]), probability_threshold=None, encoded_labels=False, raw_score=False, round=4, verbose=True, ml_usecase=None, preprocess=True, encode_labels=<function _SupervisedExperiment.predict_model.<locals>.encode_labels at 0x00000227D4032E80>)
2026-01-29 18:10:29,581:INFO:Checking exceptions
2026-01-29 18:10:29,581:INFO:Preloading libraries
2026-01-29 18:10:29,582:INFO:Set up data.
2026-01-29 18:10:29,586:INFO:Set up index.
2026-01-29 18:10:33,676:INFO:Initializing predict_model()
2026-01-29 18:10:33,676:INFO:predict_model(self=<pycaret.classification.oop.ClassificationExperiment object at 0x000002279AB49E50>, estimator=Pipeline(memory=Memory(location=None),
         steps=[('numerical_imputer',
                 TransformerWrapper(include=['credit_score', 'age', 'tenure',
                                             'balance', 'products_number',
                                             'estimated_salary',
                                             'balance_salary_ratio',
                                             'tenure_age_ratio',
                                             'credit_score_age_ratio',
                                             'balance_per_product'],
                                    transformer=SimpleImputer())),
                ('categorical_imputer',
                 TransformerWrapper(include=['gender'...
                                    transformer=OneHotEncoder(cols=['country'],
                                                              handle_missing='return_nan',
                                                              use_cat_names=True))),
                ('remove_multicollinearity',
                 TransformerWrapper(exclude=[],
                                    transformer=RemoveMulticollinearity(threshold=0.9))),
                ('balance',
                 TransformerWrapper(transformer=FixImbalancer(estimator=SMOTE(random_state=42)))),
                ('actual_estimator',
                 <catboost.core.CatBoostClassifier object at 0x000002279A6DC590>)]), probability_threshold=None, encoded_labels=False, raw_score=False, round=4, verbose=True, ml_usecase=None, preprocess=True, encode_labels=<function _SupervisedExperiment.predict_model.<locals>.encode_labels at 0x000002279731C0E0>)
2026-01-29 18:10:33,676:INFO:Checking exceptions
2026-01-29 18:10:33,676:INFO:Preloading libraries
2026-01-29 18:10:33,676:INFO:Set up data.
2026-01-29 18:10:33,681:INFO:Set up index.
2026-01-29 18:10:38,773:INFO:Initializing predict_model()
2026-01-29 18:10:38,773:INFO:predict_model(self=<pycaret.classification.oop.ClassificationExperiment object at 0x000002279AB49F50>, estimator=Pipeline(memory=Memory(location=None),
         steps=[('numerical_imputer',
                 TransformerWrapper(include=['credit_score', 'age', 'tenure',
                                             'balance', 'products_number',
                                             'estimated_salary',
                                             'balance_salary_ratio',
                                             'tenure_age_ratio',
                                             'credit_score_age_ratio',
                                             'balance_per_product'],
                                    transformer=SimpleImputer())),
                ('categorical_imputer',
                 TransformerWrapper(include=['gender'...
                                    transformer=OneHotEncoder(cols=['country'],
                                                              handle_missing='return_nan',
                                                              use_cat_names=True))),
                ('remove_multicollinearity',
                 TransformerWrapper(exclude=[],
                                    transformer=RemoveMulticollinearity(threshold=0.9))),
                ('balance',
                 TransformerWrapper(transformer=FixImbalancer(estimator=SMOTE(random_state=42)))),
                ('actual_estimator',
                 <catboost.core.CatBoostClassifier object at 0x000002279A6DC590>)]), probability_threshold=None, encoded_labels=False, raw_score=False, round=4, verbose=True, ml_usecase=None, preprocess=True, encode_labels=<function _SupervisedExperiment.predict_model.<locals>.encode_labels at 0x000002279A933420>)
2026-01-29 18:10:38,773:INFO:Checking exceptions
2026-01-29 18:10:38,773:INFO:Preloading libraries
2026-01-29 18:10:38,773:INFO:Set up data.
2026-01-29 18:10:38,773:INFO:Set up index.
2026-01-29 18:12:57,262:INFO:Initializing predict_model()
2026-01-29 18:12:57,262:INFO:predict_model(self=<pycaret.classification.oop.ClassificationExperiment object at 0x000002279AE67690>, estimator=Pipeline(memory=Memory(location=None),
         steps=[('numerical_imputer',
                 TransformerWrapper(include=['credit_score', 'age', 'tenure',
                                             'balance', 'products_number',
                                             'estimated_salary',
                                             'balance_salary_ratio',
                                             'tenure_age_ratio',
                                             'credit_score_age_ratio',
                                             'balance_per_product'],
                                    transformer=SimpleImputer())),
                ('categorical_imputer',
                 TransformerWrapper(include=['gender'...
                                    transformer=OneHotEncoder(cols=['country'],
                                                              handle_missing='return_nan',
                                                              use_cat_names=True))),
                ('remove_multicollinearity',
                 TransformerWrapper(exclude=[],
                                    transformer=RemoveMulticollinearity(threshold=0.9))),
                ('balance',
                 TransformerWrapper(transformer=FixImbalancer(estimator=SMOTE(random_state=42)))),
                ('actual_estimator',
                 <catboost.core.CatBoostClassifier object at 0x000002279A6DC590>)]), probability_threshold=None, encoded_labels=False, raw_score=False, round=4, verbose=True, ml_usecase=None, preprocess=True, encode_labels=<function _SupervisedExperiment.predict_model.<locals>.encode_labels at 0x000002279731C5E0>)
2026-01-29 18:12:57,269:INFO:Checking exceptions
2026-01-29 18:12:57,269:INFO:Preloading libraries
2026-01-29 18:12:57,269:INFO:Set up data.
2026-01-29 18:12:57,271:INFO:Set up index.
2026-01-29 18:13:22,379:INFO:Initializing predict_model()
2026-01-29 18:13:22,379:INFO:predict_model(self=<pycaret.classification.oop.ClassificationExperiment object at 0x000002279AE0E310>, estimator=Pipeline(memory=Memory(location=None),
         steps=[('numerical_imputer',
                 TransformerWrapper(include=['credit_score', 'age', 'tenure',
                                             'balance', 'products_number',
                                             'estimated_salary',
                                             'balance_salary_ratio',
                                             'tenure_age_ratio',
                                             'credit_score_age_ratio',
                                             'balance_per_product'],
                                    transformer=SimpleImputer())),
                ('categorical_imputer',
                 TransformerWrapper(include=['gender'...
                                    transformer=OneHotEncoder(cols=['country'],
                                                              handle_missing='return_nan',
                                                              use_cat_names=True))),
                ('remove_multicollinearity',
                 TransformerWrapper(exclude=[],
                                    transformer=RemoveMulticollinearity(threshold=0.9))),
                ('balance',
                 TransformerWrapper(transformer=FixImbalancer(estimator=SMOTE(random_state=42)))),
                ('actual_estimator',
                 <catboost.core.CatBoostClassifier object at 0x000002279A6DC590>)]), probability_threshold=None, encoded_labels=False, raw_score=False, round=4, verbose=True, ml_usecase=None, preprocess=True, encode_labels=<function _SupervisedExperiment.predict_model.<locals>.encode_labels at 0x000002279AF03D80>)
2026-01-29 18:13:22,379:INFO:Checking exceptions
2026-01-29 18:13:22,379:INFO:Preloading libraries
2026-01-29 18:13:22,379:INFO:Set up data.
2026-01-29 18:13:22,379:INFO:Set up index.
2026-01-29 18:16:22,938:INFO:Initializing predict_model()
2026-01-29 18:16:22,938:INFO:predict_model(self=<pycaret.classification.oop.ClassificationExperiment object at 0x000002279A76E310>, estimator=Pipeline(memory=Memory(location=None),
         steps=[('numerical_imputer',
                 TransformerWrapper(include=['credit_score', 'age', 'tenure',
                                             'balance', 'products_number',
                                             'estimated_salary',
                                             'balance_salary_ratio',
                                             'tenure_age_ratio',
                                             'credit_score_age_ratio',
                                             'balance_per_product'],
                                    transformer=SimpleImputer())),
                ('categorical_imputer',
                 TransformerWrapper(include=['gender'...
                                    transformer=OneHotEncoder(cols=['country'],
                                                              handle_missing='return_nan',
                                                              use_cat_names=True))),
                ('remove_multicollinearity',
                 TransformerWrapper(exclude=[],
                                    transformer=RemoveMulticollinearity(threshold=0.9))),
                ('balance',
                 TransformerWrapper(transformer=FixImbalancer(estimator=SMOTE(random_state=42)))),
                ('actual_estimator',
                 <catboost.core.CatBoostClassifier object at 0x000002279A6DC590>)]), probability_threshold=None, encoded_labels=False, raw_score=False, round=4, verbose=True, ml_usecase=None, preprocess=True, encode_labels=<function _SupervisedExperiment.predict_model.<locals>.encode_labels at 0x000002279AA83880>)
2026-01-29 18:16:22,938:INFO:Checking exceptions
2026-01-29 18:16:22,938:INFO:Preloading libraries
2026-01-29 18:16:22,938:INFO:Set up data.
2026-01-29 18:16:22,947:INFO:Set up index.
2026-01-29 21:12:14,396:WARNING:
'cuml' is a soft dependency and not included in the pycaret installation. Please run: `pip install cuml` to install.
2026-01-29 21:12:14,396:WARNING:
'cuml' is a soft dependency and not included in the pycaret installation. Please run: `pip install cuml` to install.
2026-01-29 21:12:14,396:WARNING:
'cuml' is a soft dependency and not included in the pycaret installation. Please run: `pip install cuml` to install.
2026-01-29 21:12:14,396:WARNING:
'cuml' is a soft dependency and not included in the pycaret installation. Please run: `pip install cuml` to install.
2026-01-29 21:12:16,406:INFO:Initializing load_model()
2026-01-29 21:12:16,406:INFO:load_model(model_name=models/catboost_classifier_model, platform=None, authentication=None, verbose=True)
2026-01-29 21:12:33,736:INFO:Initializing predict_model()
2026-01-29 21:12:33,736:INFO:predict_model(self=<pycaret.classification.oop.ClassificationExperiment object at 0x00000287283D9FD0>, estimator=Pipeline(memory=Memory(location=None),
         steps=[('numerical_imputer',
                 TransformerWrapper(include=['credit_score', 'age', 'tenure',
                                             'balance', 'products_number',
                                             'estimated_salary',
                                             'balance_salary_ratio',
                                             'tenure_age_ratio',
                                             'credit_score_age_ratio',
                                             'balance_per_product'],
                                    transformer=SimpleImputer())),
                ('categorical_imputer',
                 TransformerWrapper(include=['gender'...
                                    transformer=OneHotEncoder(cols=['country'],
                                                              handle_missing='return_nan',
                                                              use_cat_names=True))),
                ('remove_multicollinearity',
                 TransformerWrapper(exclude=[],
                                    transformer=RemoveMulticollinearity(threshold=0.9))),
                ('balance',
                 TransformerWrapper(transformer=FixImbalancer(estimator=SMOTE(random_state=42)))),
                ('actual_estimator',
                 <catboost.core.CatBoostClassifier object at 0x00000287283C07D0>)]), probability_threshold=None, encoded_labels=False, raw_score=False, round=4, verbose=True, ml_usecase=None, preprocess=True, encode_labels=<function _SupervisedExperiment.predict_model.<locals>.encode_labels at 0x00000287286AE700>)
2026-01-29 21:12:33,736:INFO:Checking exceptions
2026-01-29 21:12:33,746:INFO:Preloading libraries
2026-01-29 21:12:33,746:INFO:Set up data.
2026-01-29 21:12:33,750:INFO:Set up index.
2026-01-29 21:12:58,612:INFO:Initializing predict_model()
2026-01-29 21:12:58,612:INFO:predict_model(self=<pycaret.classification.oop.ClassificationExperiment object at 0x00000287283EE050>, estimator=Pipeline(memory=Memory(location=None),
         steps=[('numerical_imputer',
                 TransformerWrapper(include=['credit_score', 'age', 'tenure',
                                             'balance', 'products_number',
                                             'estimated_salary',
                                             'balance_salary_ratio',
                                             'tenure_age_ratio',
                                             'credit_score_age_ratio',
                                             'balance_per_product'],
                                    transformer=SimpleImputer())),
                ('categorical_imputer',
                 TransformerWrapper(include=['gender'...
                                    transformer=OneHotEncoder(cols=['country'],
                                                              handle_missing='return_nan',
                                                              use_cat_names=True))),
                ('remove_multicollinearity',
                 TransformerWrapper(exclude=[],
                                    transformer=RemoveMulticollinearity(threshold=0.9))),
                ('balance',
                 TransformerWrapper(transformer=FixImbalancer(estimator=SMOTE(random_state=42)))),
                ('actual_estimator',
                 <catboost.core.CatBoostClassifier object at 0x00000287283C07D0>)]), probability_threshold=None, encoded_labels=False, raw_score=False, round=4, verbose=True, ml_usecase=None, preprocess=True, encode_labels=<function _SupervisedExperiment.predict_model.<locals>.encode_labels at 0x000002872877CCC0>)
2026-01-29 21:12:58,612:INFO:Checking exceptions
2026-01-29 21:12:58,612:INFO:Preloading libraries
2026-01-29 21:12:58,612:INFO:Set up data.
2026-01-29 21:12:58,613:INFO:Set up index.
2026-01-29 21:13:02,876:INFO:Initializing predict_model()
2026-01-29 21:13:02,876:INFO:predict_model(self=<pycaret.classification.oop.ClassificationExperiment object at 0x000002872843EA90>, estimator=Pipeline(memory=Memory(location=None),
         steps=[('numerical_imputer',
                 TransformerWrapper(include=['credit_score', 'age', 'tenure',
                                             'balance', 'products_number',
                                             'estimated_salary',
                                             'balance_salary_ratio',
                                             'tenure_age_ratio',
                                             'credit_score_age_ratio',
                                             'balance_per_product'],
                                    transformer=SimpleImputer())),
                ('categorical_imputer',
                 TransformerWrapper(include=['gender'...
                                    transformer=OneHotEncoder(cols=['country'],
                                                              handle_missing='return_nan',
                                                              use_cat_names=True))),
                ('remove_multicollinearity',
                 TransformerWrapper(exclude=[],
                                    transformer=RemoveMulticollinearity(threshold=0.9))),
                ('balance',
                 TransformerWrapper(transformer=FixImbalancer(estimator=SMOTE(random_state=42)))),
                ('actual_estimator',
                 <catboost.core.CatBoostClassifier object at 0x00000287283C07D0>)]), probability_threshold=None, encoded_labels=False, raw_score=False, round=4, verbose=True, ml_usecase=None, preprocess=True, encode_labels=<function _SupervisedExperiment.predict_model.<locals>.encode_labels at 0x000002872877DA80>)
2026-01-29 21:13:02,876:INFO:Checking exceptions
2026-01-29 21:13:02,876:INFO:Preloading libraries
2026-01-29 21:13:02,876:INFO:Set up data.
2026-01-29 21:13:02,881:INFO:Set up index.
2026-01-29 21:13:09,800:INFO:Initializing predict_model()
2026-01-29 21:13:09,800:INFO:predict_model(self=<pycaret.classification.oop.ClassificationExperiment object at 0x00000287283CE1D0>, estimator=Pipeline(memory=Memory(location=None),
         steps=[('numerical_imputer',
                 TransformerWrapper(include=['credit_score', 'age', 'tenure',
                                             'balance', 'products_number',
                                             'estimated_salary',
                                             'balance_salary_ratio',
                                             'tenure_age_ratio',
                                             'credit_score_age_ratio',
                                             'balance_per_product'],
                                    transformer=SimpleImputer())),
                ('categorical_imputer',
                 TransformerWrapper(include=['gender'...
                                    transformer=OneHotEncoder(cols=['country'],
                                                              handle_missing='return_nan',
                                                              use_cat_names=True))),
                ('remove_multicollinearity',
                 TransformerWrapper(exclude=[],
                                    transformer=RemoveMulticollinearity(threshold=0.9))),
                ('balance',
                 TransformerWrapper(transformer=FixImbalancer(estimator=SMOTE(random_state=42)))),
                ('actual_estimator',
                 <catboost.core.CatBoostClassifier object at 0x00000287283C07D0>)]), probability_threshold=None, encoded_labels=False, raw_score=False, round=4, verbose=True, ml_usecase=None, preprocess=True, encode_labels=<function _SupervisedExperiment.predict_model.<locals>.encode_labels at 0x000002872877CCC0>)
2026-01-29 21:13:09,800:INFO:Checking exceptions
2026-01-29 21:13:09,800:INFO:Preloading libraries
2026-01-29 21:13:09,800:INFO:Set up data.
2026-01-29 21:13:09,803:INFO:Set up index.
2026-01-29 21:13:13,949:INFO:Initializing predict_model()
2026-01-29 21:13:13,949:INFO:predict_model(self=<pycaret.classification.oop.ClassificationExperiment object at 0x0000028728796690>, estimator=Pipeline(memory=Memory(location=None),
         steps=[('numerical_imputer',
                 TransformerWrapper(include=['credit_score', 'age', 'tenure',
                                             'balance', 'products_number',
                                             'estimated_salary',
                                             'balance_salary_ratio',
                                             'tenure_age_ratio',
                                             'credit_score_age_ratio',
                                             'balance_per_product'],
                                    transformer=SimpleImputer())),
                ('categorical_imputer',
                 TransformerWrapper(include=['gender'...
                                    transformer=OneHotEncoder(cols=['country'],
                                                              handle_missing='return_nan',
                                                              use_cat_names=True))),
                ('remove_multicollinearity',
                 TransformerWrapper(exclude=[],
                                    transformer=RemoveMulticollinearity(threshold=0.9))),
                ('balance',
                 TransformerWrapper(transformer=FixImbalancer(estimator=SMOTE(random_state=42)))),
                ('actual_estimator',
                 <catboost.core.CatBoostClassifier object at 0x00000287283C07D0>)]), probability_threshold=None, encoded_labels=False, raw_score=False, round=4, verbose=True, ml_usecase=None, preprocess=True, encode_labels=<function _SupervisedExperiment.predict_model.<locals>.encode_labels at 0x00000287031428E0>)
2026-01-29 21:13:13,949:INFO:Checking exceptions
2026-01-29 21:13:13,949:INFO:Preloading libraries
2026-01-29 21:13:13,949:INFO:Set up data.
2026-01-29 21:13:13,949:INFO:Set up index.
2026-01-29 21:13:18,206:INFO:Initializing predict_model()
2026-01-29 21:13:18,206:INFO:predict_model(self=<pycaret.classification.oop.ClassificationExperiment object at 0x0000028728828BD0>, estimator=Pipeline(memory=Memory(location=None),
         steps=[('numerical_imputer',
                 TransformerWrapper(include=['credit_score', 'age', 'tenure',
                                             'balance', 'products_number',
                                             'estimated_salary',
                                             'balance_salary_ratio',
                                             'tenure_age_ratio',
                                             'credit_score_age_ratio',
                                             'balance_per_product'],
                                    transformer=SimpleImputer())),
                ('categorical_imputer',
                 TransformerWrapper(include=['gender'...
                                    transformer=OneHotEncoder(cols=['country'],
                                                              handle_missing='return_nan',
                                                              use_cat_names=True))),
                ('remove_multicollinearity',
                 TransformerWrapper(exclude=[],
                                    transformer=RemoveMulticollinearity(threshold=0.9))),
                ('balance',
                 TransformerWrapper(transformer=FixImbalancer(estimator=SMOTE(random_state=42)))),
                ('actual_estimator',
                 <catboost.core.CatBoostClassifier object at 0x00000287283C07D0>)]), probability_threshold=None, encoded_labels=False, raw_score=False, round=4, verbose=True, ml_usecase=None, preprocess=True, encode_labels=<function _SupervisedExperiment.predict_model.<locals>.encode_labels at 0x000002872877CFE0>)
2026-01-29 21:13:18,206:INFO:Checking exceptions
2026-01-29 21:13:18,206:INFO:Preloading libraries
2026-01-29 21:13:18,206:INFO:Set up data.
2026-01-29 21:13:18,206:INFO:Set up index.
2026-01-29 22:44:30,557:WARNING:
'cuml' is a soft dependency and not included in the pycaret installation. Please run: `pip install cuml` to install.
2026-01-29 22:44:30,557:WARNING:
'cuml' is a soft dependency and not included in the pycaret installation. Please run: `pip install cuml` to install.
2026-01-29 22:44:30,557:WARNING:
'cuml' is a soft dependency and not included in the pycaret installation. Please run: `pip install cuml` to install.
2026-01-29 22:44:30,557:WARNING:
'cuml' is a soft dependency and not included in the pycaret installation. Please run: `pip install cuml` to install.
2026-01-29 22:44:31,465:INFO:PyCaret ClassificationExperiment
2026-01-29 22:44:31,465:INFO:Logging name: clf-default-name
2026-01-29 22:44:31,465:INFO:ML Usecase: MLUsecase.CLASSIFICATION
2026-01-29 22:44:31,465:INFO:version 3.3.2
2026-01-29 22:44:31,465:INFO:Initializing setup()
2026-01-29 22:44:31,465:INFO:self.USI: c652
2026-01-29 22:44:31,465:INFO:self._variable_keys: {'is_multiclass', 'exp_name_log', 'fold_generator', 'gpu_n_jobs_param', 'gpu_param', 'fold_groups_param', 'html_param', 'logging_param', 'memory', 'USI', 'X', 'pipeline', 'X_train', 'fix_imbalance', 'data', 'log_plots_param', 'y', 'idx', 'n_jobs_param', '_available_plots', 'y_test', 'exp_id', 'y_train', '_ml_usecase', 'fold_shuffle_param', 'target_param', 'X_test', 'seed'}
2026-01-29 22:44:31,465:INFO:Checking environment
2026-01-29 22:44:31,465:INFO:python_version: 3.11.9
2026-01-29 22:44:31,465:INFO:python_build: ('tags/v3.11.9:de54cf5', 'Apr  2 2024 10:12:12')
2026-01-29 22:44:31,465:INFO:machine: AMD64
2026-01-29 22:44:31,481:INFO:platform: Windows-10-10.0.26200-SP0
2026-01-29 22:44:31,481:INFO:Memory: svmem(total=16779837440, available=7386468352, percent=56.0, used=9393369088, free=7386468352)
2026-01-29 22:44:31,482:INFO:Physical Core: 12
2026-01-29 22:44:31,482:INFO:Logical Core: 16
2026-01-29 22:44:31,482:INFO:Checking libraries
2026-01-29 22:44:31,482:INFO:System:
2026-01-29 22:44:31,482:INFO:    python: 3.11.9 (tags/v3.11.9:de54cf5, Apr  2 2024, 10:12:12) [MSC v.1938 64 bit (AMD64)]
2026-01-29 22:44:31,482:INFO:executable: C:\Users\Rajeev kumar\Desktop\Bank customer churn prediction\venv\Scripts\python.exe
2026-01-29 22:44:31,482:INFO:   machine: Windows-10-10.0.26200-SP0
2026-01-29 22:44:31,482:INFO:PyCaret required dependencies:
2026-01-29 22:44:31,509:INFO:                 pip: 24.0
2026-01-29 22:44:31,509:INFO:          setuptools: 65.5.0
2026-01-29 22:44:31,509:INFO:             pycaret: 3.3.2
2026-01-29 22:44:31,509:INFO:             IPython: 9.9.0
2026-01-29 22:44:31,509:INFO:          ipywidgets: 8.1.8
2026-01-29 22:44:31,509:INFO:                tqdm: 4.67.1
2026-01-29 22:44:31,509:INFO:               numpy: 1.26.4
2026-01-29 22:44:31,509:INFO:              pandas: 2.1.4
2026-01-29 22:44:31,509:INFO:              jinja2: 3.1.6
2026-01-29 22:44:31,509:INFO:               scipy: 1.11.4
2026-01-29 22:44:31,509:INFO:              joblib: 1.3.2
2026-01-29 22:44:31,509:INFO:             sklearn: 1.4.2
2026-01-29 22:44:31,509:INFO:                pyod: 2.0.6
2026-01-29 22:44:31,509:INFO:            imblearn: 0.14.1
2026-01-29 22:44:31,509:INFO:   category_encoders: 2.7.0
2026-01-29 22:44:31,509:INFO:            lightgbm: 4.6.0
2026-01-29 22:44:31,509:INFO:               numba: 0.63.1
2026-01-29 22:44:31,509:INFO:            requests: 2.32.5
2026-01-29 22:44:31,510:INFO:          matplotlib: 3.7.5
2026-01-29 22:44:31,510:INFO:          scikitplot: 0.3.7
2026-01-29 22:44:31,510:INFO:         yellowbrick: 1.5
2026-01-29 22:44:31,510:INFO:              plotly: 6.5.2
2026-01-29 22:44:31,510:INFO:    plotly-resampler: Not installed
2026-01-29 22:44:31,510:INFO:             kaleido: 1.2.0
2026-01-29 22:44:31,510:INFO:           schemdraw: 0.15
2026-01-29 22:44:31,510:INFO:         statsmodels: 0.14.6
2026-01-29 22:44:31,510:INFO:              sktime: 0.26.0
2026-01-29 22:44:31,510:INFO:               tbats: 1.1.3
2026-01-29 22:44:31,510:INFO:            pmdarima: 2.0.4
2026-01-29 22:44:31,510:INFO:              psutil: 7.2.1
2026-01-29 22:44:31,510:INFO:          markupsafe: 3.0.3
2026-01-29 22:44:31,510:INFO:             pickle5: Not installed
2026-01-29 22:44:31,510:INFO:         cloudpickle: 3.1.2
2026-01-29 22:44:31,510:INFO:         deprecation: 2.1.0
2026-01-29 22:44:31,510:INFO:              xxhash: 3.6.0
2026-01-29 22:44:31,510:INFO:           wurlitzer: Not installed
2026-01-29 22:44:31,510:INFO:PyCaret optional dependencies:
2026-01-29 22:44:31,534:INFO:                shap: 0.49.1
2026-01-29 22:44:31,534:INFO:           interpret: Not installed
2026-01-29 22:44:31,534:INFO:                umap: Not installed
2026-01-29 22:44:31,534:INFO:     ydata_profiling: Not installed
2026-01-29 22:44:31,534:INFO:  explainerdashboard: Not installed
2026-01-29 22:44:31,534:INFO:             autoviz: Not installed
2026-01-29 22:44:31,535:INFO:           fairlearn: Not installed
2026-01-29 22:44:31,535:INFO:          deepchecks: Not installed
2026-01-29 22:44:31,535:INFO:             xgboost: 3.1.3
2026-01-29 22:44:31,535:INFO:            catboost: 1.2.8
2026-01-29 22:44:31,535:INFO:              kmodes: Not installed
2026-01-29 22:44:31,535:INFO:             mlxtend: Not installed
2026-01-29 22:44:31,535:INFO:       statsforecast: Not installed
2026-01-29 22:44:31,535:INFO:        tune_sklearn: Not installed
2026-01-29 22:44:31,535:INFO:                 ray: Not installed
2026-01-29 22:44:31,535:INFO:            hyperopt: Not installed
2026-01-29 22:44:31,535:INFO:              optuna: Not installed
2026-01-29 22:44:31,535:INFO:               skopt: Not installed
2026-01-29 22:44:31,535:INFO:              mlflow: Not installed
2026-01-29 22:44:31,535:INFO:              gradio: Not installed
2026-01-29 22:44:31,535:INFO:             fastapi: Not installed
2026-01-29 22:44:31,535:INFO:             uvicorn: Not installed
2026-01-29 22:44:31,535:INFO:              m2cgen: Not installed
2026-01-29 22:44:31,535:INFO:           evidently: Not installed
2026-01-29 22:44:31,535:INFO:               fugue: Not installed
2026-01-29 22:44:31,535:INFO:           streamlit: 1.53.1
2026-01-29 22:44:31,535:INFO:             prophet: Not installed
2026-01-29 22:44:31,535:INFO:None
2026-01-29 22:44:31,535:INFO:Set up data.
2026-01-29 22:44:31,541:INFO:Set up folding strategy.
2026-01-29 22:44:31,542:INFO:Set up train/test split.
2026-01-29 22:44:31,550:INFO:Set up index.
2026-01-29 22:44:31,550:INFO:Assigning column types.
2026-01-29 22:44:31,557:INFO:Engine successfully changes for model 'lr' to 'sklearn'.
2026-01-29 22:44:31,571:INFO:Engine for model 'knn' has not been set explicitly, hence returning None.
2026-01-29 22:44:31,592:INFO:Engine for model 'rbfsvm' has not been set explicitly, hence returning None.
2026-01-29 22:44:31,667:INFO:Soft dependency imported: xgboost: 3.1.3
2026-01-29 22:44:31,667:INFO:Soft dependency imported: catboost: 1.2.8
2026-01-29 22:44:31,715:INFO:Engine for model 'knn' has not been set explicitly, hence returning None.
2026-01-29 22:44:31,715:INFO:Engine for model 'rbfsvm' has not been set explicitly, hence returning None.
2026-01-29 22:44:31,731:INFO:Soft dependency imported: xgboost: 3.1.3
2026-01-29 22:44:31,731:INFO:Soft dependency imported: catboost: 1.2.8
2026-01-29 22:44:31,731:INFO:Engine successfully changes for model 'knn' to 'sklearn'.
2026-01-29 22:44:31,747:INFO:Engine for model 'rbfsvm' has not been set explicitly, hence returning None.
2026-01-29 22:44:31,763:INFO:Soft dependency imported: xgboost: 3.1.3
2026-01-29 22:44:31,763:INFO:Soft dependency imported: catboost: 1.2.8
2026-01-29 22:44:31,793:INFO:Engine for model 'rbfsvm' has not been set explicitly, hence returning None.
2026-01-29 22:44:31,808:INFO:Soft dependency imported: xgboost: 3.1.3
2026-01-29 22:44:31,813:INFO:Soft dependency imported: catboost: 1.2.8
2026-01-29 22:44:31,813:INFO:Engine successfully changes for model 'rbfsvm' to 'sklearn'.
2026-01-29 22:44:31,840:INFO:Soft dependency imported: xgboost: 3.1.3
2026-01-29 22:44:31,856:INFO:Soft dependency imported: catboost: 1.2.8
2026-01-29 22:44:31,888:INFO:Soft dependency imported: xgboost: 3.1.3
2026-01-29 22:44:31,888:INFO:Soft dependency imported: catboost: 1.2.8
2026-01-29 22:44:31,904:INFO:Preparing preprocessing pipeline...
2026-01-29 22:44:31,904:INFO:Set up simple imputation.
2026-01-29 22:44:31,914:INFO:Set up encoding of ordinal features.
2026-01-29 22:44:31,914:INFO:Set up encoding of categorical features.
2026-01-29 22:44:31,914:INFO:Set up removing multicollinearity.
2026-01-29 22:44:31,914:INFO:Set up imbalanced handling.
2026-01-29 22:44:32,064:INFO:Finished creating preprocessing pipeline.
2026-01-29 22:44:32,098:INFO:Pipeline: Pipeline(memory=FastMemory(location=C:\Users\RAJEEV~1\AppData\Local\Temp\joblib),
         steps=[('numerical_imputer',
                 TransformerWrapper(exclude=None,
                                    include=['credit_score', 'age', 'tenure',
                                             'balance', 'products_number',
                                             'estimated_salary',
                                             'balance_salary_ratio',
                                             'tenure_age_ratio',
                                             'credit_score_age_ratio',
                                             'balance_per_product'],
                                    transformer=SimpleImputer(add_ind...
                                                              handle_unknown='value',
                                                              return_df=True,
                                                              use_cat_names=True,
                                                              verbose=0))),
                ('remove_multicollinearity',
                 TransformerWrapper(exclude=[], include=None,
                                    transformer=RemoveMulticollinearity(threshold=0.9))),
                ('balance',
                 TransformerWrapper(exclude=None, include=None,
                                    transformer=FixImbalancer(estimator=SMOTE(k_neighbors=5,
                                                                              random_state=42,
                                                                              sampling_strategy='auto'))))],
         verbose=False)
2026-01-29 22:44:32,098:INFO:Creating final display dataframe.
2026-01-29 22:44:32,236:INFO:Setup _display_container:                     Description             Value
0                    Session id                42
1                        Target             churn
2                   Target type            Binary
3           Original data shape       (10000, 16)
4        Transformed data shape       (14148, 17)
5   Transformed train set shape       (11148, 17)
6    Transformed test set shape        (3000, 17)
7              Numeric features                10
8          Categorical features                 5
9                    Preprocess              True
10              Imputation type            simple
11           Numeric imputation              mean
12       Categorical imputation              mode
13     Maximum one-hot encoding                25
14              Encoding method              None
15     Remove multicollinearity              True
16  Multicollinearity threshold               0.9
17                Fix imbalance              True
18         Fix imbalance method             SMOTE
19               Fold Generator   StratifiedKFold
20                  Fold Number                 5
21                     CPU Jobs                -1
22                      Use GPU             False
23               Log Experiment             False
24              Experiment Name  clf-default-name
25                          USI              c652
2026-01-29 22:44:32,284:INFO:Soft dependency imported: xgboost: 3.1.3
2026-01-29 22:44:32,284:INFO:Soft dependency imported: catboost: 1.2.8
2026-01-29 22:44:32,316:INFO:Soft dependency imported: xgboost: 3.1.3
2026-01-29 22:44:32,316:INFO:Soft dependency imported: catboost: 1.2.8
2026-01-29 22:44:32,316:INFO:setup() successfully completed in 0.86s...............
2026-01-29 22:44:32,316:INFO:Initializing create_model()
2026-01-29 22:44:32,316:INFO:create_model(self=<pycaret.classification.oop.ClassificationExperiment object at 0x00000271DD3FB250>, estimator=catboost, fold=None, round=4, cross_validation=True, predict=True, fit_kwargs=None, groups=None, refit=True, probability_threshold=None, experiment_custom_tags=None, verbose=True, system=True, add_to_model_list=True, metrics=None, display=None, model_only=True, return_train_score=False, error_score=0.0, kwargs={})
2026-01-29 22:44:32,316:INFO:Checking exceptions
2026-01-29 22:44:32,332:INFO:Importing libraries
2026-01-29 22:44:32,332:INFO:Copying training dataset
2026-01-29 22:44:32,340:INFO:Defining folds
2026-01-29 22:44:32,340:INFO:Declaring metric variables
2026-01-29 22:44:32,340:INFO:Importing untrained model
2026-01-29 22:44:32,340:INFO:CatBoost Classifier Imported successfully
2026-01-29 22:44:32,340:INFO:Starting cross validation
2026-01-29 22:44:32,340:INFO:Cross validating with StratifiedKFold(n_splits=5, random_state=None, shuffle=False), n_jobs=-1
2026-01-29 22:44:40,832:INFO:Calculating mean and std
2026-01-29 22:44:40,834:INFO:Creating metrics dataframe
2026-01-29 22:44:40,836:INFO:Finalizing model
2026-01-29 22:44:40,901:WARNING:C:\Users\Rajeev kumar\Desktop\Bank customer churn prediction\venv\Lib\site-packages\joblib\externals\loky\backend\context.py:136: UserWarning: Could not find the number of physical cores for the following reason:
[WinError 2] The system cannot find the file specified
Returning the number of logical cores instead. You can silence this warning by setting LOKY_MAX_CPU_COUNT to the number of cores you want to use.
  warnings.warn(

2026-01-29 22:44:40,901:WARNING:  File "C:\Users\Rajeev kumar\Desktop\Bank customer churn prediction\venv\Lib\site-packages\joblib\externals\loky\backend\context.py", line 257, in _count_physical_cores
2026-01-29 22:44:40,901:WARNING:    cpu_info = subprocess.run(
2026-01-29 22:44:40,901:WARNING:               ^^^^^^^^^^^^^^^
2026-01-29 22:44:40,901:WARNING:  File "C:\Program Files\WindowsApps\PythonSoftwareFoundation.Python.3.11_3.11.2544.0_x64__qbz5n2kfra8p0\Lib\subprocess.py", line 548, in run
2026-01-29 22:44:40,901:WARNING:    with Popen(*popenargs, **kwargs) as process:
2026-01-29 22:44:40,901:WARNING:         ^^^^^^^^^^^^^^^^^^^^^^^^^^^
2026-01-29 22:44:40,901:WARNING:  File "C:\Program Files\WindowsApps\PythonSoftwareFoundation.Python.3.11_3.11.2544.0_x64__qbz5n2kfra8p0\Lib\subprocess.py", line 1026, in __init__
2026-01-29 22:44:40,901:WARNING:    self._execute_child(args, executable, preexec_fn, close_fds,
2026-01-29 22:44:40,901:WARNING:  File "C:\Program Files\WindowsApps\PythonSoftwareFoundation.Python.3.11_3.11.2544.0_x64__qbz5n2kfra8p0\Lib\subprocess.py", line 1538, in _execute_child
2026-01-29 22:44:40,901:WARNING:    hp, ht, pid, tid = _winapi.CreateProcess(executable, args,
2026-01-29 22:44:40,901:WARNING:                       ^^^^^^^^^^^^^^^^^^^^^^^^^^^^^^^^^^^^^^^
2026-01-29 22:44:45,588:INFO:Uploading results into container
2026-01-29 22:44:45,588:INFO:Uploading model into container now
2026-01-29 22:44:45,595:INFO:_master_model_container: 1
2026-01-29 22:44:45,595:INFO:_display_container: 2
2026-01-29 22:44:45,595:INFO:<catboost.core.CatBoostClassifier object at 0x00000271DDBB9C10>
2026-01-29 22:44:45,595:INFO:create_model() successfully completed......................................
2026-01-29 22:44:45,652:INFO:Initializing tune_model()
2026-01-29 22:44:45,652:INFO:tune_model(self=<pycaret.classification.oop.ClassificationExperiment object at 0x00000271DD3FB250>, estimator=<catboost.core.CatBoostClassifier object at 0x00000271DDBB9C10>, fold=None, round=4, n_iter=30, custom_grid={'iterations': [200, 400, 600], 'learning_rate': [0.01, 0.05, 0.1], 'depth': [4, 6, 8], 'l2_leaf_reg': [1, 3, 5, 9], 'scale_pos_weight': [1, 3, 4]}, optimize=F1, custom_scorer=None, search_library=scikit-learn, search_algorithm=None, early_stopping=False, early_stopping_max_iters=10, choose_better=True, fit_kwargs=None, groups=None, return_tuner=False, verbose=True, tuner_verbose=True, return_train_score=False, kwargs={})
2026-01-29 22:44:45,652:INFO:Checking exceptions
2026-01-29 22:44:45,659:INFO:Copying training dataset
2026-01-29 22:44:45,659:INFO:Checking base model
2026-01-29 22:44:45,659:INFO:Base model : CatBoost Classifier
2026-01-29 22:44:45,659:INFO:Declaring metric variables
2026-01-29 22:44:45,659:INFO:Defining Hyperparameters
2026-01-29 22:44:45,719:INFO:custom_grid: {'actual_estimator__iterations': [200, 400, 600], 'actual_estimator__learning_rate': [0.01, 0.05, 0.1], 'actual_estimator__depth': [4, 6, 8], 'actual_estimator__l2_leaf_reg': [1, 3, 5, 9], 'actual_estimator__scale_pos_weight': [1, 3, 4]}
2026-01-29 22:44:45,719:INFO:Tuning with n_jobs=-1
2026-01-29 22:44:45,719:INFO:Initializing RandomizedSearchCV
2026-01-29 22:46:28,027:INFO:best_params: {'actual_estimator__scale_pos_weight': 1, 'actual_estimator__learning_rate': 0.01, 'actual_estimator__l2_leaf_reg': 3, 'actual_estimator__iterations': 600, 'actual_estimator__depth': 6}
2026-01-29 22:46:28,027:INFO:Hyperparameter search completed
2026-01-29 22:46:28,027:INFO:SubProcess create_model() called ==================================
2026-01-29 22:46:28,027:INFO:Initializing create_model()
2026-01-29 22:46:28,027:INFO:create_model(self=<pycaret.classification.oop.ClassificationExperiment object at 0x00000271DD3FB250>, estimator=<catboost.core.CatBoostClassifier object at 0x00000271DDD28710>, fold=StratifiedKFold(n_splits=5, random_state=None, shuffle=False), round=4, cross_validation=True, predict=True, fit_kwargs={}, groups=None, refit=True, probability_threshold=None, experiment_custom_tags=None, verbose=True, system=False, add_to_model_list=True, metrics=None, display=<pycaret.internal.display.display.CommonDisplay object at 0x00000271DD93A810>, model_only=True, return_train_score=False, error_score=0.0, kwargs={'scale_pos_weight': 1, 'learning_rate': 0.01, 'l2_leaf_reg': 3, 'iterations': 600, 'depth': 6})
2026-01-29 22:46:28,027:INFO:Checking exceptions
2026-01-29 22:46:28,027:INFO:Importing libraries
2026-01-29 22:46:28,027:INFO:Copying training dataset
2026-01-29 22:46:28,044:INFO:Defining folds
2026-01-29 22:46:28,044:INFO:Declaring metric variables
2026-01-29 22:46:28,044:INFO:Importing untrained model
2026-01-29 22:46:28,044:INFO:Declaring custom model
2026-01-29 22:46:28,045:INFO:CatBoost Classifier Imported successfully
2026-01-29 22:46:28,045:INFO:Starting cross validation
2026-01-29 22:46:28,047:INFO:Cross validating with StratifiedKFold(n_splits=5, random_state=None, shuffle=False), n_jobs=-1
2026-01-29 22:46:31,900:INFO:Calculating mean and std
2026-01-29 22:46:31,901:INFO:Creating metrics dataframe
2026-01-29 22:46:31,904:INFO:Finalizing model
2026-01-29 22:46:35,076:INFO:Uploading results into container
2026-01-29 22:46:35,076:INFO:Uploading model into container now
2026-01-29 22:46:35,076:INFO:_master_model_container: 2
2026-01-29 22:46:35,076:INFO:_display_container: 3
2026-01-29 22:46:35,076:INFO:<catboost.core.CatBoostClassifier object at 0x00000271DD6CB510>
2026-01-29 22:46:35,076:INFO:create_model() successfully completed......................................
2026-01-29 22:46:35,130:INFO:SubProcess create_model() end ==================================
2026-01-29 22:46:35,130:INFO:choose_better activated
2026-01-29 22:46:35,130:INFO:SubProcess create_model() called ==================================
2026-01-29 22:46:35,130:INFO:Initializing create_model()
2026-01-29 22:46:35,130:INFO:create_model(self=<pycaret.classification.oop.ClassificationExperiment object at 0x00000271DD3FB250>, estimator=<catboost.core.CatBoostClassifier object at 0x00000271DDBB9C10>, fold=StratifiedKFold(n_splits=5, random_state=None, shuffle=False), round=4, cross_validation=True, predict=True, fit_kwargs={}, groups=None, refit=True, probability_threshold=None, experiment_custom_tags=None, verbose=False, system=False, add_to_model_list=True, metrics=None, display=None, model_only=True, return_train_score=False, error_score=0.0, kwargs={})
2026-01-29 22:46:35,130:INFO:Checking exceptions
2026-01-29 22:46:35,130:INFO:Importing libraries
2026-01-29 22:46:35,130:INFO:Copying training dataset
2026-01-29 22:46:35,130:INFO:Defining folds
2026-01-29 22:46:35,130:INFO:Declaring metric variables
2026-01-29 22:46:35,130:INFO:Importing untrained model
2026-01-29 22:46:35,130:INFO:Declaring custom model
2026-01-29 22:46:35,130:INFO:CatBoost Classifier Imported successfully
2026-01-29 22:46:35,130:INFO:Starting cross validation
2026-01-29 22:46:35,130:INFO:Cross validating with StratifiedKFold(n_splits=5, random_state=None, shuffle=False), n_jobs=-1
2026-01-29 22:46:41,080:INFO:Calculating mean and std
2026-01-29 22:46:41,080:INFO:Creating metrics dataframe
2026-01-29 22:46:41,081:INFO:Finalizing model
2026-01-29 22:46:46,057:INFO:Uploading results into container
2026-01-29 22:46:46,057:INFO:Uploading model into container now
2026-01-29 22:46:46,057:INFO:_master_model_container: 3
2026-01-29 22:46:46,057:INFO:_display_container: 4
2026-01-29 22:46:46,057:INFO:<catboost.core.CatBoostClassifier object at 0x00000271DD889890>
2026-01-29 22:46:46,057:INFO:create_model() successfully completed......................................
2026-01-29 22:46:46,104:INFO:SubProcess create_model() end ==================================
2026-01-29 22:46:46,117:INFO:<catboost.core.CatBoostClassifier object at 0x00000271DD889890> result for F1 is 0.6034
2026-01-29 22:46:46,117:INFO:<catboost.core.CatBoostClassifier object at 0x00000271DD6CB510> result for F1 is 0.618
2026-01-29 22:46:46,117:INFO:<catboost.core.CatBoostClassifier object at 0x00000271DD6CB510> is best model
2026-01-29 22:46:46,117:INFO:choose_better completed
2026-01-29 22:46:46,117:INFO:_master_model_container: 3
2026-01-29 22:46:46,117:INFO:_display_container: 3
2026-01-29 22:46:46,117:INFO:<catboost.core.CatBoostClassifier object at 0x00000271DD6CB510>
2026-01-29 22:46:46,117:INFO:tune_model() successfully completed......................................
2026-01-29 22:46:46,185:INFO:Initializing finalize_model()
2026-01-29 22:46:46,185:INFO:finalize_model(self=<pycaret.classification.oop.ClassificationExperiment object at 0x00000271DD3FB250>, estimator=<catboost.core.CatBoostClassifier object at 0x00000271DD6CB510>, fit_kwargs=None, groups=None, model_only=False, experiment_custom_tags=None)
2026-01-29 22:46:46,185:INFO:Finalizing <catboost.core.CatBoostClassifier object at 0x00000271DD6CB510>
2026-01-29 22:46:46,185:INFO:Initializing create_model()
2026-01-29 22:46:46,185:INFO:create_model(self=<pycaret.classification.oop.ClassificationExperiment object at 0x00000271DD3FB250>, estimator=<catboost.core.CatBoostClassifier object at 0x00000271DD6CB510>, fold=None, round=4, cross_validation=False, predict=False, fit_kwargs={}, groups=None, refit=True, probability_threshold=None, experiment_custom_tags=None, verbose=False, system=False, add_to_model_list=False, metrics=None, display=None, model_only=False, return_train_score=False, error_score=0.0, kwargs={})
2026-01-29 22:46:46,185:INFO:Checking exceptions
2026-01-29 22:46:46,192:INFO:Importing libraries
2026-01-29 22:46:46,192:INFO:Copying training dataset
2026-01-29 22:46:46,192:INFO:Defining folds
2026-01-29 22:46:46,192:INFO:Declaring metric variables
2026-01-29 22:46:46,192:INFO:Importing untrained model
2026-01-29 22:46:46,192:INFO:Declaring custom model
2026-01-29 22:46:46,192:INFO:CatBoost Classifier Imported successfully
2026-01-29 22:46:46,192:INFO:Cross validation set to False
2026-01-29 22:46:46,192:INFO:Fitting Model
2026-01-29 22:46:49,714:INFO:Pipeline(memory=Memory(location=None),
         steps=[('numerical_imputer',
                 TransformerWrapper(exclude=None,
                                    include=['credit_score', 'age', 'tenure',
                                             'balance', 'products_number',
                                             'estimated_salary',
                                             'balance_salary_ratio',
                                             'tenure_age_ratio',
                                             'credit_score_age_ratio',
                                             'balance_per_product'],
                                    transformer=SimpleImputer(add_indicator=False,
                                                              copy=True,
                                                              fill_value=None,
                                                              keep...
                 TransformerWrapper(exclude=[], include=None,
                                    transformer=RemoveMulticollinearity(threshold=0.9))),
                ('balance',
                 TransformerWrapper(exclude=None, include=None,
                                    transformer=FixImbalancer(estimator=SMOTE(k_neighbors=5,
                                                                              random_state=42,
                                                                              sampling_strategy='auto')))),
                ('actual_estimator',
                 <catboost.core.CatBoostClassifier object at 0x00000271DD8BC190>)],
         verbose=False)
2026-01-29 22:46:49,714:INFO:create_model() successfully completed......................................
2026-01-29 22:46:49,778:INFO:_master_model_container: 3
2026-01-29 22:46:49,778:INFO:_display_container: 3
2026-01-29 22:46:49,825:INFO:Pipeline(memory=Memory(location=None),
         steps=[('numerical_imputer',
                 TransformerWrapper(exclude=None,
                                    include=['credit_score', 'age', 'tenure',
                                             'balance', 'products_number',
                                             'estimated_salary',
                                             'balance_salary_ratio',
                                             'tenure_age_ratio',
                                             'credit_score_age_ratio',
                                             'balance_per_product'],
                                    transformer=SimpleImputer(add_indicator=False,
                                                              copy=True,
                                                              fill_value=None,
                                                              keep...
                 TransformerWrapper(exclude=[], include=None,
                                    transformer=RemoveMulticollinearity(threshold=0.9))),
                ('balance',
                 TransformerWrapper(exclude=None, include=None,
                                    transformer=FixImbalancer(estimator=SMOTE(k_neighbors=5,
                                                                              random_state=42,
                                                                              sampling_strategy='auto')))),
                ('actual_estimator',
                 <catboost.core.CatBoostClassifier object at 0x00000271DD8BC190>)],
         verbose=False)
2026-01-29 22:46:49,825:INFO:finalize_model() successfully completed......................................
2026-01-29 22:46:49,979:INFO:Initializing save_model()
2026-01-29 22:46:49,979:INFO:save_model(model=Pipeline(memory=Memory(location=None),
         steps=[('numerical_imputer',
                 TransformerWrapper(exclude=None,
                                    include=['credit_score', 'age', 'tenure',
                                             'balance', 'products_number',
                                             'estimated_salary',
                                             'balance_salary_ratio',
                                             'tenure_age_ratio',
                                             'credit_score_age_ratio',
                                             'balance_per_product'],
                                    transformer=SimpleImputer(add_indicator=False,
                                                              copy=True,
                                                              fill_value=None,
                                                              keep...
                 TransformerWrapper(exclude=[], include=None,
                                    transformer=RemoveMulticollinearity(threshold=0.9))),
                ('balance',
                 TransformerWrapper(exclude=None, include=None,
                                    transformer=FixImbalancer(estimator=SMOTE(k_neighbors=5,
                                                                              random_state=42,
                                                                              sampling_strategy='auto')))),
                ('actual_estimator',
                 <catboost.core.CatBoostClassifier object at 0x00000271DD8BC190>)],
         verbose=False), model_name=models/catboost_classifier_model, prep_pipe_=Pipeline(memory=FastMemory(location=C:\Users\RAJEEV~1\AppData\Local\Temp\joblib),
         steps=[('numerical_imputer',
                 TransformerWrapper(exclude=None,
                                    include=['credit_score', 'age', 'tenure',
                                             'balance', 'products_number',
                                             'estimated_salary',
                                             'balance_salary_ratio',
                                             'tenure_age_ratio',
                                             'credit_score_age_ratio',
                                             'balance_per_product'],
                                    transformer=SimpleImputer(add_ind...
                                                              handle_unknown='value',
                                                              return_df=True,
                                                              use_cat_names=True,
                                                              verbose=0))),
                ('remove_multicollinearity',
                 TransformerWrapper(exclude=[], include=None,
                                    transformer=RemoveMulticollinearity(threshold=0.9))),
                ('balance',
                 TransformerWrapper(exclude=None, include=None,
                                    transformer=FixImbalancer(estimator=SMOTE(k_neighbors=5,
                                                                              random_state=42,
                                                                              sampling_strategy='auto'))))],
         verbose=False), verbose=True, use_case=MLUsecase.CLASSIFICATION, kwargs={})
2026-01-29 22:46:49,979:INFO:Adding model into prep_pipe
2026-01-29 22:46:49,979:WARNING:Only Model saved as it was a pipeline.
2026-01-29 22:46:49,995:INFO:models/catboost_classifier_model.pkl saved in current working directory
2026-01-29 22:46:50,046:INFO:Pipeline(memory=Memory(location=None),
         steps=[('numerical_imputer',
                 TransformerWrapper(exclude=None,
                                    include=['credit_score', 'age', 'tenure',
                                             'balance', 'products_number',
                                             'estimated_salary',
                                             'balance_salary_ratio',
                                             'tenure_age_ratio',
                                             'credit_score_age_ratio',
                                             'balance_per_product'],
                                    transformer=SimpleImputer(add_indicator=False,
                                                              copy=True,
                                                              fill_value=None,
                                                              keep...
                 TransformerWrapper(exclude=[], include=None,
                                    transformer=RemoveMulticollinearity(threshold=0.9))),
                ('balance',
                 TransformerWrapper(exclude=None, include=None,
                                    transformer=FixImbalancer(estimator=SMOTE(k_neighbors=5,
                                                                              random_state=42,
                                                                              sampling_strategy='auto')))),
                ('actual_estimator',
                 <catboost.core.CatBoostClassifier object at 0x00000271DD8BC190>)],
         verbose=False)
2026-01-29 22:46:50,053:INFO:save_model() successfully completed......................................
2026-01-29 23:14:45,210:WARNING:
'cuml' is a soft dependency and not included in the pycaret installation. Please run: `pip install cuml` to install.
2026-01-29 23:14:45,210:WARNING:
'cuml' is a soft dependency and not included in the pycaret installation. Please run: `pip install cuml` to install.
2026-01-29 23:14:45,210:WARNING:
'cuml' is a soft dependency and not included in the pycaret installation. Please run: `pip install cuml` to install.
2026-01-29 23:14:45,210:WARNING:
'cuml' is a soft dependency and not included in the pycaret installation. Please run: `pip install cuml` to install.
2026-01-29 23:16:59,432:WARNING:
'cuml' is a soft dependency and not included in the pycaret installation. Please run: `pip install cuml` to install.
2026-01-29 23:16:59,433:WARNING:
'cuml' is a soft dependency and not included in the pycaret installation. Please run: `pip install cuml` to install.
2026-01-29 23:16:59,433:WARNING:
'cuml' is a soft dependency and not included in the pycaret installation. Please run: `pip install cuml` to install.
2026-01-29 23:16:59,433:WARNING:
'cuml' is a soft dependency and not included in the pycaret installation. Please run: `pip install cuml` to install.
2026-01-29 23:17:20,841:WARNING:
'cuml' is a soft dependency and not included in the pycaret installation. Please run: `pip install cuml` to install.
2026-01-29 23:17:20,841:WARNING:
'cuml' is a soft dependency and not included in the pycaret installation. Please run: `pip install cuml` to install.
2026-01-29 23:17:20,841:WARNING:
'cuml' is a soft dependency and not included in the pycaret installation. Please run: `pip install cuml` to install.
2026-01-29 23:17:20,841:WARNING:
'cuml' is a soft dependency and not included in the pycaret installation. Please run: `pip install cuml` to install.
2026-01-29 23:18:50,714:WARNING:
'cuml' is a soft dependency and not included in the pycaret installation. Please run: `pip install cuml` to install.
2026-01-29 23:18:50,714:WARNING:
'cuml' is a soft dependency and not included in the pycaret installation. Please run: `pip install cuml` to install.
2026-01-29 23:18:50,714:WARNING:
'cuml' is a soft dependency and not included in the pycaret installation. Please run: `pip install cuml` to install.
2026-01-29 23:18:50,714:WARNING:
'cuml' is a soft dependency and not included in the pycaret installation. Please run: `pip install cuml` to install.
2026-01-29 23:18:51,581:INFO:PyCaret ClassificationExperiment
2026-01-29 23:18:51,581:INFO:Logging name: clf-default-name
2026-01-29 23:18:51,581:INFO:ML Usecase: MLUsecase.CLASSIFICATION
2026-01-29 23:18:51,581:INFO:version 3.3.2
2026-01-29 23:18:51,581:INFO:Initializing setup()
2026-01-29 23:18:51,581:INFO:self.USI: 7183
2026-01-29 23:18:51,581:INFO:self._variable_keys: {'data', 'logging_param', 'y_test', 'idx', 'exp_id', 'fold_shuffle_param', 'gpu_param', 'memory', 'USI', '_ml_usecase', 'X_train', 'fold_generator', 'y', 'fold_groups_param', 'is_multiclass', 'log_plots_param', 'X_test', 'seed', 'y_train', 'pipeline', 'X', 'gpu_n_jobs_param', 'target_param', 'exp_name_log', 'fix_imbalance', '_available_plots', 'html_param', 'n_jobs_param'}
2026-01-29 23:18:51,581:INFO:Checking environment
2026-01-29 23:18:51,581:INFO:python_version: 3.11.9
2026-01-29 23:18:51,581:INFO:python_build: ('tags/v3.11.9:de54cf5', 'Apr  2 2024 10:12:12')
2026-01-29 23:18:51,581:INFO:machine: AMD64
2026-01-29 23:18:51,581:INFO:platform: Windows-10-10.0.26200-SP0
2026-01-29 23:18:51,581:INFO:Memory: svmem(total=16779837440, available=6287851520, percent=62.5, used=10491985920, free=6287851520)
2026-01-29 23:18:51,581:INFO:Physical Core: 12
2026-01-29 23:18:51,581:INFO:Logical Core: 16
2026-01-29 23:18:51,581:INFO:Checking libraries
2026-01-29 23:18:51,581:INFO:System:
2026-01-29 23:18:51,581:INFO:    python: 3.11.9 (tags/v3.11.9:de54cf5, Apr  2 2024, 10:12:12) [MSC v.1938 64 bit (AMD64)]
2026-01-29 23:18:51,581:INFO:executable: C:\Users\Rajeev kumar\Desktop\Bank customer churn prediction\venv\Scripts\python.exe
2026-01-29 23:18:51,581:INFO:   machine: Windows-10-10.0.26200-SP0
2026-01-29 23:18:51,581:INFO:PyCaret required dependencies:
2026-01-29 23:18:51,878:INFO:                 pip: 24.0
2026-01-29 23:18:51,878:INFO:          setuptools: 65.5.0
2026-01-29 23:18:51,878:INFO:             pycaret: 3.3.2
2026-01-29 23:18:51,878:INFO:             IPython: 9.9.0
2026-01-29 23:18:51,878:INFO:          ipywidgets: 8.1.8
2026-01-29 23:18:51,878:INFO:                tqdm: 4.67.1
2026-01-29 23:18:51,878:INFO:               numpy: 1.26.4
2026-01-29 23:18:51,878:INFO:              pandas: 2.1.4
2026-01-29 23:18:51,878:INFO:              jinja2: 3.1.6
2026-01-29 23:18:51,878:INFO:               scipy: 1.11.4
2026-01-29 23:18:51,878:INFO:              joblib: 1.3.2
2026-01-29 23:18:51,878:INFO:             sklearn: 1.4.2
2026-01-29 23:18:51,878:INFO:                pyod: 2.0.6
2026-01-29 23:18:51,878:INFO:            imblearn: 0.14.1
2026-01-29 23:18:51,878:INFO:   category_encoders: 2.7.0
2026-01-29 23:18:51,878:INFO:            lightgbm: 4.6.0
2026-01-29 23:18:51,878:INFO:               numba: 0.63.1
2026-01-29 23:18:51,878:INFO:            requests: 2.32.5
2026-01-29 23:18:51,878:INFO:          matplotlib: 3.7.5
2026-01-29 23:18:51,878:INFO:          scikitplot: 0.3.7
2026-01-29 23:18:51,878:INFO:         yellowbrick: 1.5
2026-01-29 23:18:51,878:INFO:              plotly: 6.5.2
2026-01-29 23:18:51,878:INFO:    plotly-resampler: Not installed
2026-01-29 23:18:51,878:INFO:             kaleido: 1.2.0
2026-01-29 23:18:51,878:INFO:           schemdraw: 0.15
2026-01-29 23:18:51,878:INFO:         statsmodels: 0.14.6
2026-01-29 23:18:51,878:INFO:              sktime: 0.26.0
2026-01-29 23:18:51,878:INFO:               tbats: 1.1.3
2026-01-29 23:18:51,878:INFO:            pmdarima: 2.0.4
2026-01-29 23:18:51,878:INFO:              psutil: 7.2.1
2026-01-29 23:18:51,878:INFO:          markupsafe: 3.0.3
2026-01-29 23:18:51,878:INFO:             pickle5: Not installed
2026-01-29 23:18:51,878:INFO:         cloudpickle: 3.1.2
2026-01-29 23:18:51,878:INFO:         deprecation: 2.1.0
2026-01-29 23:18:51,878:INFO:              xxhash: 3.6.0
2026-01-29 23:18:51,878:INFO:           wurlitzer: Not installed
2026-01-29 23:18:51,878:INFO:PyCaret optional dependencies:
2026-01-29 23:18:52,054:INFO:                shap: 0.49.1
2026-01-29 23:18:52,054:INFO:           interpret: Not installed
2026-01-29 23:18:52,054:INFO:                umap: Not installed
2026-01-29 23:18:52,054:INFO:     ydata_profiling: Not installed
2026-01-29 23:18:52,054:INFO:  explainerdashboard: Not installed
2026-01-29 23:18:52,054:INFO:             autoviz: Not installed
2026-01-29 23:18:52,054:INFO:           fairlearn: Not installed
2026-01-29 23:18:52,054:INFO:          deepchecks: Not installed
2026-01-29 23:18:52,054:INFO:             xgboost: 3.1.3
2026-01-29 23:18:52,054:INFO:            catboost: 1.2.8
2026-01-29 23:18:52,054:INFO:              kmodes: Not installed
2026-01-29 23:18:52,054:INFO:             mlxtend: Not installed
2026-01-29 23:18:52,054:INFO:       statsforecast: Not installed
2026-01-29 23:18:52,054:INFO:        tune_sklearn: Not installed
2026-01-29 23:18:52,054:INFO:                 ray: Not installed
2026-01-29 23:18:52,054:INFO:            hyperopt: Not installed
2026-01-29 23:18:52,054:INFO:              optuna: Not installed
2026-01-29 23:18:52,054:INFO:               skopt: Not installed
2026-01-29 23:18:52,054:INFO:              mlflow: Not installed
2026-01-29 23:18:52,054:INFO:              gradio: Not installed
2026-01-29 23:18:52,054:INFO:             fastapi: Not installed
2026-01-29 23:18:52,054:INFO:             uvicorn: Not installed
2026-01-29 23:18:52,054:INFO:              m2cgen: Not installed
2026-01-29 23:18:52,054:INFO:           evidently: Not installed
2026-01-29 23:18:52,054:INFO:               fugue: Not installed
2026-01-29 23:18:52,054:INFO:           streamlit: 1.53.1
2026-01-29 23:18:52,054:INFO:             prophet: Not installed
2026-01-29 23:18:52,054:INFO:None
2026-01-29 23:18:52,054:INFO:Set up data.
2026-01-29 23:18:52,058:INFO:Set up folding strategy.
2026-01-29 23:18:52,058:INFO:Set up train/test split.
2026-01-29 23:18:52,064:INFO:Set up index.
2026-01-29 23:18:52,064:INFO:Assigning column types.
2026-01-29 23:18:52,068:INFO:Engine successfully changes for model 'lr' to 'sklearn'.
2026-01-29 23:18:52,081:INFO:Engine for model 'knn' has not been set explicitly, hence returning None.
2026-01-29 23:18:52,095:INFO:Engine for model 'rbfsvm' has not been set explicitly, hence returning None.
2026-01-29 23:18:52,169:INFO:Soft dependency imported: xgboost: 3.1.3
2026-01-29 23:18:52,175:INFO:Soft dependency imported: catboost: 1.2.8
2026-01-29 23:18:54,696:INFO:Engine for model 'knn' has not been set explicitly, hence returning None.
2026-01-29 23:18:54,696:INFO:Engine for model 'rbfsvm' has not been set explicitly, hence returning None.
2026-01-29 23:18:54,718:INFO:Soft dependency imported: xgboost: 3.1.3
2026-01-29 23:18:54,719:INFO:Soft dependency imported: catboost: 1.2.8
2026-01-29 23:18:54,719:INFO:Engine successfully changes for model 'knn' to 'sklearn'.
2026-01-29 23:18:54,734:INFO:Engine for model 'rbfsvm' has not been set explicitly, hence returning None.
2026-01-29 23:18:54,753:INFO:Soft dependency imported: xgboost: 3.1.3
2026-01-29 23:18:54,753:INFO:Soft dependency imported: catboost: 1.2.8
2026-01-29 23:18:54,782:INFO:Engine for model 'rbfsvm' has not been set explicitly, hence returning None.
2026-01-29 23:18:54,798:INFO:Soft dependency imported: xgboost: 3.1.3
2026-01-29 23:18:54,798:INFO:Soft dependency imported: catboost: 1.2.8
2026-01-29 23:18:54,798:INFO:Engine successfully changes for model 'rbfsvm' to 'sklearn'.
2026-01-29 23:18:54,840:INFO:Soft dependency imported: xgboost: 3.1.3
2026-01-29 23:18:54,842:INFO:Soft dependency imported: catboost: 1.2.8
2026-01-29 23:18:54,878:INFO:Soft dependency imported: xgboost: 3.1.3
2026-01-29 23:18:54,878:INFO:Soft dependency imported: catboost: 1.2.8
2026-01-29 23:18:54,878:INFO:Preparing preprocessing pipeline...
2026-01-29 23:18:54,878:INFO:Set up simple imputation.
2026-01-29 23:18:54,878:INFO:Set up encoding of ordinal features.
2026-01-29 23:18:54,878:INFO:Set up encoding of categorical features.
2026-01-29 23:18:54,878:INFO:Set up removing multicollinearity.
2026-01-29 23:18:54,878:INFO:Set up imbalanced handling.
2026-01-29 23:18:54,971:INFO:Finished creating preprocessing pipeline.
2026-01-29 23:18:55,032:INFO:Pipeline: Pipeline(memory=FastMemory(location=C:\Users\RAJEEV~1\AppData\Local\Temp\joblib),
         steps=[('numerical_imputer',
                 TransformerWrapper(exclude=None,
                                    include=['credit_score', 'age', 'tenure',
                                             'balance', 'products_number',
                                             'estimated_salary',
                                             'balance_salary_ratio',
                                             'tenure_age_ratio',
                                             'credit_score_age_ratio',
                                             'balance_per_product'],
                                    transformer=SimpleImputer(add_ind...
                                                              handle_unknown='value',
                                                              return_df=True,
                                                              use_cat_names=True,
                                                              verbose=0))),
                ('remove_multicollinearity',
                 TransformerWrapper(exclude=[], include=None,
                                    transformer=RemoveMulticollinearity(threshold=0.9))),
                ('balance',
                 TransformerWrapper(exclude=None, include=None,
                                    transformer=FixImbalancer(estimator=SMOTE(k_neighbors=5,
                                                                              random_state=42,
                                                                              sampling_strategy='auto'))))],
         verbose=False)
2026-01-29 23:18:55,032:INFO:Creating final display dataframe.
2026-01-29 23:18:55,142:INFO:Setup _display_container:                     Description             Value
0                    Session id                42
1                        Target             churn
2                   Target type            Binary
3           Original data shape       (10000, 16)
4        Transformed data shape       (14148, 17)
5   Transformed train set shape       (11148, 17)
6    Transformed test set shape        (3000, 17)
7              Numeric features                10
8          Categorical features                 5
9                    Preprocess              True
10              Imputation type            simple
11           Numeric imputation              mean
12       Categorical imputation              mode
13     Maximum one-hot encoding                25
14              Encoding method              None
15     Remove multicollinearity              True
16  Multicollinearity threshold               0.9
17                Fix imbalance              True
18         Fix imbalance method             SMOTE
19               Fold Generator   StratifiedKFold
20                  Fold Number                 5
21                     CPU Jobs                -1
22                      Use GPU             False
23               Log Experiment             False
24              Experiment Name  clf-default-name
25                          USI              7183
2026-01-29 23:18:55,185:INFO:Soft dependency imported: xgboost: 3.1.3
2026-01-29 23:18:55,185:INFO:Soft dependency imported: catboost: 1.2.8
2026-01-29 23:18:55,217:INFO:Soft dependency imported: xgboost: 3.1.3
2026-01-29 23:18:55,233:INFO:Soft dependency imported: catboost: 1.2.8
2026-01-29 23:18:55,233:INFO:setup() successfully completed in 3.67s...............
2026-01-29 23:18:55,233:INFO:Initializing create_model()
2026-01-29 23:18:55,233:INFO:create_model(self=<pycaret.classification.oop.ClassificationExperiment object at 0x000001F0D6192BD0>, estimator=catboost, fold=None, round=4, cross_validation=True, predict=True, fit_kwargs=None, groups=None, refit=True, probability_threshold=None, experiment_custom_tags=None, verbose=True, system=True, add_to_model_list=True, metrics=None, display=None, model_only=True, return_train_score=False, error_score=0.0, kwargs={})
2026-01-29 23:18:55,233:INFO:Checking exceptions
2026-01-29 23:18:55,233:INFO:Importing libraries
2026-01-29 23:18:55,233:INFO:Copying training dataset
2026-01-29 23:18:55,242:INFO:Defining folds
2026-01-29 23:18:55,242:INFO:Declaring metric variables
2026-01-29 23:18:55,242:INFO:Importing untrained model
2026-01-29 23:18:55,242:INFO:CatBoost Classifier Imported successfully
2026-01-29 23:18:55,242:INFO:Starting cross validation
2026-01-29 23:18:55,242:INFO:Cross validating with StratifiedKFold(n_splits=5, random_state=None, shuffle=False), n_jobs=-1
2026-01-29 23:19:03,555:INFO:Calculating mean and std
2026-01-29 23:19:03,557:INFO:Creating metrics dataframe
2026-01-29 23:19:03,559:INFO:Finalizing model
2026-01-29 23:19:03,656:WARNING:C:\Users\Rajeev kumar\Desktop\Bank customer churn prediction\venv\Lib\site-packages\joblib\externals\loky\backend\context.py:136: UserWarning: Could not find the number of physical cores for the following reason:
[WinError 2] The system cannot find the file specified
Returning the number of logical cores instead. You can silence this warning by setting LOKY_MAX_CPU_COUNT to the number of cores you want to use.
  warnings.warn(

2026-01-29 23:19:03,656:WARNING:  File "C:\Users\Rajeev kumar\Desktop\Bank customer churn prediction\venv\Lib\site-packages\joblib\externals\loky\backend\context.py", line 257, in _count_physical_cores
2026-01-29 23:19:03,656:WARNING:    cpu_info = subprocess.run(
2026-01-29 23:19:03,656:WARNING:               ^^^^^^^^^^^^^^^
2026-01-29 23:19:03,656:WARNING:  File "C:\Program Files\WindowsApps\PythonSoftwareFoundation.Python.3.11_3.11.2544.0_x64__qbz5n2kfra8p0\Lib\subprocess.py", line 548, in run
2026-01-29 23:19:03,656:WARNING:    with Popen(*popenargs, **kwargs) as process:
2026-01-29 23:19:03,656:WARNING:         ^^^^^^^^^^^^^^^^^^^^^^^^^^^
2026-01-29 23:19:03,656:WARNING:  File "C:\Program Files\WindowsApps\PythonSoftwareFoundation.Python.3.11_3.11.2544.0_x64__qbz5n2kfra8p0\Lib\subprocess.py", line 1026, in __init__
2026-01-29 23:19:03,656:WARNING:    self._execute_child(args, executable, preexec_fn, close_fds,
2026-01-29 23:19:03,656:WARNING:  File "C:\Program Files\WindowsApps\PythonSoftwareFoundation.Python.3.11_3.11.2544.0_x64__qbz5n2kfra8p0\Lib\subprocess.py", line 1538, in _execute_child
2026-01-29 23:19:03,656:WARNING:    hp, ht, pid, tid = _winapi.CreateProcess(executable, args,
2026-01-29 23:19:03,656:WARNING:                       ^^^^^^^^^^^^^^^^^^^^^^^^^^^^^^^^^^^^^^^
2026-01-29 23:19:08,329:INFO:Uploading results into container
2026-01-29 23:19:08,329:INFO:Uploading model into container now
2026-01-29 23:19:08,329:INFO:_master_model_container: 1
2026-01-29 23:19:08,329:INFO:_display_container: 2
2026-01-29 23:19:08,329:INFO:<catboost.core.CatBoostClassifier object at 0x000001F0D69C1E90>
2026-01-29 23:19:08,329:INFO:create_model() successfully completed......................................
2026-01-29 23:19:08,392:INFO:Initializing tune_model()
2026-01-29 23:19:08,392:INFO:tune_model(self=<pycaret.classification.oop.ClassificationExperiment object at 0x000001F0D6192BD0>, estimator=<catboost.core.CatBoostClassifier object at 0x000001F0D69C1E90>, fold=None, round=4, n_iter=30, custom_grid={'iterations': [200, 400, 600], 'learning_rate': [0.01, 0.05, 0.1], 'depth': [4, 6, 8], 'l2_leaf_reg': [1, 3, 5, 9], 'scale_pos_weight': [1, 3, 4]}, optimize=F1, custom_scorer=None, search_library=scikit-learn, search_algorithm=None, early_stopping=False, early_stopping_max_iters=10, choose_better=True, fit_kwargs=None, groups=None, return_tuner=False, verbose=True, tuner_verbose=True, return_train_score=False, kwargs={})
2026-01-29 23:19:08,392:INFO:Checking exceptions
2026-01-29 23:19:08,399:INFO:Copying training dataset
2026-01-29 23:19:08,399:INFO:Checking base model
2026-01-29 23:19:08,399:INFO:Base model : CatBoost Classifier
2026-01-29 23:19:08,399:INFO:Declaring metric variables
2026-01-29 23:19:08,399:INFO:Defining Hyperparameters
2026-01-29 23:19:08,465:INFO:custom_grid: {'actual_estimator__iterations': [200, 400, 600], 'actual_estimator__learning_rate': [0.01, 0.05, 0.1], 'actual_estimator__depth': [4, 6, 8], 'actual_estimator__l2_leaf_reg': [1, 3, 5, 9], 'actual_estimator__scale_pos_weight': [1, 3, 4]}
2026-01-29 23:19:08,465:INFO:Tuning with n_jobs=-1
2026-01-29 23:19:08,466:INFO:Initializing RandomizedSearchCV
2026-01-29 23:20:01,753:WARNING:
'cuml' is a soft dependency and not included in the pycaret installation. Please run: `pip install cuml` to install.
2026-01-29 23:20:01,753:WARNING:
'cuml' is a soft dependency and not included in the pycaret installation. Please run: `pip install cuml` to install.
2026-01-29 23:20:01,753:WARNING:
'cuml' is a soft dependency and not included in the pycaret installation. Please run: `pip install cuml` to install.
2026-01-29 23:20:01,753:WARNING:
'cuml' is a soft dependency and not included in the pycaret installation. Please run: `pip install cuml` to install.
2026-01-29 23:20:45,218:WARNING:
'cuml' is a soft dependency and not included in the pycaret installation. Please run: `pip install cuml` to install.
2026-01-29 23:20:45,218:WARNING:
'cuml' is a soft dependency and not included in the pycaret installation. Please run: `pip install cuml` to install.
2026-01-29 23:20:45,218:WARNING:
'cuml' is a soft dependency and not included in the pycaret installation. Please run: `pip install cuml` to install.
2026-01-29 23:20:45,218:WARNING:
'cuml' is a soft dependency and not included in the pycaret installation. Please run: `pip install cuml` to install.
2026-01-29 23:20:46,049:INFO:PyCaret ClassificationExperiment
2026-01-29 23:20:46,049:INFO:Logging name: clf-default-name
2026-01-29 23:20:46,049:INFO:ML Usecase: MLUsecase.CLASSIFICATION
2026-01-29 23:20:46,049:INFO:version 3.3.2
2026-01-29 23:20:46,049:INFO:Initializing setup()
2026-01-29 23:20:46,049:INFO:self.USI: 65ab
2026-01-29 23:20:46,049:INFO:self._variable_keys: {'fold_generator', '_ml_usecase', 'fold_shuffle_param', 'idx', 'exp_id', 'USI', 'gpu_param', 'n_jobs_param', '_available_plots', 'y_train', 'is_multiclass', 'log_plots_param', 'fix_imbalance', 'X', 'fold_groups_param', 'X_test', 'data', 'y_test', 'exp_name_log', 'X_train', 'target_param', 'seed', 'pipeline', 'memory', 'html_param', 'y', 'logging_param', 'gpu_n_jobs_param'}
2026-01-29 23:20:46,049:INFO:Checking environment
2026-01-29 23:20:46,049:INFO:python_version: 3.11.9
2026-01-29 23:20:46,049:INFO:python_build: ('tags/v3.11.9:de54cf5', 'Apr  2 2024 10:12:12')
2026-01-29 23:20:46,049:INFO:machine: AMD64
2026-01-29 23:20:46,061:INFO:platform: Windows-10-10.0.26200-SP0
2026-01-29 23:20:46,061:INFO:Memory: svmem(total=16779837440, available=6347075584, percent=62.2, used=10432761856, free=6347075584)
2026-01-29 23:20:46,061:INFO:Physical Core: 12
2026-01-29 23:20:46,061:INFO:Logical Core: 16
2026-01-29 23:20:46,061:INFO:Checking libraries
2026-01-29 23:20:46,061:INFO:System:
2026-01-29 23:20:46,061:INFO:    python: 3.11.9 (tags/v3.11.9:de54cf5, Apr  2 2024, 10:12:12) [MSC v.1938 64 bit (AMD64)]
2026-01-29 23:20:46,061:INFO:executable: C:\Users\Rajeev kumar\Desktop\Bank customer churn prediction\venv\Scripts\python.exe
2026-01-29 23:20:46,061:INFO:   machine: Windows-10-10.0.26200-SP0
2026-01-29 23:20:46,061:INFO:PyCaret required dependencies:
2026-01-29 23:20:46,087:INFO:                 pip: 24.0
2026-01-29 23:20:46,087:INFO:          setuptools: 65.5.0
2026-01-29 23:20:46,087:INFO:             pycaret: 3.3.2
2026-01-29 23:20:46,087:INFO:             IPython: 9.9.0
2026-01-29 23:20:46,087:INFO:          ipywidgets: 8.1.8
2026-01-29 23:20:46,087:INFO:                tqdm: 4.67.1
2026-01-29 23:20:46,087:INFO:               numpy: 1.26.4
2026-01-29 23:20:46,087:INFO:              pandas: 2.1.4
2026-01-29 23:20:46,087:INFO:              jinja2: 3.1.6
2026-01-29 23:20:46,087:INFO:               scipy: 1.11.4
2026-01-29 23:20:46,087:INFO:              joblib: 1.3.2
2026-01-29 23:20:46,087:INFO:             sklearn: 1.4.2
2026-01-29 23:20:46,087:INFO:                pyod: 2.0.6
2026-01-29 23:20:46,087:INFO:            imblearn: 0.14.1
2026-01-29 23:20:46,087:INFO:   category_encoders: 2.7.0
2026-01-29 23:20:46,087:INFO:            lightgbm: 4.6.0
2026-01-29 23:20:46,087:INFO:               numba: 0.63.1
2026-01-29 23:20:46,087:INFO:            requests: 2.32.5
2026-01-29 23:20:46,087:INFO:          matplotlib: 3.7.5
2026-01-29 23:20:46,087:INFO:          scikitplot: 0.3.7
2026-01-29 23:20:46,087:INFO:         yellowbrick: 1.5
2026-01-29 23:20:46,087:INFO:              plotly: 6.5.2
2026-01-29 23:20:46,087:INFO:    plotly-resampler: Not installed
2026-01-29 23:20:46,087:INFO:             kaleido: 1.2.0
2026-01-29 23:20:46,087:INFO:           schemdraw: 0.15
2026-01-29 23:20:46,087:INFO:         statsmodels: 0.14.6
2026-01-29 23:20:46,087:INFO:              sktime: 0.26.0
2026-01-29 23:20:46,087:INFO:               tbats: 1.1.3
2026-01-29 23:20:46,087:INFO:            pmdarima: 2.0.4
2026-01-29 23:20:46,087:INFO:              psutil: 7.2.1
2026-01-29 23:20:46,087:INFO:          markupsafe: 3.0.3
2026-01-29 23:20:46,087:INFO:             pickle5: Not installed
2026-01-29 23:20:46,087:INFO:         cloudpickle: 3.1.2
2026-01-29 23:20:46,087:INFO:         deprecation: 2.1.0
2026-01-29 23:20:46,087:INFO:              xxhash: 3.6.0
2026-01-29 23:20:46,087:INFO:           wurlitzer: Not installed
2026-01-29 23:20:46,087:INFO:PyCaret optional dependencies:
2026-01-29 23:20:46,107:INFO:                shap: 0.49.1
2026-01-29 23:20:46,107:INFO:           interpret: Not installed
2026-01-29 23:20:46,107:INFO:                umap: Not installed
2026-01-29 23:20:46,107:INFO:     ydata_profiling: Not installed
2026-01-29 23:20:46,107:INFO:  explainerdashboard: Not installed
2026-01-29 23:20:46,107:INFO:             autoviz: Not installed
2026-01-29 23:20:46,107:INFO:           fairlearn: Not installed
2026-01-29 23:20:46,107:INFO:          deepchecks: Not installed
2026-01-29 23:20:46,107:INFO:             xgboost: 3.1.3
2026-01-29 23:20:46,107:INFO:            catboost: 1.2.8
2026-01-29 23:20:46,107:INFO:              kmodes: Not installed
2026-01-29 23:20:46,107:INFO:             mlxtend: Not installed
2026-01-29 23:20:46,107:INFO:       statsforecast: Not installed
2026-01-29 23:20:46,107:INFO:        tune_sklearn: Not installed
2026-01-29 23:20:46,107:INFO:                 ray: Not installed
2026-01-29 23:20:46,107:INFO:            hyperopt: Not installed
2026-01-29 23:20:46,107:INFO:              optuna: Not installed
2026-01-29 23:20:46,107:INFO:               skopt: Not installed
2026-01-29 23:20:46,107:INFO:              mlflow: Not installed
2026-01-29 23:20:46,107:INFO:              gradio: Not installed
2026-01-29 23:20:46,107:INFO:             fastapi: Not installed
2026-01-29 23:20:46,107:INFO:             uvicorn: Not installed
2026-01-29 23:20:46,107:INFO:              m2cgen: Not installed
2026-01-29 23:20:46,107:INFO:           evidently: Not installed
2026-01-29 23:20:46,107:INFO:               fugue: Not installed
2026-01-29 23:20:46,107:INFO:           streamlit: 1.53.1
2026-01-29 23:20:46,107:INFO:             prophet: Not installed
2026-01-29 23:20:46,107:INFO:None
2026-01-29 23:20:46,107:INFO:Set up data.
2026-01-29 23:20:46,112:INFO:Set up folding strategy.
2026-01-29 23:20:46,112:INFO:Set up train/test split.
2026-01-29 23:20:46,116:INFO:Set up index.
2026-01-29 23:20:46,116:INFO:Assigning column types.
2026-01-29 23:20:46,116:INFO:Engine successfully changes for model 'lr' to 'sklearn'.
2026-01-29 23:20:46,138:INFO:Engine for model 'knn' has not been set explicitly, hence returning None.
2026-01-29 23:20:46,138:INFO:Engine for model 'rbfsvm' has not been set explicitly, hence returning None.
2026-01-29 23:20:46,165:INFO:Soft dependency imported: xgboost: 3.1.3
2026-01-29 23:20:46,169:INFO:Soft dependency imported: catboost: 1.2.8
2026-01-29 23:20:46,203:INFO:Engine for model 'knn' has not been set explicitly, hence returning None.
2026-01-29 23:20:46,203:INFO:Engine for model 'rbfsvm' has not been set explicitly, hence returning None.
2026-01-29 23:20:46,218:INFO:Soft dependency imported: xgboost: 3.1.3
2026-01-29 23:20:46,218:INFO:Soft dependency imported: catboost: 1.2.8
2026-01-29 23:20:46,218:INFO:Engine successfully changes for model 'knn' to 'sklearn'.
2026-01-29 23:20:46,250:INFO:Engine for model 'rbfsvm' has not been set explicitly, hence returning None.
2026-01-29 23:20:46,266:INFO:Soft dependency imported: xgboost: 3.1.3
2026-01-29 23:20:46,266:INFO:Soft dependency imported: catboost: 1.2.8
2026-01-29 23:20:46,285:INFO:Engine for model 'rbfsvm' has not been set explicitly, hence returning None.
2026-01-29 23:20:46,297:INFO:Soft dependency imported: xgboost: 3.1.3
2026-01-29 23:20:46,297:INFO:Soft dependency imported: catboost: 1.2.8
2026-01-29 23:20:46,309:INFO:Engine successfully changes for model 'rbfsvm' to 'sklearn'.
2026-01-29 23:20:46,351:INFO:Soft dependency imported: xgboost: 3.1.3
2026-01-29 23:20:46,351:INFO:Soft dependency imported: catboost: 1.2.8
2026-01-29 23:20:46,391:INFO:Soft dependency imported: xgboost: 3.1.3
2026-01-29 23:20:46,393:INFO:Soft dependency imported: catboost: 1.2.8
2026-01-29 23:20:46,395:INFO:Preparing preprocessing pipeline...
2026-01-29 23:20:46,395:INFO:Set up simple imputation.
2026-01-29 23:20:46,395:INFO:Set up encoding of ordinal features.
2026-01-29 23:20:46,395:INFO:Set up encoding of categorical features.
2026-01-29 23:20:46,395:INFO:Set up removing multicollinearity.
2026-01-29 23:20:46,395:INFO:Set up imbalanced handling.
2026-01-29 23:20:46,479:INFO:Finished creating preprocessing pipeline.
2026-01-29 23:20:46,534:INFO:Pipeline: Pipeline(memory=FastMemory(location=C:\Users\RAJEEV~1\AppData\Local\Temp\joblib),
         steps=[('numerical_imputer',
                 TransformerWrapper(exclude=None,
                                    include=['credit_score', 'age', 'tenure',
                                             'balance', 'products_number',
                                             'estimated_salary',
                                             'balance_salary_ratio',
                                             'tenure_age_ratio',
                                             'credit_score_age_ratio',
                                             'balance_per_product'],
                                    transformer=SimpleImputer(add_ind...
                                                              handle_unknown='value',
                                                              return_df=True,
                                                              use_cat_names=True,
                                                              verbose=0))),
                ('remove_multicollinearity',
                 TransformerWrapper(exclude=[], include=None,
                                    transformer=RemoveMulticollinearity(threshold=0.9))),
                ('balance',
                 TransformerWrapper(exclude=None, include=None,
                                    transformer=FixImbalancer(estimator=SMOTE(k_neighbors=5,
                                                                              random_state=42,
                                                                              sampling_strategy='auto'))))],
         verbose=False)
2026-01-29 23:20:46,534:INFO:Creating final display dataframe.
2026-01-29 23:20:46,634:INFO:Setup _display_container:                     Description             Value
0                    Session id                42
1                        Target             churn
2                   Target type            Binary
3           Original data shape       (10000, 16)
4        Transformed data shape       (14148, 17)
5   Transformed train set shape       (11148, 17)
6    Transformed test set shape        (3000, 17)
7              Numeric features                10
8          Categorical features                 5
9                    Preprocess              True
10              Imputation type            simple
11           Numeric imputation              mean
12       Categorical imputation              mode
13     Maximum one-hot encoding                25
14              Encoding method              None
15     Remove multicollinearity              True
16  Multicollinearity threshold               0.9
17                Fix imbalance              True
18         Fix imbalance method             SMOTE
19               Fold Generator   StratifiedKFold
20                  Fold Number                 5
21                     CPU Jobs                -1
22                      Use GPU             False
23               Log Experiment             False
24              Experiment Name  clf-default-name
25                          USI              65ab
2026-01-29 23:20:46,674:INFO:Soft dependency imported: xgboost: 3.1.3
2026-01-29 23:20:46,675:INFO:Soft dependency imported: catboost: 1.2.8
2026-01-29 23:20:46,712:INFO:Soft dependency imported: xgboost: 3.1.3
2026-01-29 23:20:46,712:INFO:Soft dependency imported: catboost: 1.2.8
2026-01-29 23:20:46,712:INFO:setup() successfully completed in 0.67s...............
2026-01-29 23:20:46,712:INFO:Initializing create_model()
2026-01-29 23:20:46,712:INFO:create_model(self=<pycaret.classification.oop.ClassificationExperiment object at 0x000001B703308F90>, estimator=catboost, fold=None, round=4, cross_validation=True, predict=True, fit_kwargs=None, groups=None, refit=True, probability_threshold=None, experiment_custom_tags=None, verbose=True, system=True, add_to_model_list=True, metrics=None, display=None, model_only=True, return_train_score=False, error_score=0.0, kwargs={})
2026-01-29 23:20:46,712:INFO:Checking exceptions
2026-01-29 23:20:46,712:INFO:Importing libraries
2026-01-29 23:20:46,712:INFO:Copying training dataset
2026-01-29 23:20:46,712:INFO:Defining folds
2026-01-29 23:20:46,712:INFO:Declaring metric variables
2026-01-29 23:20:46,712:INFO:Importing untrained model
2026-01-29 23:20:46,712:INFO:CatBoost Classifier Imported successfully
2026-01-29 23:20:46,712:INFO:Starting cross validation
2026-01-29 23:20:46,712:INFO:Cross validating with StratifiedKFold(n_splits=5, random_state=None, shuffle=False), n_jobs=-1
2026-01-29 23:20:55,189:INFO:Calculating mean and std
2026-01-29 23:20:55,190:INFO:Creating metrics dataframe
2026-01-29 23:20:55,193:INFO:Finalizing model
2026-01-29 23:20:55,281:WARNING:C:\Users\Rajeev kumar\Desktop\Bank customer churn prediction\venv\Lib\site-packages\joblib\externals\loky\backend\context.py:136: UserWarning: Could not find the number of physical cores for the following reason:
[WinError 2] The system cannot find the file specified
Returning the number of logical cores instead. You can silence this warning by setting LOKY_MAX_CPU_COUNT to the number of cores you want to use.
  warnings.warn(

2026-01-29 23:20:55,281:WARNING:  File "C:\Users\Rajeev kumar\Desktop\Bank customer churn prediction\venv\Lib\site-packages\joblib\externals\loky\backend\context.py", line 257, in _count_physical_cores
2026-01-29 23:20:55,281:WARNING:    cpu_info = subprocess.run(
2026-01-29 23:20:55,281:WARNING:               ^^^^^^^^^^^^^^^
2026-01-29 23:20:55,281:WARNING:  File "C:\Program Files\WindowsApps\PythonSoftwareFoundation.Python.3.11_3.11.2544.0_x64__qbz5n2kfra8p0\Lib\subprocess.py", line 548, in run
2026-01-29 23:20:55,281:WARNING:    with Popen(*popenargs, **kwargs) as process:
2026-01-29 23:20:55,281:WARNING:         ^^^^^^^^^^^^^^^^^^^^^^^^^^^
2026-01-29 23:20:55,281:WARNING:  File "C:\Program Files\WindowsApps\PythonSoftwareFoundation.Python.3.11_3.11.2544.0_x64__qbz5n2kfra8p0\Lib\subprocess.py", line 1026, in __init__
2026-01-29 23:20:55,281:WARNING:    self._execute_child(args, executable, preexec_fn, close_fds,
2026-01-29 23:20:55,281:WARNING:  File "C:\Program Files\WindowsApps\PythonSoftwareFoundation.Python.3.11_3.11.2544.0_x64__qbz5n2kfra8p0\Lib\subprocess.py", line 1538, in _execute_child
2026-01-29 23:20:55,281:WARNING:    hp, ht, pid, tid = _winapi.CreateProcess(executable, args,
2026-01-29 23:20:55,281:WARNING:                       ^^^^^^^^^^^^^^^^^^^^^^^^^^^^^^^^^^^^^^^
2026-01-29 23:21:00,629:INFO:Uploading results into container
2026-01-29 23:21:00,629:INFO:Uploading model into container now
2026-01-29 23:21:00,636:INFO:_master_model_container: 1
2026-01-29 23:21:00,636:INFO:_display_container: 2
2026-01-29 23:21:00,636:INFO:<catboost.core.CatBoostClassifier object at 0x000001B7069C1350>
2026-01-29 23:21:00,636:INFO:create_model() successfully completed......................................
2026-01-29 23:21:00,695:INFO:Initializing tune_model()
2026-01-29 23:21:00,695:INFO:tune_model(self=<pycaret.classification.oop.ClassificationExperiment object at 0x000001B703308F90>, estimator=<catboost.core.CatBoostClassifier object at 0x000001B7069C1350>, fold=None, round=4, n_iter=30, custom_grid={'iterations': [200, 400, 600], 'learning_rate': [0.01, 0.05, 0.1], 'depth': [4, 6, 8], 'l2_leaf_reg': [1, 3, 5, 9], 'scale_pos_weight': [1, 3, 4]}, optimize=F1, custom_scorer=None, search_library=scikit-learn, search_algorithm=None, early_stopping=False, early_stopping_max_iters=10, choose_better=True, fit_kwargs=None, groups=None, return_tuner=False, verbose=True, tuner_verbose=True, return_train_score=False, kwargs={})
2026-01-29 23:21:00,695:INFO:Checking exceptions
2026-01-29 23:21:00,705:INFO:Copying training dataset
2026-01-29 23:21:00,705:INFO:Checking base model
2026-01-29 23:21:00,708:INFO:Base model : CatBoost Classifier
2026-01-29 23:21:00,708:INFO:Declaring metric variables
2026-01-29 23:21:00,708:INFO:Defining Hyperparameters
2026-01-29 23:21:00,772:INFO:custom_grid: {'actual_estimator__iterations': [200, 400, 600], 'actual_estimator__learning_rate': [0.01, 0.05, 0.1], 'actual_estimator__depth': [4, 6, 8], 'actual_estimator__l2_leaf_reg': [1, 3, 5, 9], 'actual_estimator__scale_pos_weight': [1, 3, 4]}
2026-01-29 23:21:00,772:INFO:Tuning with n_jobs=-1
2026-01-29 23:21:00,772:INFO:Initializing RandomizedSearchCV
2026-01-29 23:22:40,663:INFO:best_params: {'actual_estimator__scale_pos_weight': 1, 'actual_estimator__learning_rate': 0.01, 'actual_estimator__l2_leaf_reg': 3, 'actual_estimator__iterations': 600, 'actual_estimator__depth': 6}
2026-01-29 23:22:40,663:INFO:Hyperparameter search completed
2026-01-29 23:22:40,663:INFO:SubProcess create_model() called ==================================
2026-01-29 23:22:40,663:INFO:Initializing create_model()
2026-01-29 23:22:40,663:INFO:create_model(self=<pycaret.classification.oop.ClassificationExperiment object at 0x000001B703308F90>, estimator=<catboost.core.CatBoostClassifier object at 0x000001B706854490>, fold=StratifiedKFold(n_splits=5, random_state=None, shuffle=False), round=4, cross_validation=True, predict=True, fit_kwargs={}, groups=None, refit=True, probability_threshold=None, experiment_custom_tags=None, verbose=True, system=False, add_to_model_list=True, metrics=None, display=<pycaret.internal.display.display.CommonDisplay object at 0x000001B7068567D0>, model_only=True, return_train_score=False, error_score=0.0, kwargs={'scale_pos_weight': 1, 'learning_rate': 0.01, 'l2_leaf_reg': 3, 'iterations': 600, 'depth': 6})
2026-01-29 23:22:40,663:INFO:Checking exceptions
2026-01-29 23:22:40,663:INFO:Importing libraries
2026-01-29 23:22:40,663:INFO:Copying training dataset
2026-01-29 23:22:40,670:INFO:Defining folds
2026-01-29 23:22:40,670:INFO:Declaring metric variables
2026-01-29 23:22:40,670:INFO:Importing untrained model
2026-01-29 23:22:40,670:INFO:Declaring custom model
2026-01-29 23:22:40,670:INFO:CatBoost Classifier Imported successfully
2026-01-29 23:22:40,670:INFO:Starting cross validation
2026-01-29 23:22:40,670:INFO:Cross validating with StratifiedKFold(n_splits=5, random_state=None, shuffle=False), n_jobs=-1
2026-01-29 23:22:44,347:INFO:Calculating mean and std
2026-01-29 23:22:44,348:INFO:Creating metrics dataframe
2026-01-29 23:22:44,348:INFO:Finalizing model
2026-01-29 23:22:47,367:INFO:Uploading results into container
2026-01-29 23:22:47,367:INFO:Uploading model into container now
2026-01-29 23:22:47,379:INFO:_master_model_container: 2
2026-01-29 23:22:47,379:INFO:_display_container: 3
2026-01-29 23:22:47,379:INFO:<catboost.core.CatBoostClassifier object at 0x000001B70601CA90>
2026-01-29 23:22:47,379:INFO:create_model() successfully completed......................................
2026-01-29 23:22:47,443:INFO:SubProcess create_model() end ==================================
2026-01-29 23:22:47,443:INFO:choose_better activated
2026-01-29 23:22:47,443:INFO:SubProcess create_model() called ==================================
2026-01-29 23:22:47,443:INFO:Initializing create_model()
2026-01-29 23:22:47,443:INFO:create_model(self=<pycaret.classification.oop.ClassificationExperiment object at 0x000001B703308F90>, estimator=<catboost.core.CatBoostClassifier object at 0x000001B7069C1350>, fold=StratifiedKFold(n_splits=5, random_state=None, shuffle=False), round=4, cross_validation=True, predict=True, fit_kwargs={}, groups=None, refit=True, probability_threshold=None, experiment_custom_tags=None, verbose=False, system=False, add_to_model_list=True, metrics=None, display=None, model_only=True, return_train_score=False, error_score=0.0, kwargs={})
2026-01-29 23:22:47,443:INFO:Checking exceptions
2026-01-29 23:22:47,443:INFO:Importing libraries
2026-01-29 23:22:47,443:INFO:Copying training dataset
2026-01-29 23:22:47,448:INFO:Defining folds
2026-01-29 23:22:47,448:INFO:Declaring metric variables
2026-01-29 23:22:47,448:INFO:Importing untrained model
2026-01-29 23:22:47,448:INFO:Declaring custom model
2026-01-29 23:22:47,448:INFO:CatBoost Classifier Imported successfully
2026-01-29 23:22:47,448:INFO:Starting cross validation
2026-01-29 23:22:47,450:INFO:Cross validating with StratifiedKFold(n_splits=5, random_state=None, shuffle=False), n_jobs=-1
2026-01-29 23:22:53,340:INFO:Calculating mean and std
2026-01-29 23:22:53,340:INFO:Creating metrics dataframe
2026-01-29 23:22:53,340:INFO:Finalizing model
2026-01-29 23:22:57,933:INFO:Uploading results into container
2026-01-29 23:22:57,933:INFO:Uploading model into container now
2026-01-29 23:22:57,933:INFO:_master_model_container: 3
2026-01-29 23:22:57,933:INFO:_display_container: 4
2026-01-29 23:22:57,933:INFO:<catboost.core.CatBoostClassifier object at 0x000001B7068EAD90>
2026-01-29 23:22:57,933:INFO:create_model() successfully completed......................................
2026-01-29 23:22:57,987:INFO:SubProcess create_model() end ==================================
2026-01-29 23:22:57,989:INFO:<catboost.core.CatBoostClassifier object at 0x000001B7068EAD90> result for F1 is 0.6034
2026-01-29 23:22:57,989:INFO:<catboost.core.CatBoostClassifier object at 0x000001B70601CA90> result for F1 is 0.618
2026-01-29 23:22:57,989:INFO:<catboost.core.CatBoostClassifier object at 0x000001B70601CA90> is best model
2026-01-29 23:22:57,989:INFO:choose_better completed
2026-01-29 23:22:57,994:INFO:_master_model_container: 3
2026-01-29 23:22:57,994:INFO:_display_container: 3
2026-01-29 23:22:57,994:INFO:<catboost.core.CatBoostClassifier object at 0x000001B70601CA90>
2026-01-29 23:22:57,994:INFO:tune_model() successfully completed......................................
2026-01-29 23:22:58,055:INFO:Initializing finalize_model()
2026-01-29 23:22:58,055:INFO:finalize_model(self=<pycaret.classification.oop.ClassificationExperiment object at 0x000001B703308F90>, estimator=<catboost.core.CatBoostClassifier object at 0x000001B70601CA90>, fit_kwargs=None, groups=None, model_only=False, experiment_custom_tags=None)
2026-01-29 23:22:58,055:INFO:Finalizing <catboost.core.CatBoostClassifier object at 0x000001B70601CA90>
2026-01-29 23:22:58,058:INFO:Initializing create_model()
2026-01-29 23:22:58,058:INFO:create_model(self=<pycaret.classification.oop.ClassificationExperiment object at 0x000001B703308F90>, estimator=<catboost.core.CatBoostClassifier object at 0x000001B70601CA90>, fold=None, round=4, cross_validation=False, predict=False, fit_kwargs={}, groups=None, refit=True, probability_threshold=None, experiment_custom_tags=None, verbose=False, system=False, add_to_model_list=False, metrics=None, display=None, model_only=False, return_train_score=False, error_score=0.0, kwargs={})
2026-01-29 23:22:58,058:INFO:Checking exceptions
2026-01-29 23:22:58,059:INFO:Importing libraries
2026-01-29 23:22:58,059:INFO:Copying training dataset
2026-01-29 23:22:58,059:INFO:Defining folds
2026-01-29 23:22:58,059:INFO:Declaring metric variables
2026-01-29 23:22:58,059:INFO:Importing untrained model
2026-01-29 23:22:58,059:INFO:Declaring custom model
2026-01-29 23:22:58,059:INFO:CatBoost Classifier Imported successfully
2026-01-29 23:22:58,059:INFO:Cross validation set to False
2026-01-29 23:22:58,059:INFO:Fitting Model
2026-01-29 23:23:01,297:INFO:Pipeline(memory=Memory(location=None),
         steps=[('numerical_imputer',
                 TransformerWrapper(exclude=None,
                                    include=['credit_score', 'age', 'tenure',
                                             'balance', 'products_number',
                                             'estimated_salary',
                                             'balance_salary_ratio',
                                             'tenure_age_ratio',
                                             'credit_score_age_ratio',
                                             'balance_per_product'],
                                    transformer=SimpleImputer(add_indicator=False,
                                                              copy=True,
                                                              fill_value=None,
                                                              keep...
                 TransformerWrapper(exclude=[], include=None,
                                    transformer=RemoveMulticollinearity(threshold=0.9))),
                ('balance',
                 TransformerWrapper(exclude=None, include=None,
                                    transformer=FixImbalancer(estimator=SMOTE(k_neighbors=5,
                                                                              random_state=42,
                                                                              sampling_strategy='auto')))),
                ('actual_estimator',
                 <catboost.core.CatBoostClassifier object at 0x000001B7061CFA90>)],
         verbose=False)
2026-01-29 23:23:01,297:INFO:create_model() successfully completed......................................
2026-01-29 23:23:01,344:INFO:_master_model_container: 3
2026-01-29 23:23:01,344:INFO:_display_container: 3
2026-01-29 23:23:01,385:INFO:Pipeline(memory=Memory(location=None),
         steps=[('numerical_imputer',
                 TransformerWrapper(exclude=None,
                                    include=['credit_score', 'age', 'tenure',
                                             'balance', 'products_number',
                                             'estimated_salary',
                                             'balance_salary_ratio',
                                             'tenure_age_ratio',
                                             'credit_score_age_ratio',
                                             'balance_per_product'],
                                    transformer=SimpleImputer(add_indicator=False,
                                                              copy=True,
                                                              fill_value=None,
                                                              keep...
                 TransformerWrapper(exclude=[], include=None,
                                    transformer=RemoveMulticollinearity(threshold=0.9))),
                ('balance',
                 TransformerWrapper(exclude=None, include=None,
                                    transformer=FixImbalancer(estimator=SMOTE(k_neighbors=5,
                                                                              random_state=42,
                                                                              sampling_strategy='auto')))),
                ('actual_estimator',
                 <catboost.core.CatBoostClassifier object at 0x000001B7061CFA90>)],
         verbose=False)
2026-01-29 23:23:01,385:INFO:finalize_model() successfully completed......................................
2026-01-29 23:23:01,527:INFO:Initializing save_model()
2026-01-29 23:23:01,527:INFO:save_model(model=Pipeline(memory=Memory(location=None),
         steps=[('numerical_imputer',
                 TransformerWrapper(exclude=None,
                                    include=['credit_score', 'age', 'tenure',
                                             'balance', 'products_number',
                                             'estimated_salary',
                                             'balance_salary_ratio',
                                             'tenure_age_ratio',
                                             'credit_score_age_ratio',
                                             'balance_per_product'],
                                    transformer=SimpleImputer(add_indicator=False,
                                                              copy=True,
                                                              fill_value=None,
                                                              keep...
                 TransformerWrapper(exclude=[], include=None,
                                    transformer=RemoveMulticollinearity(threshold=0.9))),
                ('balance',
                 TransformerWrapper(exclude=None, include=None,
                                    transformer=FixImbalancer(estimator=SMOTE(k_neighbors=5,
                                                                              random_state=42,
                                                                              sampling_strategy='auto')))),
                ('actual_estimator',
                 <catboost.core.CatBoostClassifier object at 0x000001B7061CFA90>)],
         verbose=False), model_name=models/catboost_classifier_model, prep_pipe_=Pipeline(memory=FastMemory(location=C:\Users\RAJEEV~1\AppData\Local\Temp\joblib),
         steps=[('numerical_imputer',
                 TransformerWrapper(exclude=None,
                                    include=['credit_score', 'age', 'tenure',
                                             'balance', 'products_number',
                                             'estimated_salary',
                                             'balance_salary_ratio',
                                             'tenure_age_ratio',
                                             'credit_score_age_ratio',
                                             'balance_per_product'],
                                    transformer=SimpleImputer(add_ind...
                                                              handle_unknown='value',
                                                              return_df=True,
                                                              use_cat_names=True,
                                                              verbose=0))),
                ('remove_multicollinearity',
                 TransformerWrapper(exclude=[], include=None,
                                    transformer=RemoveMulticollinearity(threshold=0.9))),
                ('balance',
                 TransformerWrapper(exclude=None, include=None,
                                    transformer=FixImbalancer(estimator=SMOTE(k_neighbors=5,
                                                                              random_state=42,
                                                                              sampling_strategy='auto'))))],
         verbose=False), verbose=True, use_case=MLUsecase.CLASSIFICATION, kwargs={})
2026-01-29 23:23:01,527:INFO:Adding model into prep_pipe
2026-01-29 23:23:01,527:WARNING:Only Model saved as it was a pipeline.
2026-01-29 23:23:01,529:INFO:models/catboost_classifier_model.pkl saved in current working directory
2026-01-29 23:23:01,573:INFO:Pipeline(memory=Memory(location=None),
         steps=[('numerical_imputer',
                 TransformerWrapper(exclude=None,
                                    include=['credit_score', 'age', 'tenure',
                                             'balance', 'products_number',
                                             'estimated_salary',
                                             'balance_salary_ratio',
                                             'tenure_age_ratio',
                                             'credit_score_age_ratio',
                                             'balance_per_product'],
                                    transformer=SimpleImputer(add_indicator=False,
                                                              copy=True,
                                                              fill_value=None,
                                                              keep...
                 TransformerWrapper(exclude=[], include=None,
                                    transformer=RemoveMulticollinearity(threshold=0.9))),
                ('balance',
                 TransformerWrapper(exclude=None, include=None,
                                    transformer=FixImbalancer(estimator=SMOTE(k_neighbors=5,
                                                                              random_state=42,
                                                                              sampling_strategy='auto')))),
                ('actual_estimator',
                 <catboost.core.CatBoostClassifier object at 0x000001B7061CFA90>)],
         verbose=False)
2026-01-29 23:23:01,573:INFO:save_model() successfully completed......................................
2026-01-29 23:27:14,266:WARNING:
'cuml' is a soft dependency and not included in the pycaret installation. Please run: `pip install cuml` to install.
2026-01-29 23:27:14,266:WARNING:
'cuml' is a soft dependency and not included in the pycaret installation. Please run: `pip install cuml` to install.
2026-01-29 23:27:14,266:WARNING:
'cuml' is a soft dependency and not included in the pycaret installation. Please run: `pip install cuml` to install.
2026-01-29 23:27:14,266:WARNING:
'cuml' is a soft dependency and not included in the pycaret installation. Please run: `pip install cuml` to install.
2026-01-29 23:27:15,105:INFO:PyCaret ClassificationExperiment
2026-01-29 23:27:15,105:INFO:Logging name: clf-default-name
2026-01-29 23:27:15,105:INFO:ML Usecase: MLUsecase.CLASSIFICATION
2026-01-29 23:27:15,105:INFO:version 3.3.2
2026-01-29 23:27:15,105:INFO:Initializing setup()
2026-01-29 23:27:15,105:INFO:self.USI: a622
2026-01-29 23:27:15,105:INFO:self._variable_keys: {'fold_shuffle_param', 'gpu_n_jobs_param', 'USI', 'memory', 'X', 'X_train', 'logging_param', '_ml_usecase', '_available_plots', 'y', 'fix_imbalance', 'data', 'exp_name_log', 'n_jobs_param', 'y_test', 'X_test', 'log_plots_param', 'fold_generator', 'seed', 'is_multiclass', 'gpu_param', 'fold_groups_param', 'target_param', 'idx', 'y_train', 'pipeline', 'exp_id', 'html_param'}
2026-01-29 23:27:15,105:INFO:Checking environment
2026-01-29 23:27:15,105:INFO:python_version: 3.11.9
2026-01-29 23:27:15,105:INFO:python_build: ('tags/v3.11.9:de54cf5', 'Apr  2 2024 10:12:12')
2026-01-29 23:27:15,105:INFO:machine: AMD64
2026-01-29 23:27:15,114:INFO:platform: Windows-10-10.0.26200-SP0
2026-01-29 23:27:15,114:INFO:Memory: svmem(total=16779837440, available=6338002944, percent=62.2, used=10441834496, free=6338002944)
2026-01-29 23:27:15,114:INFO:Physical Core: 12
2026-01-29 23:27:15,114:INFO:Logical Core: 16
2026-01-29 23:27:15,114:INFO:Checking libraries
2026-01-29 23:27:15,114:INFO:System:
2026-01-29 23:27:15,114:INFO:    python: 3.11.9 (tags/v3.11.9:de54cf5, Apr  2 2024, 10:12:12) [MSC v.1938 64 bit (AMD64)]
2026-01-29 23:27:15,114:INFO:executable: C:\Users\Rajeev kumar\Desktop\Bank customer churn prediction\venv\Scripts\python.exe
2026-01-29 23:27:15,114:INFO:   machine: Windows-10-10.0.26200-SP0
2026-01-29 23:27:15,114:INFO:PyCaret required dependencies:
2026-01-29 23:27:15,142:INFO:                 pip: 24.0
2026-01-29 23:27:15,142:INFO:          setuptools: 65.5.0
2026-01-29 23:27:15,142:INFO:             pycaret: 3.3.2
2026-01-29 23:27:15,142:INFO:             IPython: 9.9.0
2026-01-29 23:27:15,142:INFO:          ipywidgets: 8.1.8
2026-01-29 23:27:15,142:INFO:                tqdm: 4.67.1
2026-01-29 23:27:15,142:INFO:               numpy: 1.26.4
2026-01-29 23:27:15,142:INFO:              pandas: 2.1.4
2026-01-29 23:27:15,142:INFO:              jinja2: 3.1.6
2026-01-29 23:27:15,142:INFO:               scipy: 1.11.4
2026-01-29 23:27:15,142:INFO:              joblib: 1.3.2
2026-01-29 23:27:15,142:INFO:             sklearn: 1.4.2
2026-01-29 23:27:15,142:INFO:                pyod: 2.0.6
2026-01-29 23:27:15,142:INFO:            imblearn: 0.14.1
2026-01-29 23:27:15,142:INFO:   category_encoders: 2.7.0
2026-01-29 23:27:15,142:INFO:            lightgbm: 4.6.0
2026-01-29 23:27:15,142:INFO:               numba: 0.63.1
2026-01-29 23:27:15,142:INFO:            requests: 2.32.5
2026-01-29 23:27:15,142:INFO:          matplotlib: 3.7.5
2026-01-29 23:27:15,142:INFO:          scikitplot: 0.3.7
2026-01-29 23:27:15,142:INFO:         yellowbrick: 1.5
2026-01-29 23:27:15,142:INFO:              plotly: 6.5.2
2026-01-29 23:27:15,142:INFO:    plotly-resampler: Not installed
2026-01-29 23:27:15,142:INFO:             kaleido: 1.2.0
2026-01-29 23:27:15,142:INFO:           schemdraw: 0.15
2026-01-29 23:27:15,142:INFO:         statsmodels: 0.14.6
2026-01-29 23:27:15,142:INFO:              sktime: 0.26.0
2026-01-29 23:27:15,142:INFO:               tbats: 1.1.3
2026-01-29 23:27:15,142:INFO:            pmdarima: 2.0.4
2026-01-29 23:27:15,142:INFO:              psutil: 7.2.1
2026-01-29 23:27:15,142:INFO:          markupsafe: 3.0.3
2026-01-29 23:27:15,142:INFO:             pickle5: Not installed
2026-01-29 23:27:15,142:INFO:         cloudpickle: 3.1.2
2026-01-29 23:27:15,142:INFO:         deprecation: 2.1.0
2026-01-29 23:27:15,142:INFO:              xxhash: 3.6.0
2026-01-29 23:27:15,142:INFO:           wurlitzer: Not installed
2026-01-29 23:27:15,142:INFO:PyCaret optional dependencies:
2026-01-29 23:27:15,163:INFO:                shap: 0.49.1
2026-01-29 23:27:15,163:INFO:           interpret: Not installed
2026-01-29 23:27:15,163:INFO:                umap: Not installed
2026-01-29 23:27:15,163:INFO:     ydata_profiling: Not installed
2026-01-29 23:27:15,163:INFO:  explainerdashboard: Not installed
2026-01-29 23:27:15,163:INFO:             autoviz: Not installed
2026-01-29 23:27:15,163:INFO:           fairlearn: Not installed
2026-01-29 23:27:15,163:INFO:          deepchecks: Not installed
2026-01-29 23:27:15,163:INFO:             xgboost: 3.1.3
2026-01-29 23:27:15,163:INFO:            catboost: 1.2.8
2026-01-29 23:27:15,163:INFO:              kmodes: Not installed
2026-01-29 23:27:15,163:INFO:             mlxtend: Not installed
2026-01-29 23:27:15,163:INFO:       statsforecast: Not installed
2026-01-29 23:27:15,163:INFO:        tune_sklearn: Not installed
2026-01-29 23:27:15,169:INFO:                 ray: Not installed
2026-01-29 23:27:15,169:INFO:            hyperopt: Not installed
2026-01-29 23:27:15,169:INFO:              optuna: Not installed
2026-01-29 23:27:15,169:INFO:               skopt: Not installed
2026-01-29 23:27:15,169:INFO:              mlflow: Not installed
2026-01-29 23:27:15,169:INFO:              gradio: Not installed
2026-01-29 23:27:15,169:INFO:             fastapi: Not installed
2026-01-29 23:27:15,169:INFO:             uvicorn: Not installed
2026-01-29 23:27:15,169:INFO:              m2cgen: Not installed
2026-01-29 23:27:15,169:INFO:           evidently: Not installed
2026-01-29 23:27:15,169:INFO:               fugue: Not installed
2026-01-29 23:27:15,169:INFO:           streamlit: 1.53.1
2026-01-29 23:27:15,169:INFO:             prophet: Not installed
2026-01-29 23:27:15,169:INFO:None
2026-01-29 23:27:15,169:INFO:Set up data.
2026-01-29 23:27:15,173:INFO:Set up folding strategy.
2026-01-29 23:27:15,173:INFO:Set up train/test split.
2026-01-29 23:27:15,179:INFO:Set up index.
2026-01-29 23:27:15,179:INFO:Assigning column types.
2026-01-29 23:27:15,184:INFO:Engine successfully changes for model 'lr' to 'sklearn'.
2026-01-29 23:27:15,205:INFO:Engine for model 'knn' has not been set explicitly, hence returning None.
2026-01-29 23:27:15,205:INFO:Engine for model 'rbfsvm' has not been set explicitly, hence returning None.
2026-01-29 23:27:15,231:INFO:Soft dependency imported: xgboost: 3.1.3
2026-01-29 23:27:15,231:INFO:Soft dependency imported: catboost: 1.2.8
2026-01-29 23:27:15,273:INFO:Engine for model 'knn' has not been set explicitly, hence returning None.
2026-01-29 23:27:15,273:INFO:Engine for model 'rbfsvm' has not been set explicitly, hence returning None.
2026-01-29 23:27:15,285:INFO:Soft dependency imported: xgboost: 3.1.3
2026-01-29 23:27:15,285:INFO:Soft dependency imported: catboost: 1.2.8
2026-01-29 23:27:15,285:INFO:Engine successfully changes for model 'knn' to 'sklearn'.
2026-01-29 23:27:15,314:INFO:Engine for model 'rbfsvm' has not been set explicitly, hence returning None.
2026-01-29 23:27:15,328:INFO:Soft dependency imported: xgboost: 3.1.3
2026-01-29 23:27:15,328:INFO:Soft dependency imported: catboost: 1.2.8
2026-01-29 23:27:15,356:INFO:Engine for model 'rbfsvm' has not been set explicitly, hence returning None.
2026-01-29 23:27:15,370:INFO:Soft dependency imported: xgboost: 3.1.3
2026-01-29 23:27:15,370:INFO:Soft dependency imported: catboost: 1.2.8
2026-01-29 23:27:15,370:INFO:Engine successfully changes for model 'rbfsvm' to 'sklearn'.
2026-01-29 23:27:15,407:INFO:Soft dependency imported: xgboost: 3.1.3
2026-01-29 23:27:15,407:INFO:Soft dependency imported: catboost: 1.2.8
2026-01-29 23:27:15,451:INFO:Soft dependency imported: xgboost: 3.1.3
2026-01-29 23:27:15,454:INFO:Soft dependency imported: catboost: 1.2.8
2026-01-29 23:27:15,454:INFO:Preparing preprocessing pipeline...
2026-01-29 23:27:15,454:INFO:Set up simple imputation.
2026-01-29 23:27:15,454:INFO:Set up encoding of ordinal features.
2026-01-29 23:27:15,454:INFO:Set up encoding of categorical features.
2026-01-29 23:27:15,454:INFO:Set up removing multicollinearity.
2026-01-29 23:27:15,454:INFO:Set up imbalanced handling.
2026-01-29 23:27:15,534:INFO:Finished creating preprocessing pipeline.
2026-01-29 23:27:15,591:INFO:Pipeline: Pipeline(memory=FastMemory(location=C:\Users\RAJEEV~1\AppData\Local\Temp\joblib),
         steps=[('numerical_imputer',
                 TransformerWrapper(exclude=None,
                                    include=['credit_score', 'age', 'tenure',
                                             'balance', 'products_number',
                                             'estimated_salary',
                                             'balance_salary_ratio',
                                             'tenure_age_ratio',
                                             'credit_score_age_ratio',
                                             'balance_per_product'],
                                    transformer=SimpleImputer(add_ind...
                                                              handle_unknown='value',
                                                              return_df=True,
                                                              use_cat_names=True,
                                                              verbose=0))),
                ('remove_multicollinearity',
                 TransformerWrapper(exclude=[], include=None,
                                    transformer=RemoveMulticollinearity(threshold=0.9))),
                ('balance',
                 TransformerWrapper(exclude=None, include=None,
                                    transformer=FixImbalancer(estimator=SMOTE(k_neighbors=5,
                                                                              random_state=42,
                                                                              sampling_strategy='auto'))))],
         verbose=False)
2026-01-29 23:27:15,591:INFO:Creating final display dataframe.
2026-01-29 23:27:15,672:INFO:Setup _display_container:                     Description             Value
0                    Session id                42
1                        Target             churn
2                   Target type            Binary
3           Original data shape       (10000, 16)
4        Transformed data shape       (14148, 17)
5   Transformed train set shape       (11148, 17)
6    Transformed test set shape        (3000, 17)
7              Numeric features                10
8          Categorical features                 5
9                    Preprocess              True
10              Imputation type            simple
11           Numeric imputation              mean
12       Categorical imputation              mode
13     Maximum one-hot encoding                25
14              Encoding method              None
15     Remove multicollinearity              True
16  Multicollinearity threshold               0.9
17                Fix imbalance              True
18         Fix imbalance method             SMOTE
19               Fold Generator   StratifiedKFold
20                  Fold Number                 5
21                     CPU Jobs                -1
22                      Use GPU             False
23               Log Experiment             False
24              Experiment Name  clf-default-name
25                          USI              a622
2026-01-29 23:27:15,720:INFO:Soft dependency imported: xgboost: 3.1.3
2026-01-29 23:27:15,720:INFO:Soft dependency imported: catboost: 1.2.8
2026-01-29 23:27:15,752:INFO:Soft dependency imported: xgboost: 3.1.3
2026-01-29 23:27:15,752:INFO:Soft dependency imported: catboost: 1.2.8
2026-01-29 23:27:15,752:INFO:setup() successfully completed in 0.65s...............
2026-01-29 23:27:15,752:INFO:Initializing create_model()
2026-01-29 23:27:15,752:INFO:create_model(self=<pycaret.classification.oop.ClassificationExperiment object at 0x0000016350892210>, estimator=catboost, fold=None, round=4, cross_validation=True, predict=True, fit_kwargs=None, groups=None, refit=True, probability_threshold=None, experiment_custom_tags=None, verbose=True, system=True, add_to_model_list=True, metrics=None, display=None, model_only=True, return_train_score=False, error_score=0.0, kwargs={})
2026-01-29 23:27:15,752:INFO:Checking exceptions
2026-01-29 23:27:15,768:INFO:Importing libraries
2026-01-29 23:27:15,771:INFO:Copying training dataset
2026-01-29 23:27:15,771:INFO:Defining folds
2026-01-29 23:27:15,771:INFO:Declaring metric variables
2026-01-29 23:27:15,771:INFO:Importing untrained model
2026-01-29 23:27:15,771:INFO:CatBoost Classifier Imported successfully
2026-01-29 23:27:15,771:INFO:Starting cross validation
2026-01-29 23:27:15,771:INFO:Cross validating with StratifiedKFold(n_splits=5, random_state=None, shuffle=False), n_jobs=-1
2026-01-29 23:27:24,127:INFO:Calculating mean and std
2026-01-29 23:27:24,129:INFO:Creating metrics dataframe
2026-01-29 23:27:24,129:INFO:Finalizing model
2026-01-29 23:27:24,205:WARNING:C:\Users\Rajeev kumar\Desktop\Bank customer churn prediction\venv\Lib\site-packages\joblib\externals\loky\backend\context.py:136: UserWarning: Could not find the number of physical cores for the following reason:
[WinError 2] The system cannot find the file specified
Returning the number of logical cores instead. You can silence this warning by setting LOKY_MAX_CPU_COUNT to the number of cores you want to use.
  warnings.warn(

2026-01-29 23:27:24,205:WARNING:  File "C:\Users\Rajeev kumar\Desktop\Bank customer churn prediction\venv\Lib\site-packages\joblib\externals\loky\backend\context.py", line 257, in _count_physical_cores
2026-01-29 23:27:24,205:WARNING:    cpu_info = subprocess.run(
2026-01-29 23:27:24,205:WARNING:               ^^^^^^^^^^^^^^^
2026-01-29 23:27:24,205:WARNING:  File "C:\Program Files\WindowsApps\PythonSoftwareFoundation.Python.3.11_3.11.2544.0_x64__qbz5n2kfra8p0\Lib\subprocess.py", line 548, in run
2026-01-29 23:27:24,205:WARNING:    with Popen(*popenargs, **kwargs) as process:
2026-01-29 23:27:24,205:WARNING:         ^^^^^^^^^^^^^^^^^^^^^^^^^^^
2026-01-29 23:27:24,205:WARNING:  File "C:\Program Files\WindowsApps\PythonSoftwareFoundation.Python.3.11_3.11.2544.0_x64__qbz5n2kfra8p0\Lib\subprocess.py", line 1026, in __init__
2026-01-29 23:27:24,205:WARNING:    self._execute_child(args, executable, preexec_fn, close_fds,
2026-01-29 23:27:24,205:WARNING:  File "C:\Program Files\WindowsApps\PythonSoftwareFoundation.Python.3.11_3.11.2544.0_x64__qbz5n2kfra8p0\Lib\subprocess.py", line 1538, in _execute_child
2026-01-29 23:27:24,205:WARNING:    hp, ht, pid, tid = _winapi.CreateProcess(executable, args,
2026-01-29 23:27:24,205:WARNING:                       ^^^^^^^^^^^^^^^^^^^^^^^^^^^^^^^^^^^^^^^
2026-01-29 23:27:28,818:INFO:Uploading results into container
2026-01-29 23:27:28,818:INFO:Uploading model into container now
2026-01-29 23:27:28,826:INFO:_master_model_container: 1
2026-01-29 23:27:28,826:INFO:_display_container: 2
2026-01-29 23:27:28,826:INFO:<catboost.core.CatBoostClassifier object at 0x0000016353001C10>
2026-01-29 23:27:28,826:INFO:create_model() successfully completed......................................
2026-01-29 23:27:28,885:INFO:Initializing tune_model()
2026-01-29 23:27:28,885:INFO:tune_model(self=<pycaret.classification.oop.ClassificationExperiment object at 0x0000016350892210>, estimator=<catboost.core.CatBoostClassifier object at 0x0000016353001C10>, fold=None, round=4, n_iter=30, custom_grid={'iterations': [200, 400, 600], 'learning_rate': [0.01, 0.05, 0.1], 'depth': [4, 6, 8], 'l2_leaf_reg': [1, 3, 5, 9], 'scale_pos_weight': [1, 3, 4]}, optimize=F1, custom_scorer=None, search_library=scikit-learn, search_algorithm=None, early_stopping=False, early_stopping_max_iters=10, choose_better=True, fit_kwargs=None, groups=None, return_tuner=False, verbose=True, tuner_verbose=True, return_train_score=False, kwargs={})
2026-01-29 23:27:28,885:INFO:Checking exceptions
2026-01-29 23:27:28,892:INFO:Copying training dataset
2026-01-29 23:27:28,892:INFO:Checking base model
2026-01-29 23:27:28,892:INFO:Base model : CatBoost Classifier
2026-01-29 23:27:28,892:INFO:Declaring metric variables
2026-01-29 23:27:28,892:INFO:Defining Hyperparameters
2026-01-29 23:27:28,954:INFO:custom_grid: {'actual_estimator__iterations': [200, 400, 600], 'actual_estimator__learning_rate': [0.01, 0.05, 0.1], 'actual_estimator__depth': [4, 6, 8], 'actual_estimator__l2_leaf_reg': [1, 3, 5, 9], 'actual_estimator__scale_pos_weight': [1, 3, 4]}
2026-01-29 23:27:28,954:INFO:Tuning with n_jobs=-1
2026-01-29 23:27:28,954:INFO:Initializing RandomizedSearchCV
2026-01-29 23:29:10,788:INFO:best_params: {'actual_estimator__scale_pos_weight': 1, 'actual_estimator__learning_rate': 0.01, 'actual_estimator__l2_leaf_reg': 3, 'actual_estimator__iterations': 600, 'actual_estimator__depth': 6}
2026-01-29 23:29:10,788:INFO:Hyperparameter search completed
2026-01-29 23:29:10,788:INFO:SubProcess create_model() called ==================================
2026-01-29 23:29:10,788:INFO:Initializing create_model()
2026-01-29 23:29:10,788:INFO:create_model(self=<pycaret.classification.oop.ClassificationExperiment object at 0x0000016350892210>, estimator=<catboost.core.CatBoostClassifier object at 0x0000016350FED850>, fold=StratifiedKFold(n_splits=5, random_state=None, shuffle=False), round=4, cross_validation=True, predict=True, fit_kwargs={}, groups=None, refit=True, probability_threshold=None, experiment_custom_tags=None, verbose=True, system=False, add_to_model_list=True, metrics=None, display=<pycaret.internal.display.display.CommonDisplay object at 0x0000016350FEFE50>, model_only=True, return_train_score=False, error_score=0.0, kwargs={'scale_pos_weight': 1, 'learning_rate': 0.01, 'l2_leaf_reg': 3, 'iterations': 600, 'depth': 6})
2026-01-29 23:29:10,788:INFO:Checking exceptions
2026-01-29 23:29:10,788:INFO:Importing libraries
2026-01-29 23:29:10,788:INFO:Copying training dataset
2026-01-29 23:29:10,804:INFO:Defining folds
2026-01-29 23:29:10,804:INFO:Declaring metric variables
2026-01-29 23:29:10,804:INFO:Importing untrained model
2026-01-29 23:29:10,804:INFO:Declaring custom model
2026-01-29 23:29:10,805:INFO:CatBoost Classifier Imported successfully
2026-01-29 23:29:10,805:INFO:Starting cross validation
2026-01-29 23:29:10,806:INFO:Cross validating with StratifiedKFold(n_splits=5, random_state=None, shuffle=False), n_jobs=-1
2026-01-29 23:29:14,685:INFO:Calculating mean and std
2026-01-29 23:29:14,685:INFO:Creating metrics dataframe
2026-01-29 23:29:14,687:INFO:Finalizing model
2026-01-29 23:29:17,792:INFO:Uploading results into container
2026-01-29 23:29:17,792:INFO:Uploading model into container now
2026-01-29 23:29:17,793:INFO:_master_model_container: 2
2026-01-29 23:29:17,793:INFO:_display_container: 3
2026-01-29 23:29:17,793:INFO:<catboost.core.CatBoostClassifier object at 0x00000163509CBFD0>
2026-01-29 23:29:17,793:INFO:create_model() successfully completed......................................
2026-01-29 23:29:17,858:INFO:SubProcess create_model() end ==================================
2026-01-29 23:29:17,858:INFO:choose_better activated
2026-01-29 23:29:17,858:INFO:SubProcess create_model() called ==================================
2026-01-29 23:29:17,858:INFO:Initializing create_model()
2026-01-29 23:29:17,858:INFO:create_model(self=<pycaret.classification.oop.ClassificationExperiment object at 0x0000016350892210>, estimator=<catboost.core.CatBoostClassifier object at 0x0000016353001C10>, fold=StratifiedKFold(n_splits=5, random_state=None, shuffle=False), round=4, cross_validation=True, predict=True, fit_kwargs={}, groups=None, refit=True, probability_threshold=None, experiment_custom_tags=None, verbose=False, system=False, add_to_model_list=True, metrics=None, display=None, model_only=True, return_train_score=False, error_score=0.0, kwargs={})
2026-01-29 23:29:17,858:INFO:Checking exceptions
2026-01-29 23:29:17,859:INFO:Importing libraries
2026-01-29 23:29:17,859:INFO:Copying training dataset
2026-01-29 23:29:17,864:INFO:Defining folds
2026-01-29 23:29:17,864:INFO:Declaring metric variables
2026-01-29 23:29:17,864:INFO:Importing untrained model
2026-01-29 23:29:17,865:INFO:Declaring custom model
2026-01-29 23:29:17,865:INFO:CatBoost Classifier Imported successfully
2026-01-29 23:29:17,865:INFO:Starting cross validation
2026-01-29 23:29:17,866:INFO:Cross validating with StratifiedKFold(n_splits=5, random_state=None, shuffle=False), n_jobs=-1
2026-01-29 23:29:23,752:INFO:Calculating mean and std
2026-01-29 23:29:23,752:INFO:Creating metrics dataframe
2026-01-29 23:29:23,752:INFO:Finalizing model
2026-01-29 23:29:28,316:INFO:Uploading results into container
2026-01-29 23:29:28,316:INFO:Uploading model into container now
2026-01-29 23:29:28,316:INFO:_master_model_container: 3
2026-01-29 23:29:28,316:INFO:_display_container: 4
2026-01-29 23:29:28,316:INFO:<catboost.core.CatBoostClassifier object at 0x000001635300B650>
2026-01-29 23:29:28,316:INFO:create_model() successfully completed......................................
2026-01-29 23:29:28,379:INFO:SubProcess create_model() end ==================================
2026-01-29 23:29:28,379:INFO:<catboost.core.CatBoostClassifier object at 0x000001635300B650> result for F1 is 0.6034
2026-01-29 23:29:28,379:INFO:<catboost.core.CatBoostClassifier object at 0x00000163509CBFD0> result for F1 is 0.618
2026-01-29 23:29:28,379:INFO:<catboost.core.CatBoostClassifier object at 0x00000163509CBFD0> is best model
2026-01-29 23:29:28,379:INFO:choose_better completed
2026-01-29 23:29:28,391:INFO:_master_model_container: 3
2026-01-29 23:29:28,391:INFO:_display_container: 3
2026-01-29 23:29:28,391:INFO:<catboost.core.CatBoostClassifier object at 0x00000163509CBFD0>
2026-01-29 23:29:28,391:INFO:tune_model() successfully completed......................................
2026-01-29 23:29:28,453:INFO:Initializing finalize_model()
2026-01-29 23:29:28,453:INFO:finalize_model(self=<pycaret.classification.oop.ClassificationExperiment object at 0x0000016350892210>, estimator=<catboost.core.CatBoostClassifier object at 0x00000163509CBFD0>, fit_kwargs=None, groups=None, model_only=False, experiment_custom_tags=None)
2026-01-29 23:29:28,453:INFO:Finalizing <catboost.core.CatBoostClassifier object at 0x00000163509CBFD0>
2026-01-29 23:29:28,455:INFO:Initializing create_model()
2026-01-29 23:29:28,455:INFO:create_model(self=<pycaret.classification.oop.ClassificationExperiment object at 0x0000016350892210>, estimator=<catboost.core.CatBoostClassifier object at 0x00000163509CBFD0>, fold=None, round=4, cross_validation=False, predict=False, fit_kwargs={}, groups=None, refit=True, probability_threshold=None, experiment_custom_tags=None, verbose=False, system=False, add_to_model_list=False, metrics=None, display=None, model_only=False, return_train_score=False, error_score=0.0, kwargs={})
2026-01-29 23:29:28,455:INFO:Checking exceptions
2026-01-29 23:29:28,457:INFO:Importing libraries
2026-01-29 23:29:28,457:INFO:Copying training dataset
2026-01-29 23:29:28,458:INFO:Defining folds
2026-01-29 23:29:28,458:INFO:Declaring metric variables
2026-01-29 23:29:28,458:INFO:Importing untrained model
2026-01-29 23:29:28,458:INFO:Declaring custom model
2026-01-29 23:29:28,458:INFO:CatBoost Classifier Imported successfully
2026-01-29 23:29:28,458:INFO:Cross validation set to False
2026-01-29 23:29:28,458:INFO:Fitting Model
2026-01-29 23:29:31,719:INFO:Pipeline(memory=Memory(location=None),
         steps=[('numerical_imputer',
                 TransformerWrapper(exclude=None,
                                    include=['credit_score', 'age', 'tenure',
                                             'balance', 'products_number',
                                             'estimated_salary',
                                             'balance_salary_ratio',
                                             'tenure_age_ratio',
                                             'credit_score_age_ratio',
                                             'balance_per_product'],
                                    transformer=SimpleImputer(add_indicator=False,
                                                              copy=True,
                                                              fill_value=None,
                                                              keep...
                 TransformerWrapper(exclude=[], include=None,
                                    transformer=RemoveMulticollinearity(threshold=0.9))),
                ('balance',
                 TransformerWrapper(exclude=None, include=None,
                                    transformer=FixImbalancer(estimator=SMOTE(k_neighbors=5,
                                                                              random_state=42,
                                                                              sampling_strategy='auto')))),
                ('actual_estimator',
                 <catboost.core.CatBoostClassifier object at 0x0000016353014750>)],
         verbose=False)
2026-01-29 23:29:31,719:INFO:create_model() successfully completed......................................
2026-01-29 23:29:31,784:INFO:_master_model_container: 3
2026-01-29 23:29:31,784:INFO:_display_container: 3
2026-01-29 23:29:31,828:INFO:Pipeline(memory=Memory(location=None),
         steps=[('numerical_imputer',
                 TransformerWrapper(exclude=None,
                                    include=['credit_score', 'age', 'tenure',
                                             'balance', 'products_number',
                                             'estimated_salary',
                                             'balance_salary_ratio',
                                             'tenure_age_ratio',
                                             'credit_score_age_ratio',
                                             'balance_per_product'],
                                    transformer=SimpleImputer(add_indicator=False,
                                                              copy=True,
                                                              fill_value=None,
                                                              keep...
                 TransformerWrapper(exclude=[], include=None,
                                    transformer=RemoveMulticollinearity(threshold=0.9))),
                ('balance',
                 TransformerWrapper(exclude=None, include=None,
                                    transformer=FixImbalancer(estimator=SMOTE(k_neighbors=5,
                                                                              random_state=42,
                                                                              sampling_strategy='auto')))),
                ('actual_estimator',
                 <catboost.core.CatBoostClassifier object at 0x0000016353014750>)],
         verbose=False)
2026-01-29 23:29:31,828:INFO:finalize_model() successfully completed......................................
2026-01-29 23:29:31,972:INFO:Initializing save_model()
2026-01-29 23:29:31,972:INFO:save_model(model=Pipeline(memory=Memory(location=None),
         steps=[('numerical_imputer',
                 TransformerWrapper(exclude=None,
                                    include=['credit_score', 'age', 'tenure',
                                             'balance', 'products_number',
                                             'estimated_salary',
                                             'balance_salary_ratio',
                                             'tenure_age_ratio',
                                             'credit_score_age_ratio',
                                             'balance_per_product'],
                                    transformer=SimpleImputer(add_indicator=False,
                                                              copy=True,
                                                              fill_value=None,
                                                              keep...
                 TransformerWrapper(exclude=[], include=None,
                                    transformer=RemoveMulticollinearity(threshold=0.9))),
                ('balance',
                 TransformerWrapper(exclude=None, include=None,
                                    transformer=FixImbalancer(estimator=SMOTE(k_neighbors=5,
                                                                              random_state=42,
                                                                              sampling_strategy='auto')))),
                ('actual_estimator',
                 <catboost.core.CatBoostClassifier object at 0x0000016353014750>)],
         verbose=False), model_name=models/catboost_classifier_model, prep_pipe_=Pipeline(memory=FastMemory(location=C:\Users\RAJEEV~1\AppData\Local\Temp\joblib),
         steps=[('numerical_imputer',
                 TransformerWrapper(exclude=None,
                                    include=['credit_score', 'age', 'tenure',
                                             'balance', 'products_number',
                                             'estimated_salary',
                                             'balance_salary_ratio',
                                             'tenure_age_ratio',
                                             'credit_score_age_ratio',
                                             'balance_per_product'],
                                    transformer=SimpleImputer(add_ind...
                                                              handle_unknown='value',
                                                              return_df=True,
                                                              use_cat_names=True,
                                                              verbose=0))),
                ('remove_multicollinearity',
                 TransformerWrapper(exclude=[], include=None,
                                    transformer=RemoveMulticollinearity(threshold=0.9))),
                ('balance',
                 TransformerWrapper(exclude=None, include=None,
                                    transformer=FixImbalancer(estimator=SMOTE(k_neighbors=5,
                                                                              random_state=42,
                                                                              sampling_strategy='auto'))))],
         verbose=False), verbose=True, use_case=MLUsecase.CLASSIFICATION, kwargs={})
2026-01-29 23:29:31,972:INFO:Adding model into prep_pipe
2026-01-29 23:29:31,972:WARNING:Only Model saved as it was a pipeline.
2026-01-29 23:29:31,972:INFO:models/catboost_classifier_model.pkl saved in current working directory
2026-01-29 23:29:32,026:INFO:Pipeline(memory=Memory(location=None),
         steps=[('numerical_imputer',
                 TransformerWrapper(exclude=None,
                                    include=['credit_score', 'age', 'tenure',
                                             'balance', 'products_number',
                                             'estimated_salary',
                                             'balance_salary_ratio',
                                             'tenure_age_ratio',
                                             'credit_score_age_ratio',
                                             'balance_per_product'],
                                    transformer=SimpleImputer(add_indicator=False,
                                                              copy=True,
                                                              fill_value=None,
                                                              keep...
                 TransformerWrapper(exclude=[], include=None,
                                    transformer=RemoveMulticollinearity(threshold=0.9))),
                ('balance',
                 TransformerWrapper(exclude=None, include=None,
                                    transformer=FixImbalancer(estimator=SMOTE(k_neighbors=5,
                                                                              random_state=42,
                                                                              sampling_strategy='auto')))),
                ('actual_estimator',
                 <catboost.core.CatBoostClassifier object at 0x0000016353014750>)],
         verbose=False)
2026-01-29 23:29:32,026:INFO:save_model() successfully completed......................................
2026-01-29 23:35:00,294:WARNING:
'cuml' is a soft dependency and not included in the pycaret installation. Please run: `pip install cuml` to install.
2026-01-29 23:35:00,294:WARNING:
'cuml' is a soft dependency and not included in the pycaret installation. Please run: `pip install cuml` to install.
2026-01-29 23:35:00,294:WARNING:
'cuml' is a soft dependency and not included in the pycaret installation. Please run: `pip install cuml` to install.
2026-01-29 23:35:00,294:WARNING:
'cuml' is a soft dependency and not included in the pycaret installation. Please run: `pip install cuml` to install.
2026-01-29 23:35:41,057:WARNING:
'cuml' is a soft dependency and not included in the pycaret installation. Please run: `pip install cuml` to install.
2026-01-29 23:35:41,057:WARNING:
'cuml' is a soft dependency and not included in the pycaret installation. Please run: `pip install cuml` to install.
2026-01-29 23:35:41,057:WARNING:
'cuml' is a soft dependency and not included in the pycaret installation. Please run: `pip install cuml` to install.
2026-01-29 23:35:41,057:WARNING:
'cuml' is a soft dependency and not included in the pycaret installation. Please run: `pip install cuml` to install.
2026-01-29 23:35:41,897:INFO:PyCaret ClassificationExperiment
2026-01-29 23:35:41,897:INFO:Logging name: clf-default-name
2026-01-29 23:35:41,897:INFO:ML Usecase: MLUsecase.CLASSIFICATION
2026-01-29 23:35:41,899:INFO:version 3.3.2
2026-01-29 23:35:41,899:INFO:Initializing setup()
2026-01-29 23:35:41,899:INFO:self.USI: 874b
2026-01-29 23:35:41,899:INFO:self._variable_keys: {'is_multiclass', 'memory', 'y', 'USI', '_ml_usecase', 'log_plots_param', 'exp_name_log', 'fix_imbalance', 'fold_groups_param', 'target_param', '_available_plots', 'logging_param', 'gpu_n_jobs_param', 'y_test', 'exp_id', 'data', 'X_test', 'seed', 'X', 'fold_shuffle_param', 'X_train', 'y_train', 'html_param', 'idx', 'n_jobs_param', 'fold_generator', 'pipeline', 'gpu_param'}
2026-01-29 23:35:41,899:INFO:Checking environment
2026-01-29 23:35:41,899:INFO:python_version: 3.11.9
2026-01-29 23:35:41,899:INFO:python_build: ('tags/v3.11.9:de54cf5', 'Apr  2 2024 10:12:12')
2026-01-29 23:35:41,899:INFO:machine: AMD64
2026-01-29 23:35:41,899:INFO:platform: Windows-10-10.0.26200-SP0
2026-01-29 23:35:41,899:INFO:Memory: svmem(total=16779837440, available=6352629760, percent=62.1, used=10427207680, free=6352629760)
2026-01-29 23:35:41,899:INFO:Physical Core: 12
2026-01-29 23:35:41,899:INFO:Logical Core: 16
2026-01-29 23:35:41,899:INFO:Checking libraries
2026-01-29 23:35:41,899:INFO:System:
2026-01-29 23:35:41,899:INFO:    python: 3.11.9 (tags/v3.11.9:de54cf5, Apr  2 2024, 10:12:12) [MSC v.1938 64 bit (AMD64)]
2026-01-29 23:35:41,899:INFO:executable: C:\Users\Rajeev kumar\Desktop\Bank customer churn prediction\venv\Scripts\python.exe
2026-01-29 23:35:41,899:INFO:   machine: Windows-10-10.0.26200-SP0
2026-01-29 23:35:41,899:INFO:PyCaret required dependencies:
2026-01-29 23:35:41,933:INFO:                 pip: 24.0
2026-01-29 23:35:41,933:INFO:          setuptools: 65.5.0
2026-01-29 23:35:41,933:INFO:             pycaret: 3.3.2
2026-01-29 23:35:41,933:INFO:             IPython: 9.9.0
2026-01-29 23:35:41,933:INFO:          ipywidgets: 8.1.8
2026-01-29 23:35:41,933:INFO:                tqdm: 4.67.1
2026-01-29 23:35:41,933:INFO:               numpy: 1.26.4
2026-01-29 23:35:41,933:INFO:              pandas: 2.1.4
2026-01-29 23:35:41,933:INFO:              jinja2: 3.1.6
2026-01-29 23:35:41,933:INFO:               scipy: 1.11.4
2026-01-29 23:35:41,933:INFO:              joblib: 1.3.2
2026-01-29 23:35:41,933:INFO:             sklearn: 1.4.2
2026-01-29 23:35:41,933:INFO:                pyod: 2.0.6
2026-01-29 23:35:41,933:INFO:            imblearn: 0.14.1
2026-01-29 23:35:41,933:INFO:   category_encoders: 2.7.0
2026-01-29 23:35:41,933:INFO:            lightgbm: 4.6.0
2026-01-29 23:35:41,933:INFO:               numba: 0.63.1
2026-01-29 23:35:41,933:INFO:            requests: 2.32.5
2026-01-29 23:35:41,933:INFO:          matplotlib: 3.7.5
2026-01-29 23:35:41,933:INFO:          scikitplot: 0.3.7
2026-01-29 23:35:41,933:INFO:         yellowbrick: 1.5
2026-01-29 23:35:41,933:INFO:              plotly: 6.5.2
2026-01-29 23:35:41,933:INFO:    plotly-resampler: Not installed
2026-01-29 23:35:41,933:INFO:             kaleido: 1.2.0
2026-01-29 23:35:41,933:INFO:           schemdraw: 0.15
2026-01-29 23:35:41,933:INFO:         statsmodels: 0.14.6
2026-01-29 23:35:41,933:INFO:              sktime: 0.26.0
2026-01-29 23:35:41,933:INFO:               tbats: 1.1.3
2026-01-29 23:35:41,933:INFO:            pmdarima: 2.0.4
2026-01-29 23:35:41,933:INFO:              psutil: 7.2.1
2026-01-29 23:35:41,933:INFO:          markupsafe: 3.0.3
2026-01-29 23:35:41,933:INFO:             pickle5: Not installed
2026-01-29 23:35:41,933:INFO:         cloudpickle: 3.1.2
2026-01-29 23:35:41,933:INFO:         deprecation: 2.1.0
2026-01-29 23:35:41,933:INFO:              xxhash: 3.6.0
2026-01-29 23:35:41,933:INFO:           wurlitzer: Not installed
2026-01-29 23:35:41,933:INFO:PyCaret optional dependencies:
2026-01-29 23:35:41,956:INFO:                shap: 0.49.1
2026-01-29 23:35:41,956:INFO:           interpret: Not installed
2026-01-29 23:35:41,956:INFO:                umap: Not installed
2026-01-29 23:35:41,956:INFO:     ydata_profiling: Not installed
2026-01-29 23:35:41,956:INFO:  explainerdashboard: Not installed
2026-01-29 23:35:41,956:INFO:             autoviz: Not installed
2026-01-29 23:35:41,956:INFO:           fairlearn: Not installed
2026-01-29 23:35:41,956:INFO:          deepchecks: Not installed
2026-01-29 23:35:41,956:INFO:             xgboost: 3.1.3
2026-01-29 23:35:41,956:INFO:            catboost: 1.2.8
2026-01-29 23:35:41,956:INFO:              kmodes: Not installed
2026-01-29 23:35:41,956:INFO:             mlxtend: Not installed
2026-01-29 23:35:41,956:INFO:       statsforecast: Not installed
2026-01-29 23:35:41,956:INFO:        tune_sklearn: Not installed
2026-01-29 23:35:41,956:INFO:                 ray: Not installed
2026-01-29 23:35:41,956:INFO:            hyperopt: Not installed
2026-01-29 23:35:41,956:INFO:              optuna: Not installed
2026-01-29 23:35:41,956:INFO:               skopt: Not installed
2026-01-29 23:35:41,956:INFO:              mlflow: Not installed
2026-01-29 23:35:41,956:INFO:              gradio: Not installed
2026-01-29 23:35:41,956:INFO:             fastapi: Not installed
2026-01-29 23:35:41,956:INFO:             uvicorn: Not installed
2026-01-29 23:35:41,956:INFO:              m2cgen: Not installed
2026-01-29 23:35:41,956:INFO:           evidently: Not installed
2026-01-29 23:35:41,956:INFO:               fugue: Not installed
2026-01-29 23:35:41,956:INFO:           streamlit: 1.53.1
2026-01-29 23:35:41,956:INFO:             prophet: Not installed
2026-01-29 23:35:41,956:INFO:None
2026-01-29 23:35:41,956:INFO:Set up data.
2026-01-29 23:35:41,960:INFO:Set up folding strategy.
2026-01-29 23:35:41,960:INFO:Set up train/test split.
2026-01-29 23:35:41,960:INFO:Set up index.
2026-01-29 23:35:41,960:INFO:Assigning column types.
2026-01-29 23:35:41,960:INFO:Engine successfully changes for model 'lr' to 'sklearn'.
2026-01-29 23:35:41,992:INFO:Engine for model 'knn' has not been set explicitly, hence returning None.
2026-01-29 23:35:41,992:INFO:Engine for model 'rbfsvm' has not been set explicitly, hence returning None.
2026-01-29 23:35:42,014:INFO:Soft dependency imported: xgboost: 3.1.3
2026-01-29 23:35:42,014:INFO:Soft dependency imported: catboost: 1.2.8
2026-01-29 23:35:42,057:INFO:Engine for model 'knn' has not been set explicitly, hence returning None.
2026-01-29 23:35:42,057:INFO:Engine for model 'rbfsvm' has not been set explicitly, hence returning None.
2026-01-29 23:35:42,078:INFO:Soft dependency imported: xgboost: 3.1.3
2026-01-29 23:35:42,078:INFO:Soft dependency imported: catboost: 1.2.8
2026-01-29 23:35:42,078:INFO:Engine successfully changes for model 'knn' to 'sklearn'.
2026-01-29 23:35:42,103:INFO:Engine for model 'rbfsvm' has not been set explicitly, hence returning None.
2026-01-29 23:35:42,119:INFO:Soft dependency imported: xgboost: 3.1.3
2026-01-29 23:35:42,119:INFO:Soft dependency imported: catboost: 1.2.8
2026-01-29 23:35:42,149:INFO:Engine for model 'rbfsvm' has not been set explicitly, hence returning None.
2026-01-29 23:35:42,162:INFO:Soft dependency imported: xgboost: 3.1.3
2026-01-29 23:35:42,162:INFO:Soft dependency imported: catboost: 1.2.8
2026-01-29 23:35:42,162:INFO:Engine successfully changes for model 'rbfsvm' to 'sklearn'.
2026-01-29 23:35:42,194:INFO:Soft dependency imported: xgboost: 3.1.3
2026-01-29 23:35:42,209:INFO:Soft dependency imported: catboost: 1.2.8
2026-01-29 23:35:42,241:INFO:Soft dependency imported: xgboost: 3.1.3
2026-01-29 23:35:42,241:INFO:Soft dependency imported: catboost: 1.2.8
2026-01-29 23:35:42,241:INFO:Preparing preprocessing pipeline...
2026-01-29 23:35:42,241:INFO:Set up simple imputation.
2026-01-29 23:35:42,258:INFO:Set up encoding of ordinal features.
2026-01-29 23:35:42,258:INFO:Set up encoding of categorical features.
2026-01-29 23:35:42,258:INFO:Set up removing multicollinearity.
2026-01-29 23:35:42,258:INFO:Set up imbalanced handling.
2026-01-29 23:35:42,336:INFO:Finished creating preprocessing pipeline.
2026-01-29 23:35:42,379:INFO:Pipeline: Pipeline(memory=FastMemory(location=C:\Users\RAJEEV~1\AppData\Local\Temp\joblib),
         steps=[('numerical_imputer',
                 TransformerWrapper(exclude=None,
                                    include=['credit_score', 'age', 'tenure',
                                             'balance', 'products_number',
                                             'estimated_salary',
                                             'balance_salary_ratio',
                                             'tenure_age_ratio',
                                             'credit_score_age_ratio',
                                             'balance_per_product'],
                                    transformer=SimpleImputer(add_ind...
                                                              handle_unknown='value',
                                                              return_df=True,
                                                              use_cat_names=True,
                                                              verbose=0))),
                ('remove_multicollinearity',
                 TransformerWrapper(exclude=[], include=None,
                                    transformer=RemoveMulticollinearity(threshold=0.9))),
                ('balance',
                 TransformerWrapper(exclude=None, include=None,
                                    transformer=FixImbalancer(estimator=SMOTE(k_neighbors=5,
                                                                              random_state=42,
                                                                              sampling_strategy='auto'))))],
         verbose=False)
2026-01-29 23:35:42,379:INFO:Creating final display dataframe.
2026-01-29 23:35:42,474:INFO:Setup _display_container:                     Description             Value
0                    Session id                42
1                        Target             churn
2                   Target type            Binary
3           Original data shape       (10000, 16)
4        Transformed data shape       (14148, 17)
5   Transformed train set shape       (11148, 17)
6    Transformed test set shape        (3000, 17)
7              Numeric features                10
8          Categorical features                 5
9                    Preprocess              True
10              Imputation type            simple
11           Numeric imputation              mean
12       Categorical imputation              mode
13     Maximum one-hot encoding                25
14              Encoding method              None
15     Remove multicollinearity              True
16  Multicollinearity threshold               0.9
17                Fix imbalance              True
18         Fix imbalance method             SMOTE
19               Fold Generator   StratifiedKFold
20                  Fold Number                 5
21                     CPU Jobs                -1
22                      Use GPU             False
23               Log Experiment             False
24              Experiment Name  clf-default-name
25                          USI              874b
2026-01-29 23:35:42,525:INFO:Soft dependency imported: xgboost: 3.1.3
2026-01-29 23:35:42,527:INFO:Soft dependency imported: catboost: 1.2.8
2026-01-29 23:35:42,566:INFO:Soft dependency imported: xgboost: 3.1.3
2026-01-29 23:35:42,566:INFO:Soft dependency imported: catboost: 1.2.8
2026-01-29 23:35:42,566:INFO:setup() successfully completed in 0.68s...............
2026-01-29 23:35:42,566:INFO:Initializing create_model()
2026-01-29 23:35:42,566:INFO:create_model(self=<pycaret.classification.oop.ClassificationExperiment object at 0x000001D384743F10>, estimator=catboost, fold=None, round=4, cross_validation=True, predict=True, fit_kwargs=None, groups=None, refit=True, probability_threshold=None, experiment_custom_tags=None, verbose=True, system=True, add_to_model_list=True, metrics=None, display=None, model_only=True, return_train_score=False, error_score=0.0, kwargs={})
2026-01-29 23:35:42,566:INFO:Checking exceptions
2026-01-29 23:35:42,566:INFO:Importing libraries
2026-01-29 23:35:42,566:INFO:Copying training dataset
2026-01-29 23:35:42,577:INFO:Defining folds
2026-01-29 23:35:42,577:INFO:Declaring metric variables
2026-01-29 23:35:42,577:INFO:Importing untrained model
2026-01-29 23:35:42,577:INFO:CatBoost Classifier Imported successfully
2026-01-29 23:35:42,577:INFO:Starting cross validation
2026-01-29 23:35:42,577:INFO:Cross validating with StratifiedKFold(n_splits=5, random_state=None, shuffle=False), n_jobs=-1
2026-01-29 23:35:50,952:INFO:Calculating mean and std
2026-01-29 23:35:50,953:INFO:Creating metrics dataframe
2026-01-29 23:35:50,953:INFO:Finalizing model
2026-01-29 23:35:51,027:WARNING:C:\Users\Rajeev kumar\Desktop\Bank customer churn prediction\venv\Lib\site-packages\joblib\externals\loky\backend\context.py:136: UserWarning: Could not find the number of physical cores for the following reason:
[WinError 2] The system cannot find the file specified
Returning the number of logical cores instead. You can silence this warning by setting LOKY_MAX_CPU_COUNT to the number of cores you want to use.
  warnings.warn(

2026-01-29 23:35:51,027:WARNING:  File "C:\Users\Rajeev kumar\Desktop\Bank customer churn prediction\venv\Lib\site-packages\joblib\externals\loky\backend\context.py", line 257, in _count_physical_cores
2026-01-29 23:35:51,027:WARNING:    cpu_info = subprocess.run(
2026-01-29 23:35:51,027:WARNING:               ^^^^^^^^^^^^^^^
2026-01-29 23:35:51,027:WARNING:  File "C:\Program Files\WindowsApps\PythonSoftwareFoundation.Python.3.11_3.11.2544.0_x64__qbz5n2kfra8p0\Lib\subprocess.py", line 548, in run
2026-01-29 23:35:51,027:WARNING:    with Popen(*popenargs, **kwargs) as process:
2026-01-29 23:35:51,027:WARNING:         ^^^^^^^^^^^^^^^^^^^^^^^^^^^
2026-01-29 23:35:51,027:WARNING:  File "C:\Program Files\WindowsApps\PythonSoftwareFoundation.Python.3.11_3.11.2544.0_x64__qbz5n2kfra8p0\Lib\subprocess.py", line 1026, in __init__
2026-01-29 23:35:51,027:WARNING:    self._execute_child(args, executable, preexec_fn, close_fds,
2026-01-29 23:35:51,027:WARNING:  File "C:\Program Files\WindowsApps\PythonSoftwareFoundation.Python.3.11_3.11.2544.0_x64__qbz5n2kfra8p0\Lib\subprocess.py", line 1538, in _execute_child
2026-01-29 23:35:51,027:WARNING:    hp, ht, pid, tid = _winapi.CreateProcess(executable, args,
2026-01-29 23:35:51,027:WARNING:                       ^^^^^^^^^^^^^^^^^^^^^^^^^^^^^^^^^^^^^^^
2026-01-29 23:35:55,816:INFO:Uploading results into container
2026-01-29 23:35:55,816:INFO:Uploading model into container now
2026-01-29 23:35:55,822:INFO:_master_model_container: 1
2026-01-29 23:35:55,822:INFO:_display_container: 2
2026-01-29 23:35:55,822:INFO:<catboost.core.CatBoostClassifier object at 0x000001D387329110>
2026-01-29 23:35:55,822:INFO:create_model() successfully completed......................................
2026-01-29 23:35:55,885:INFO:Initializing tune_model()
2026-01-29 23:35:55,885:INFO:tune_model(self=<pycaret.classification.oop.ClassificationExperiment object at 0x000001D384743F10>, estimator=<catboost.core.CatBoostClassifier object at 0x000001D387329110>, fold=None, round=4, n_iter=30, custom_grid={'iterations': [200, 400, 600], 'learning_rate': [0.01, 0.05, 0.1], 'depth': [4, 6, 8], 'l2_leaf_reg': [1, 3, 5, 9], 'scale_pos_weight': [1, 3, 4]}, optimize=F1, custom_scorer=None, search_library=scikit-learn, search_algorithm=None, early_stopping=False, early_stopping_max_iters=10, choose_better=True, fit_kwargs=None, groups=None, return_tuner=False, verbose=True, tuner_verbose=True, return_train_score=False, kwargs={})
2026-01-29 23:35:55,885:INFO:Checking exceptions
2026-01-29 23:35:55,885:INFO:Copying training dataset
2026-01-29 23:35:55,892:INFO:Checking base model
2026-01-29 23:35:55,892:INFO:Base model : CatBoost Classifier
2026-01-29 23:35:55,892:INFO:Declaring metric variables
2026-01-29 23:35:55,892:INFO:Defining Hyperparameters
2026-01-29 23:35:55,958:INFO:custom_grid: {'actual_estimator__iterations': [200, 400, 600], 'actual_estimator__learning_rate': [0.01, 0.05, 0.1], 'actual_estimator__depth': [4, 6, 8], 'actual_estimator__l2_leaf_reg': [1, 3, 5, 9], 'actual_estimator__scale_pos_weight': [1, 3, 4]}
2026-01-29 23:35:55,958:INFO:Tuning with n_jobs=-1
2026-01-29 23:35:55,958:INFO:Initializing RandomizedSearchCV
2026-01-29 23:37:39,599:INFO:best_params: {'actual_estimator__scale_pos_weight': 1, 'actual_estimator__learning_rate': 0.01, 'actual_estimator__l2_leaf_reg': 3, 'actual_estimator__iterations': 600, 'actual_estimator__depth': 6}
2026-01-29 23:37:39,599:INFO:Hyperparameter search completed
2026-01-29 23:37:39,599:INFO:SubProcess create_model() called ==================================
2026-01-29 23:37:39,599:INFO:Initializing create_model()
2026-01-29 23:37:39,599:INFO:create_model(self=<pycaret.classification.oop.ClassificationExperiment object at 0x000001D384743F10>, estimator=<catboost.core.CatBoostClassifier object at 0x000001D387300810>, fold=StratifiedKFold(n_splits=5, random_state=None, shuffle=False), round=4, cross_validation=True, predict=True, fit_kwargs={}, groups=None, refit=True, probability_threshold=None, experiment_custom_tags=None, verbose=True, system=False, add_to_model_list=True, metrics=None, display=<pycaret.internal.display.display.CommonDisplay object at 0x000001D3873013D0>, model_only=True, return_train_score=False, error_score=0.0, kwargs={'scale_pos_weight': 1, 'learning_rate': 0.01, 'l2_leaf_reg': 3, 'iterations': 600, 'depth': 6})
2026-01-29 23:37:39,599:INFO:Checking exceptions
2026-01-29 23:37:39,599:INFO:Importing libraries
2026-01-29 23:37:39,599:INFO:Copying training dataset
2026-01-29 23:37:39,612:INFO:Defining folds
2026-01-29 23:37:39,612:INFO:Declaring metric variables
2026-01-29 23:37:39,612:INFO:Importing untrained model
2026-01-29 23:37:39,612:INFO:Declaring custom model
2026-01-29 23:37:39,612:INFO:CatBoost Classifier Imported successfully
2026-01-29 23:37:39,612:INFO:Starting cross validation
2026-01-29 23:37:39,617:INFO:Cross validating with StratifiedKFold(n_splits=5, random_state=None, shuffle=False), n_jobs=-1
2026-01-29 23:37:43,390:INFO:Calculating mean and std
2026-01-29 23:37:43,390:INFO:Creating metrics dataframe
2026-01-29 23:37:43,390:INFO:Finalizing model
2026-01-29 23:37:46,396:INFO:Uploading results into container
2026-01-29 23:37:46,396:INFO:Uploading model into container now
2026-01-29 23:37:46,396:INFO:_master_model_container: 2
2026-01-29 23:37:46,396:INFO:_display_container: 3
2026-01-29 23:37:46,396:INFO:<catboost.core.CatBoostClassifier object at 0x000001D384BE0290>
2026-01-29 23:37:46,396:INFO:create_model() successfully completed......................................
2026-01-29 23:37:46,471:INFO:SubProcess create_model() end ==================================
2026-01-29 23:37:46,471:INFO:choose_better activated
2026-01-29 23:37:46,471:INFO:SubProcess create_model() called ==================================
2026-01-29 23:37:46,471:INFO:Initializing create_model()
2026-01-29 23:37:46,471:INFO:create_model(self=<pycaret.classification.oop.ClassificationExperiment object at 0x000001D384743F10>, estimator=<catboost.core.CatBoostClassifier object at 0x000001D387329110>, fold=StratifiedKFold(n_splits=5, random_state=None, shuffle=False), round=4, cross_validation=True, predict=True, fit_kwargs={}, groups=None, refit=True, probability_threshold=None, experiment_custom_tags=None, verbose=False, system=False, add_to_model_list=True, metrics=None, display=None, model_only=True, return_train_score=False, error_score=0.0, kwargs={})
2026-01-29 23:37:46,471:INFO:Checking exceptions
2026-01-29 23:37:46,471:INFO:Importing libraries
2026-01-29 23:37:46,471:INFO:Copying training dataset
2026-01-29 23:37:46,481:INFO:Defining folds
2026-01-29 23:37:46,481:INFO:Declaring metric variables
2026-01-29 23:37:46,481:INFO:Importing untrained model
2026-01-29 23:37:46,481:INFO:Declaring custom model
2026-01-29 23:37:46,481:INFO:CatBoost Classifier Imported successfully
2026-01-29 23:37:46,481:INFO:Starting cross validation
2026-01-29 23:37:46,483:INFO:Cross validating with StratifiedKFold(n_splits=5, random_state=None, shuffle=False), n_jobs=-1
2026-01-29 23:37:52,317:INFO:Calculating mean and std
2026-01-29 23:37:52,317:INFO:Creating metrics dataframe
2026-01-29 23:37:52,319:INFO:Finalizing model
2026-01-29 23:37:57,130:INFO:Uploading results into container
2026-01-29 23:37:57,130:INFO:Uploading model into container now
2026-01-29 23:37:57,130:INFO:_master_model_container: 3
2026-01-29 23:37:57,130:INFO:_display_container: 4
2026-01-29 23:37:57,130:INFO:<catboost.core.CatBoostClassifier object at 0x000001D384E38110>
2026-01-29 23:37:57,130:INFO:create_model() successfully completed......................................
2026-01-29 23:37:57,193:INFO:SubProcess create_model() end ==================================
2026-01-29 23:37:57,193:INFO:<catboost.core.CatBoostClassifier object at 0x000001D384E38110> result for F1 is 0.6034
2026-01-29 23:37:57,193:INFO:<catboost.core.CatBoostClassifier object at 0x000001D384BE0290> result for F1 is 0.618
2026-01-29 23:37:57,193:INFO:<catboost.core.CatBoostClassifier object at 0x000001D384BE0290> is best model
2026-01-29 23:37:57,193:INFO:choose_better completed
2026-01-29 23:37:57,193:INFO:_master_model_container: 3
2026-01-29 23:37:57,193:INFO:_display_container: 3
2026-01-29 23:37:57,193:INFO:<catboost.core.CatBoostClassifier object at 0x000001D384BE0290>
2026-01-29 23:37:57,193:INFO:tune_model() successfully completed......................................
2026-01-29 23:37:57,262:INFO:Initializing finalize_model()
2026-01-29 23:37:57,262:INFO:finalize_model(self=<pycaret.classification.oop.ClassificationExperiment object at 0x000001D384743F10>, estimator=<catboost.core.CatBoostClassifier object at 0x000001D384BE0290>, fit_kwargs=None, groups=None, model_only=False, experiment_custom_tags=None)
2026-01-29 23:37:57,262:INFO:Finalizing <catboost.core.CatBoostClassifier object at 0x000001D384BE0290>
2026-01-29 23:37:57,269:INFO:Initializing create_model()
2026-01-29 23:37:57,269:INFO:create_model(self=<pycaret.classification.oop.ClassificationExperiment object at 0x000001D384743F10>, estimator=<catboost.core.CatBoostClassifier object at 0x000001D384BE0290>, fold=None, round=4, cross_validation=False, predict=False, fit_kwargs={}, groups=None, refit=True, probability_threshold=None, experiment_custom_tags=None, verbose=False, system=False, add_to_model_list=False, metrics=None, display=None, model_only=False, return_train_score=False, error_score=0.0, kwargs={})
2026-01-29 23:37:57,269:INFO:Checking exceptions
2026-01-29 23:37:57,269:INFO:Importing libraries
2026-01-29 23:37:57,269:INFO:Copying training dataset
2026-01-29 23:37:57,269:INFO:Defining folds
2026-01-29 23:37:57,269:INFO:Declaring metric variables
2026-01-29 23:37:57,269:INFO:Importing untrained model
2026-01-29 23:37:57,269:INFO:Declaring custom model
2026-01-29 23:37:57,269:INFO:CatBoost Classifier Imported successfully
2026-01-29 23:37:57,269:INFO:Cross validation set to False
2026-01-29 23:37:57,269:INFO:Fitting Model
2026-01-29 23:38:00,922:INFO:Pipeline(memory=Memory(location=None),
         steps=[('numerical_imputer',
                 TransformerWrapper(exclude=None,
                                    include=['credit_score', 'age', 'tenure',
                                             'balance', 'products_number',
                                             'estimated_salary',
                                             'balance_salary_ratio',
                                             'tenure_age_ratio',
                                             'credit_score_age_ratio',
                                             'balance_per_product'],
                                    transformer=SimpleImputer(add_indicator=False,
                                                              copy=True,
                                                              fill_value=None,
                                                              keep...
                 TransformerWrapper(exclude=[], include=None,
                                    transformer=RemoveMulticollinearity(threshold=0.9))),
                ('balance',
                 TransformerWrapper(exclude=None, include=None,
                                    transformer=FixImbalancer(estimator=SMOTE(k_neighbors=5,
                                                                              random_state=42,
                                                                              sampling_strategy='auto')))),
                ('actual_estimator',
                 <catboost.core.CatBoostClassifier object at 0x000001D384BE3F10>)],
         verbose=False)
2026-01-29 23:38:00,922:INFO:create_model() successfully completed......................................
2026-01-29 23:38:00,988:INFO:_master_model_container: 3
2026-01-29 23:38:00,988:INFO:_display_container: 3
2026-01-29 23:38:01,020:INFO:Pipeline(memory=Memory(location=None),
         steps=[('numerical_imputer',
                 TransformerWrapper(exclude=None,
                                    include=['credit_score', 'age', 'tenure',
                                             'balance', 'products_number',
                                             'estimated_salary',
                                             'balance_salary_ratio',
                                             'tenure_age_ratio',
                                             'credit_score_age_ratio',
                                             'balance_per_product'],
                                    transformer=SimpleImputer(add_indicator=False,
                                                              copy=True,
                                                              fill_value=None,
                                                              keep...
                 TransformerWrapper(exclude=[], include=None,
                                    transformer=RemoveMulticollinearity(threshold=0.9))),
                ('balance',
                 TransformerWrapper(exclude=None, include=None,
                                    transformer=FixImbalancer(estimator=SMOTE(k_neighbors=5,
                                                                              random_state=42,
                                                                              sampling_strategy='auto')))),
                ('actual_estimator',
                 <catboost.core.CatBoostClassifier object at 0x000001D384BE3F10>)],
         verbose=False)
2026-01-29 23:38:01,020:INFO:finalize_model() successfully completed......................................
2026-01-29 23:38:01,177:INFO:Initializing save_model()
2026-01-29 23:38:01,177:INFO:save_model(model=Pipeline(memory=Memory(location=None),
         steps=[('numerical_imputer',
                 TransformerWrapper(exclude=None,
                                    include=['credit_score', 'age', 'tenure',
                                             'balance', 'products_number',
                                             'estimated_salary',
                                             'balance_salary_ratio',
                                             'tenure_age_ratio',
                                             'credit_score_age_ratio',
                                             'balance_per_product'],
                                    transformer=SimpleImputer(add_indicator=False,
                                                              copy=True,
                                                              fill_value=None,
                                                              keep...
                 TransformerWrapper(exclude=[], include=None,
                                    transformer=RemoveMulticollinearity(threshold=0.9))),
                ('balance',
                 TransformerWrapper(exclude=None, include=None,
                                    transformer=FixImbalancer(estimator=SMOTE(k_neighbors=5,
                                                                              random_state=42,
                                                                              sampling_strategy='auto')))),
                ('actual_estimator',
                 <catboost.core.CatBoostClassifier object at 0x000001D384BE3F10>)],
         verbose=False), model_name=models/catboost_classifier_model, prep_pipe_=Pipeline(memory=FastMemory(location=C:\Users\RAJEEV~1\AppData\Local\Temp\joblib),
         steps=[('numerical_imputer',
                 TransformerWrapper(exclude=None,
                                    include=['credit_score', 'age', 'tenure',
                                             'balance', 'products_number',
                                             'estimated_salary',
                                             'balance_salary_ratio',
                                             'tenure_age_ratio',
                                             'credit_score_age_ratio',
                                             'balance_per_product'],
                                    transformer=SimpleImputer(add_ind...
                                                              handle_unknown='value',
                                                              return_df=True,
                                                              use_cat_names=True,
                                                              verbose=0))),
                ('remove_multicollinearity',
                 TransformerWrapper(exclude=[], include=None,
                                    transformer=RemoveMulticollinearity(threshold=0.9))),
                ('balance',
                 TransformerWrapper(exclude=None, include=None,
                                    transformer=FixImbalancer(estimator=SMOTE(k_neighbors=5,
                                                                              random_state=42,
                                                                              sampling_strategy='auto'))))],
         verbose=False), verbose=True, use_case=MLUsecase.CLASSIFICATION, kwargs={})
2026-01-29 23:38:01,177:INFO:Adding model into prep_pipe
2026-01-29 23:38:01,177:WARNING:Only Model saved as it was a pipeline.
2026-01-29 23:38:01,177:INFO:models/catboost_classifier_model.pkl saved in current working directory
2026-01-29 23:38:01,232:INFO:Pipeline(memory=Memory(location=None),
         steps=[('numerical_imputer',
                 TransformerWrapper(exclude=None,
                                    include=['credit_score', 'age', 'tenure',
                                             'balance', 'products_number',
                                             'estimated_salary',
                                             'balance_salary_ratio',
                                             'tenure_age_ratio',
                                             'credit_score_age_ratio',
                                             'balance_per_product'],
                                    transformer=SimpleImputer(add_indicator=False,
                                                              copy=True,
                                                              fill_value=None,
                                                              keep...
                 TransformerWrapper(exclude=[], include=None,
                                    transformer=RemoveMulticollinearity(threshold=0.9))),
                ('balance',
                 TransformerWrapper(exclude=None, include=None,
                                    transformer=FixImbalancer(estimator=SMOTE(k_neighbors=5,
                                                                              random_state=42,
                                                                              sampling_strategy='auto')))),
                ('actual_estimator',
                 <catboost.core.CatBoostClassifier object at 0x000001D384BE3F10>)],
         verbose=False)
2026-01-29 23:38:01,233:INFO:save_model() successfully completed......................................
2026-01-29 23:43:03,200:WARNING:
'cuml' is a soft dependency and not included in the pycaret installation. Please run: `pip install cuml` to install.
2026-01-29 23:43:03,200:WARNING:
'cuml' is a soft dependency and not included in the pycaret installation. Please run: `pip install cuml` to install.
2026-01-29 23:43:03,200:WARNING:
'cuml' is a soft dependency and not included in the pycaret installation. Please run: `pip install cuml` to install.
2026-01-29 23:43:03,200:WARNING:
'cuml' is a soft dependency and not included in the pycaret installation. Please run: `pip install cuml` to install.
2026-01-29 23:43:19,176:WARNING:
'cuml' is a soft dependency and not included in the pycaret installation. Please run: `pip install cuml` to install.
2026-01-29 23:43:19,176:WARNING:
'cuml' is a soft dependency and not included in the pycaret installation. Please run: `pip install cuml` to install.
2026-01-29 23:43:19,176:WARNING:
'cuml' is a soft dependency and not included in the pycaret installation. Please run: `pip install cuml` to install.
2026-01-29 23:43:19,176:WARNING:
'cuml' is a soft dependency and not included in the pycaret installation. Please run: `pip install cuml` to install.
2026-01-29 23:44:11,351:WARNING:
'cuml' is a soft dependency and not included in the pycaret installation. Please run: `pip install cuml` to install.
2026-01-29 23:44:11,351:WARNING:
'cuml' is a soft dependency and not included in the pycaret installation. Please run: `pip install cuml` to install.
2026-01-29 23:44:11,351:WARNING:
'cuml' is a soft dependency and not included in the pycaret installation. Please run: `pip install cuml` to install.
2026-01-29 23:44:11,351:WARNING:
'cuml' is a soft dependency and not included in the pycaret installation. Please run: `pip install cuml` to install.
2026-01-29 23:44:12,204:INFO:PyCaret ClassificationExperiment
2026-01-29 23:44:12,204:INFO:Logging name: clf-default-name
2026-01-29 23:44:12,204:INFO:ML Usecase: MLUsecase.CLASSIFICATION
2026-01-29 23:44:12,204:INFO:version 3.3.2
2026-01-29 23:44:12,204:INFO:Initializing setup()
2026-01-29 23:44:12,204:INFO:self.USI: 3a82
2026-01-29 23:44:12,204:INFO:self._variable_keys: {'html_param', 'X', 'data', 'pipeline', 'y', 'X_test', '_ml_usecase', 'logging_param', 'fold_shuffle_param', 'X_train', 'USI', 'gpu_n_jobs_param', 'log_plots_param', 'seed', 'target_param', 'y_train', 'gpu_param', 'fold_groups_param', 'idx', 'n_jobs_param', 'exp_name_log', 'y_test', 'memory', '_available_plots', 'exp_id', 'is_multiclass', 'fix_imbalance', 'fold_generator'}
2026-01-29 23:44:12,204:INFO:Checking environment
2026-01-29 23:44:12,204:INFO:python_version: 3.11.9
2026-01-29 23:44:12,204:INFO:python_build: ('tags/v3.11.9:de54cf5', 'Apr  2 2024 10:12:12')
2026-01-29 23:44:12,204:INFO:machine: AMD64
2026-01-29 23:44:12,204:INFO:platform: Windows-10-10.0.26200-SP0
2026-01-29 23:44:12,204:INFO:Memory: svmem(total=16779837440, available=6177943552, percent=63.2, used=10601893888, free=6177943552)
2026-01-29 23:44:12,204:INFO:Physical Core: 12
2026-01-29 23:44:12,204:INFO:Logical Core: 16
2026-01-29 23:44:12,204:INFO:Checking libraries
2026-01-29 23:44:12,204:INFO:System:
2026-01-29 23:44:12,204:INFO:    python: 3.11.9 (tags/v3.11.9:de54cf5, Apr  2 2024, 10:12:12) [MSC v.1938 64 bit (AMD64)]
2026-01-29 23:44:12,204:INFO:executable: C:\Users\Rajeev kumar\Desktop\Bank customer churn prediction\venv\Scripts\python.exe
2026-01-29 23:44:12,204:INFO:   machine: Windows-10-10.0.26200-SP0
2026-01-29 23:44:12,204:INFO:PyCaret required dependencies:
2026-01-29 23:44:12,240:INFO:                 pip: 24.0
2026-01-29 23:44:12,240:INFO:          setuptools: 65.5.0
2026-01-29 23:44:12,240:INFO:             pycaret: 3.3.2
2026-01-29 23:44:12,240:INFO:             IPython: 9.9.0
2026-01-29 23:44:12,240:INFO:          ipywidgets: 8.1.8
2026-01-29 23:44:12,240:INFO:                tqdm: 4.67.1
2026-01-29 23:44:12,240:INFO:               numpy: 1.26.4
2026-01-29 23:44:12,240:INFO:              pandas: 2.1.4
2026-01-29 23:44:12,240:INFO:              jinja2: 3.1.6
2026-01-29 23:44:12,240:INFO:               scipy: 1.11.4
2026-01-29 23:44:12,240:INFO:              joblib: 1.3.2
2026-01-29 23:44:12,240:INFO:             sklearn: 1.4.2
2026-01-29 23:44:12,240:INFO:                pyod: 2.0.6
2026-01-29 23:44:12,240:INFO:            imblearn: 0.14.1
2026-01-29 23:44:12,240:INFO:   category_encoders: 2.7.0
2026-01-29 23:44:12,240:INFO:            lightgbm: 4.6.0
2026-01-29 23:44:12,240:INFO:               numba: 0.63.1
2026-01-29 23:44:12,240:INFO:            requests: 2.32.5
2026-01-29 23:44:12,240:INFO:          matplotlib: 3.7.5
2026-01-29 23:44:12,240:INFO:          scikitplot: 0.3.7
2026-01-29 23:44:12,240:INFO:         yellowbrick: 1.5
2026-01-29 23:44:12,240:INFO:              plotly: 6.5.2
2026-01-29 23:44:12,240:INFO:    plotly-resampler: Not installed
2026-01-29 23:44:12,240:INFO:             kaleido: 1.2.0
2026-01-29 23:44:12,240:INFO:           schemdraw: 0.15
2026-01-29 23:44:12,240:INFO:         statsmodels: 0.14.6
2026-01-29 23:44:12,240:INFO:              sktime: 0.26.0
2026-01-29 23:44:12,240:INFO:               tbats: 1.1.3
2026-01-29 23:44:12,240:INFO:            pmdarima: 2.0.4
2026-01-29 23:44:12,240:INFO:              psutil: 7.2.1
2026-01-29 23:44:12,240:INFO:          markupsafe: 3.0.3
2026-01-29 23:44:12,240:INFO:             pickle5: Not installed
2026-01-29 23:44:12,240:INFO:         cloudpickle: 3.1.2
2026-01-29 23:44:12,240:INFO:         deprecation: 2.1.0
2026-01-29 23:44:12,240:INFO:              xxhash: 3.6.0
2026-01-29 23:44:12,240:INFO:           wurlitzer: Not installed
2026-01-29 23:44:12,240:INFO:PyCaret optional dependencies:
2026-01-29 23:44:12,264:INFO:                shap: 0.49.1
2026-01-29 23:44:12,264:INFO:           interpret: Not installed
2026-01-29 23:44:12,264:INFO:                umap: Not installed
2026-01-29 23:44:12,264:INFO:     ydata_profiling: Not installed
2026-01-29 23:44:12,264:INFO:  explainerdashboard: Not installed
2026-01-29 23:44:12,264:INFO:             autoviz: Not installed
2026-01-29 23:44:12,264:INFO:           fairlearn: Not installed
2026-01-29 23:44:12,264:INFO:          deepchecks: Not installed
2026-01-29 23:44:12,264:INFO:             xgboost: 3.1.3
2026-01-29 23:44:12,264:INFO:            catboost: 1.2.8
2026-01-29 23:44:12,264:INFO:              kmodes: Not installed
2026-01-29 23:44:12,264:INFO:             mlxtend: Not installed
2026-01-29 23:44:12,264:INFO:       statsforecast: Not installed
2026-01-29 23:44:12,264:INFO:        tune_sklearn: Not installed
2026-01-29 23:44:12,264:INFO:                 ray: Not installed
2026-01-29 23:44:12,264:INFO:            hyperopt: Not installed
2026-01-29 23:44:12,264:INFO:              optuna: Not installed
2026-01-29 23:44:12,264:INFO:               skopt: Not installed
2026-01-29 23:44:12,264:INFO:              mlflow: Not installed
2026-01-29 23:44:12,264:INFO:              gradio: Not installed
2026-01-29 23:44:12,264:INFO:             fastapi: Not installed
2026-01-29 23:44:12,264:INFO:             uvicorn: Not installed
2026-01-29 23:44:12,264:INFO:              m2cgen: Not installed
2026-01-29 23:44:12,264:INFO:           evidently: Not installed
2026-01-29 23:44:12,265:INFO:               fugue: Not installed
2026-01-29 23:44:12,265:INFO:           streamlit: 1.53.1
2026-01-29 23:44:12,265:INFO:             prophet: Not installed
2026-01-29 23:44:12,265:INFO:None
2026-01-29 23:44:12,265:INFO:Set up data.
2026-01-29 23:44:12,265:INFO:Set up folding strategy.
2026-01-29 23:44:12,265:INFO:Set up train/test split.
2026-01-29 23:44:12,265:INFO:Set up index.
2026-01-29 23:44:12,265:INFO:Assigning column types.
2026-01-29 23:44:12,265:INFO:Engine successfully changes for model 'lr' to 'sklearn'.
2026-01-29 23:44:12,297:INFO:Engine for model 'knn' has not been set explicitly, hence returning None.
2026-01-29 23:44:12,297:INFO:Engine for model 'rbfsvm' has not been set explicitly, hence returning None.
2026-01-29 23:44:12,319:INFO:Soft dependency imported: xgboost: 3.1.3
2026-01-29 23:44:12,319:INFO:Soft dependency imported: catboost: 1.2.8
2026-01-29 23:44:12,361:INFO:Engine for model 'knn' has not been set explicitly, hence returning None.
2026-01-29 23:44:12,361:INFO:Engine for model 'rbfsvm' has not been set explicitly, hence returning None.
2026-01-29 23:44:12,384:INFO:Soft dependency imported: xgboost: 3.1.3
2026-01-29 23:44:12,387:INFO:Soft dependency imported: catboost: 1.2.8
2026-01-29 23:44:12,387:INFO:Engine successfully changes for model 'knn' to 'sklearn'.
2026-01-29 23:44:12,404:INFO:Engine for model 'rbfsvm' has not been set explicitly, hence returning None.
2026-01-29 23:44:12,419:INFO:Soft dependency imported: xgboost: 3.1.3
2026-01-29 23:44:12,419:INFO:Soft dependency imported: catboost: 1.2.8
2026-01-29 23:44:12,451:INFO:Engine for model 'rbfsvm' has not been set explicitly, hence returning None.
2026-01-29 23:44:12,467:INFO:Soft dependency imported: xgboost: 3.1.3
2026-01-29 23:44:12,467:INFO:Soft dependency imported: catboost: 1.2.8
2026-01-29 23:44:12,467:INFO:Engine successfully changes for model 'rbfsvm' to 'sklearn'.
2026-01-29 23:44:12,514:INFO:Soft dependency imported: xgboost: 3.1.3
2026-01-29 23:44:12,514:INFO:Soft dependency imported: catboost: 1.2.8
2026-01-29 23:44:12,562:INFO:Soft dependency imported: xgboost: 3.1.3
2026-01-29 23:44:12,564:INFO:Soft dependency imported: catboost: 1.2.8
2026-01-29 23:44:12,564:INFO:Preparing preprocessing pipeline...
2026-01-29 23:44:12,566:INFO:Set up simple imputation.
2026-01-29 23:44:12,568:INFO:Set up encoding of ordinal features.
2026-01-29 23:44:12,572:INFO:Set up encoding of categorical features.
2026-01-29 23:44:12,572:INFO:Set up removing multicollinearity.
2026-01-29 23:44:12,572:INFO:Set up imbalanced handling.
2026-01-29 23:44:12,652:INFO:Finished creating preprocessing pipeline.
2026-01-29 23:44:12,717:INFO:Pipeline: Pipeline(memory=FastMemory(location=C:\Users\RAJEEV~1\AppData\Local\Temp\joblib),
         steps=[('numerical_imputer',
                 TransformerWrapper(exclude=None,
                                    include=['credit_score', 'age', 'tenure',
                                             'balance', 'products_number',
                                             'estimated_salary',
                                             'balance_salary_ratio',
                                             'tenure_age_ratio',
                                             'credit_score_age_ratio',
                                             'balance_per_product'],
                                    transformer=SimpleImputer(add_ind...
                                                              handle_unknown='value',
                                                              return_df=True,
                                                              use_cat_names=True,
                                                              verbose=0))),
                ('remove_multicollinearity',
                 TransformerWrapper(exclude=[], include=None,
                                    transformer=RemoveMulticollinearity(threshold=0.9))),
                ('balance',
                 TransformerWrapper(exclude=None, include=None,
                                    transformer=FixImbalancer(estimator=SMOTE(k_neighbors=5,
                                                                              random_state=42,
                                                                              sampling_strategy='auto'))))],
         verbose=False)
2026-01-29 23:44:12,717:INFO:Creating final display dataframe.
2026-01-29 23:44:12,808:INFO:Setup _display_container:                     Description             Value
0                    Session id                42
1                        Target             churn
2                   Target type            Binary
3           Original data shape       (10000, 16)
4        Transformed data shape       (14148, 17)
5   Transformed train set shape       (11148, 17)
6    Transformed test set shape        (3000, 17)
7              Numeric features                10
8          Categorical features                 5
9                    Preprocess              True
10              Imputation type            simple
11           Numeric imputation              mean
12       Categorical imputation              mode
13     Maximum one-hot encoding                25
14              Encoding method              None
15     Remove multicollinearity              True
16  Multicollinearity threshold               0.9
17                Fix imbalance              True
18         Fix imbalance method             SMOTE
19               Fold Generator   StratifiedKFold
20                  Fold Number                 5
21                     CPU Jobs                -1
22                      Use GPU             False
23               Log Experiment             False
24              Experiment Name  clf-default-name
25                          USI              3a82
2026-01-29 23:44:12,840:INFO:Soft dependency imported: xgboost: 3.1.3
2026-01-29 23:44:12,840:INFO:Soft dependency imported: catboost: 1.2.8
2026-01-29 23:44:12,888:INFO:Soft dependency imported: xgboost: 3.1.3
2026-01-29 23:44:12,888:INFO:Soft dependency imported: catboost: 1.2.8
2026-01-29 23:44:12,888:INFO:setup() successfully completed in 0.7s...............
2026-01-29 23:44:12,888:INFO:Initializing create_model()
2026-01-29 23:44:12,888:INFO:create_model(self=<pycaret.classification.oop.ClassificationExperiment object at 0x0000023E3FE8C050>, estimator=catboost, fold=None, round=4, cross_validation=True, predict=True, fit_kwargs=None, groups=None, refit=True, probability_threshold=None, experiment_custom_tags=None, verbose=True, system=True, add_to_model_list=True, metrics=None, display=None, model_only=True, return_train_score=False, error_score=0.0, kwargs={})
2026-01-29 23:44:12,888:INFO:Checking exceptions
2026-01-29 23:44:12,888:INFO:Importing libraries
2026-01-29 23:44:12,888:INFO:Copying training dataset
2026-01-29 23:44:12,905:INFO:Defining folds
2026-01-29 23:44:12,905:INFO:Declaring metric variables
2026-01-29 23:44:12,905:INFO:Importing untrained model
2026-01-29 23:44:12,905:INFO:CatBoost Classifier Imported successfully
2026-01-29 23:44:12,905:INFO:Starting cross validation
2026-01-29 23:44:12,906:INFO:Cross validating with StratifiedKFold(n_splits=5, random_state=None, shuffle=False), n_jobs=-1
2026-01-29 23:44:21,588:INFO:Calculating mean and std
2026-01-29 23:44:21,589:INFO:Creating metrics dataframe
2026-01-29 23:44:21,592:INFO:Finalizing model
2026-01-29 23:44:21,672:WARNING:C:\Users\Rajeev kumar\Desktop\Bank customer churn prediction\venv\Lib\site-packages\joblib\externals\loky\backend\context.py:136: UserWarning: Could not find the number of physical cores for the following reason:
[WinError 2] The system cannot find the file specified
Returning the number of logical cores instead. You can silence this warning by setting LOKY_MAX_CPU_COUNT to the number of cores you want to use.
  warnings.warn(

2026-01-29 23:44:21,672:WARNING:  File "C:\Users\Rajeev kumar\Desktop\Bank customer churn prediction\venv\Lib\site-packages\joblib\externals\loky\backend\context.py", line 257, in _count_physical_cores
2026-01-29 23:44:21,672:WARNING:    cpu_info = subprocess.run(
2026-01-29 23:44:21,672:WARNING:               ^^^^^^^^^^^^^^^
2026-01-29 23:44:21,672:WARNING:  File "C:\Program Files\WindowsApps\PythonSoftwareFoundation.Python.3.11_3.11.2544.0_x64__qbz5n2kfra8p0\Lib\subprocess.py", line 548, in run
2026-01-29 23:44:21,672:WARNING:    with Popen(*popenargs, **kwargs) as process:
2026-01-29 23:44:21,672:WARNING:         ^^^^^^^^^^^^^^^^^^^^^^^^^^^
2026-01-29 23:44:21,672:WARNING:  File "C:\Program Files\WindowsApps\PythonSoftwareFoundation.Python.3.11_3.11.2544.0_x64__qbz5n2kfra8p0\Lib\subprocess.py", line 1026, in __init__
2026-01-29 23:44:21,672:WARNING:    self._execute_child(args, executable, preexec_fn, close_fds,
2026-01-29 23:44:21,672:WARNING:  File "C:\Program Files\WindowsApps\PythonSoftwareFoundation.Python.3.11_3.11.2544.0_x64__qbz5n2kfra8p0\Lib\subprocess.py", line 1538, in _execute_child
2026-01-29 23:44:21,672:WARNING:    hp, ht, pid, tid = _winapi.CreateProcess(executable, args,
2026-01-29 23:44:21,672:WARNING:                       ^^^^^^^^^^^^^^^^^^^^^^^^^^^^^^^^^^^^^^^
2026-01-29 23:44:26,734:INFO:Uploading results into container
2026-01-29 23:44:26,734:INFO:Uploading model into container now
2026-01-29 23:44:26,740:INFO:_master_model_container: 1
2026-01-29 23:44:26,740:INFO:_display_container: 2
2026-01-29 23:44:26,740:INFO:<catboost.core.CatBoostClassifier object at 0x0000023E66901110>
2026-01-29 23:44:26,740:INFO:create_model() successfully completed......................................
2026-01-29 23:44:26,800:INFO:Initializing tune_model()
2026-01-29 23:44:26,800:INFO:tune_model(self=<pycaret.classification.oop.ClassificationExperiment object at 0x0000023E3FE8C050>, estimator=<catboost.core.CatBoostClassifier object at 0x0000023E66901110>, fold=None, round=4, n_iter=30, custom_grid={'iterations': [200, 400, 600], 'learning_rate': [0.01, 0.05, 0.1], 'depth': [4, 6, 8], 'l2_leaf_reg': [1, 3, 5, 9], 'scale_pos_weight': [1, 3, 4]}, optimize=F1, custom_scorer=None, search_library=scikit-learn, search_algorithm=None, early_stopping=False, early_stopping_max_iters=10, choose_better=True, fit_kwargs=None, groups=None, return_tuner=False, verbose=True, tuner_verbose=True, return_train_score=False, kwargs={})
2026-01-29 23:44:26,800:INFO:Checking exceptions
2026-01-29 23:44:26,803:INFO:Copying training dataset
2026-01-29 23:44:26,807:INFO:Checking base model
2026-01-29 23:44:26,807:INFO:Base model : CatBoost Classifier
2026-01-29 23:44:26,807:INFO:Declaring metric variables
2026-01-29 23:44:26,807:INFO:Defining Hyperparameters
2026-01-29 23:44:26,869:INFO:custom_grid: {'actual_estimator__iterations': [200, 400, 600], 'actual_estimator__learning_rate': [0.01, 0.05, 0.1], 'actual_estimator__depth': [4, 6, 8], 'actual_estimator__l2_leaf_reg': [1, 3, 5, 9], 'actual_estimator__scale_pos_weight': [1, 3, 4]}
2026-01-29 23:44:26,869:INFO:Tuning with n_jobs=-1
2026-01-29 23:44:26,869:INFO:Initializing RandomizedSearchCV
2026-01-29 23:46:11,642:INFO:best_params: {'actual_estimator__scale_pos_weight': 1, 'actual_estimator__learning_rate': 0.01, 'actual_estimator__l2_leaf_reg': 3, 'actual_estimator__iterations': 600, 'actual_estimator__depth': 6}
2026-01-29 23:46:11,642:INFO:Hyperparameter search completed
2026-01-29 23:46:11,642:INFO:SubProcess create_model() called ==================================
2026-01-29 23:46:11,644:INFO:Initializing create_model()
2026-01-29 23:46:11,644:INFO:create_model(self=<pycaret.classification.oop.ClassificationExperiment object at 0x0000023E3FE8C050>, estimator=<catboost.core.CatBoostClassifier object at 0x0000023E668EED90>, fold=StratifiedKFold(n_splits=5, random_state=None, shuffle=False), round=4, cross_validation=True, predict=True, fit_kwargs={}, groups=None, refit=True, probability_threshold=None, experiment_custom_tags=None, verbose=True, system=False, add_to_model_list=True, metrics=None, display=<pycaret.internal.display.display.CommonDisplay object at 0x0000023E6692CB10>, model_only=True, return_train_score=False, error_score=0.0, kwargs={'scale_pos_weight': 1, 'learning_rate': 0.01, 'l2_leaf_reg': 3, 'iterations': 600, 'depth': 6})
2026-01-29 23:46:11,644:INFO:Checking exceptions
2026-01-29 23:46:11,644:INFO:Importing libraries
2026-01-29 23:46:11,644:INFO:Copying training dataset
2026-01-29 23:46:11,654:INFO:Defining folds
2026-01-29 23:46:11,654:INFO:Declaring metric variables
2026-01-29 23:46:11,655:INFO:Importing untrained model
2026-01-29 23:46:11,655:INFO:Declaring custom model
2026-01-29 23:46:11,655:INFO:CatBoost Classifier Imported successfully
2026-01-29 23:46:11,656:INFO:Starting cross validation
2026-01-29 23:46:11,658:INFO:Cross validating with StratifiedKFold(n_splits=5, random_state=None, shuffle=False), n_jobs=-1
2026-01-29 23:46:15,791:INFO:Calculating mean and std
2026-01-29 23:46:15,792:INFO:Creating metrics dataframe
2026-01-29 23:46:15,793:INFO:Finalizing model
2026-01-29 23:46:19,183:INFO:Uploading results into container
2026-01-29 23:46:19,184:INFO:Uploading model into container now
2026-01-29 23:46:19,184:INFO:_master_model_container: 2
2026-01-29 23:46:19,184:INFO:_display_container: 3
2026-01-29 23:46:19,184:INFO:<catboost.core.CatBoostClassifier object at 0x0000023E6692DCD0>
2026-01-29 23:46:19,184:INFO:create_model() successfully completed......................................
2026-01-29 23:46:19,250:INFO:SubProcess create_model() end ==================================
2026-01-29 23:46:19,250:INFO:choose_better activated
2026-01-29 23:46:19,250:INFO:SubProcess create_model() called ==================================
2026-01-29 23:46:19,251:INFO:Initializing create_model()
2026-01-29 23:46:19,251:INFO:create_model(self=<pycaret.classification.oop.ClassificationExperiment object at 0x0000023E3FE8C050>, estimator=<catboost.core.CatBoostClassifier object at 0x0000023E66901110>, fold=StratifiedKFold(n_splits=5, random_state=None, shuffle=False), round=4, cross_validation=True, predict=True, fit_kwargs={}, groups=None, refit=True, probability_threshold=None, experiment_custom_tags=None, verbose=False, system=False, add_to_model_list=True, metrics=None, display=None, model_only=True, return_train_score=False, error_score=0.0, kwargs={})
2026-01-29 23:46:19,251:INFO:Checking exceptions
2026-01-29 23:46:19,251:INFO:Importing libraries
2026-01-29 23:46:19,251:INFO:Copying training dataset
2026-01-29 23:46:19,255:INFO:Defining folds
2026-01-29 23:46:19,256:INFO:Declaring metric variables
2026-01-29 23:46:19,256:INFO:Importing untrained model
2026-01-29 23:46:19,256:INFO:Declaring custom model
2026-01-29 23:46:19,256:INFO:CatBoost Classifier Imported successfully
2026-01-29 23:46:19,256:INFO:Starting cross validation
2026-01-29 23:46:19,257:INFO:Cross validating with StratifiedKFold(n_splits=5, random_state=None, shuffle=False), n_jobs=-1
2026-01-29 23:46:25,417:INFO:Calculating mean and std
2026-01-29 23:46:25,417:INFO:Creating metrics dataframe
2026-01-29 23:46:25,417:INFO:Finalizing model
2026-01-29 23:46:30,410:INFO:Uploading results into container
2026-01-29 23:46:30,410:INFO:Uploading model into container now
2026-01-29 23:46:30,410:INFO:_master_model_container: 3
2026-01-29 23:46:30,410:INFO:_display_container: 4
2026-01-29 23:46:30,410:INFO:<catboost.core.CatBoostClassifier object at 0x0000023E662F8F10>
2026-01-29 23:46:30,410:INFO:create_model() successfully completed......................................
2026-01-29 23:46:30,473:INFO:SubProcess create_model() end ==================================
2026-01-29 23:46:30,473:INFO:<catboost.core.CatBoostClassifier object at 0x0000023E662F8F10> result for F1 is 0.6034
2026-01-29 23:46:30,473:INFO:<catboost.core.CatBoostClassifier object at 0x0000023E6692DCD0> result for F1 is 0.618
2026-01-29 23:46:30,473:INFO:<catboost.core.CatBoostClassifier object at 0x0000023E6692DCD0> is best model
2026-01-29 23:46:30,473:INFO:choose_better completed
2026-01-29 23:46:30,481:INFO:_master_model_container: 3
2026-01-29 23:46:30,481:INFO:_display_container: 3
2026-01-29 23:46:30,481:INFO:<catboost.core.CatBoostClassifier object at 0x0000023E6692DCD0>
2026-01-29 23:46:30,481:INFO:tune_model() successfully completed......................................
2026-01-29 23:46:30,549:INFO:Initializing finalize_model()
2026-01-29 23:46:30,549:INFO:finalize_model(self=<pycaret.classification.oop.ClassificationExperiment object at 0x0000023E3FE8C050>, estimator=<catboost.core.CatBoostClassifier object at 0x0000023E6692DCD0>, fit_kwargs=None, groups=None, model_only=False, experiment_custom_tags=None)
2026-01-29 23:46:30,549:INFO:Finalizing <catboost.core.CatBoostClassifier object at 0x0000023E6692DCD0>
2026-01-29 23:46:30,553:INFO:Initializing create_model()
2026-01-29 23:46:30,553:INFO:create_model(self=<pycaret.classification.oop.ClassificationExperiment object at 0x0000023E3FE8C050>, estimator=<catboost.core.CatBoostClassifier object at 0x0000023E6692DCD0>, fold=None, round=4, cross_validation=False, predict=False, fit_kwargs={}, groups=None, refit=True, probability_threshold=None, experiment_custom_tags=None, verbose=False, system=False, add_to_model_list=False, metrics=None, display=None, model_only=False, return_train_score=False, error_score=0.0, kwargs={})
2026-01-29 23:46:30,553:INFO:Checking exceptions
2026-01-29 23:46:30,553:INFO:Importing libraries
2026-01-29 23:46:30,553:INFO:Copying training dataset
2026-01-29 23:46:30,553:INFO:Defining folds
2026-01-29 23:46:30,553:INFO:Declaring metric variables
2026-01-29 23:46:30,553:INFO:Importing untrained model
2026-01-29 23:46:30,553:INFO:Declaring custom model
2026-01-29 23:46:30,553:INFO:CatBoost Classifier Imported successfully
2026-01-29 23:46:30,553:INFO:Cross validation set to False
2026-01-29 23:46:30,553:INFO:Fitting Model
2026-01-29 23:46:34,099:INFO:Pipeline(memory=Memory(location=None),
         steps=[('numerical_imputer',
                 TransformerWrapper(exclude=None,
                                    include=['credit_score', 'age', 'tenure',
                                             'balance', 'products_number',
                                             'estimated_salary',
                                             'balance_salary_ratio',
                                             'tenure_age_ratio',
                                             'credit_score_age_ratio',
                                             'balance_per_product'],
                                    transformer=SimpleImputer(add_indicator=False,
                                                              copy=True,
                                                              fill_value=None,
                                                              keep...
                 TransformerWrapper(exclude=[], include=None,
                                    transformer=RemoveMulticollinearity(threshold=0.9))),
                ('balance',
                 TransformerWrapper(exclude=None, include=None,
                                    transformer=FixImbalancer(estimator=SMOTE(k_neighbors=5,
                                                                              random_state=42,
                                                                              sampling_strategy='auto')))),
                ('actual_estimator',
                 <catboost.core.CatBoostClassifier object at 0x0000023E668EC390>)],
         verbose=False)
2026-01-29 23:46:34,105:INFO:create_model() successfully completed......................................
2026-01-29 23:46:34,168:INFO:_master_model_container: 3
2026-01-29 23:46:34,168:INFO:_display_container: 3
2026-01-29 23:46:34,201:INFO:Pipeline(memory=Memory(location=None),
         steps=[('numerical_imputer',
                 TransformerWrapper(exclude=None,
                                    include=['credit_score', 'age', 'tenure',
                                             'balance', 'products_number',
                                             'estimated_salary',
                                             'balance_salary_ratio',
                                             'tenure_age_ratio',
                                             'credit_score_age_ratio',
                                             'balance_per_product'],
                                    transformer=SimpleImputer(add_indicator=False,
                                                              copy=True,
                                                              fill_value=None,
                                                              keep...
                 TransformerWrapper(exclude=[], include=None,
                                    transformer=RemoveMulticollinearity(threshold=0.9))),
                ('balance',
                 TransformerWrapper(exclude=None, include=None,
                                    transformer=FixImbalancer(estimator=SMOTE(k_neighbors=5,
                                                                              random_state=42,
                                                                              sampling_strategy='auto')))),
                ('actual_estimator',
                 <catboost.core.CatBoostClassifier object at 0x0000023E668EC390>)],
         verbose=False)
2026-01-29 23:46:34,201:INFO:finalize_model() successfully completed......................................
2026-01-29 23:46:34,348:INFO:Initializing save_model()
2026-01-29 23:46:34,348:INFO:save_model(model=Pipeline(memory=Memory(location=None),
         steps=[('numerical_imputer',
                 TransformerWrapper(exclude=None,
                                    include=['credit_score', 'age', 'tenure',
                                             'balance', 'products_number',
                                             'estimated_salary',
                                             'balance_salary_ratio',
                                             'tenure_age_ratio',
                                             'credit_score_age_ratio',
                                             'balance_per_product'],
                                    transformer=SimpleImputer(add_indicator=False,
                                                              copy=True,
                                                              fill_value=None,
                                                              keep...
                 TransformerWrapper(exclude=[], include=None,
                                    transformer=RemoveMulticollinearity(threshold=0.9))),
                ('balance',
                 TransformerWrapper(exclude=None, include=None,
                                    transformer=FixImbalancer(estimator=SMOTE(k_neighbors=5,
                                                                              random_state=42,
                                                                              sampling_strategy='auto')))),
                ('actual_estimator',
                 <catboost.core.CatBoostClassifier object at 0x0000023E668EC390>)],
         verbose=False), model_name=models/catboost_classifier_model, prep_pipe_=Pipeline(memory=FastMemory(location=C:\Users\RAJEEV~1\AppData\Local\Temp\joblib),
         steps=[('numerical_imputer',
                 TransformerWrapper(exclude=None,
                                    include=['credit_score', 'age', 'tenure',
                                             'balance', 'products_number',
                                             'estimated_salary',
                                             'balance_salary_ratio',
                                             'tenure_age_ratio',
                                             'credit_score_age_ratio',
                                             'balance_per_product'],
                                    transformer=SimpleImputer(add_ind...
                                                              handle_unknown='value',
                                                              return_df=True,
                                                              use_cat_names=True,
                                                              verbose=0))),
                ('remove_multicollinearity',
                 TransformerWrapper(exclude=[], include=None,
                                    transformer=RemoveMulticollinearity(threshold=0.9))),
                ('balance',
                 TransformerWrapper(exclude=None, include=None,
                                    transformer=FixImbalancer(estimator=SMOTE(k_neighbors=5,
                                                                              random_state=42,
                                                                              sampling_strategy='auto'))))],
         verbose=False), verbose=True, use_case=MLUsecase.CLASSIFICATION, kwargs={})
2026-01-29 23:46:34,348:INFO:Adding model into prep_pipe
2026-01-29 23:46:34,348:WARNING:Only Model saved as it was a pipeline.
2026-01-29 23:46:34,369:INFO:models/catboost_classifier_model.pkl saved in current working directory
2026-01-29 23:46:34,438:INFO:Pipeline(memory=Memory(location=None),
         steps=[('numerical_imputer',
                 TransformerWrapper(exclude=None,
                                    include=['credit_score', 'age', 'tenure',
                                             'balance', 'products_number',
                                             'estimated_salary',
                                             'balance_salary_ratio',
                                             'tenure_age_ratio',
                                             'credit_score_age_ratio',
                                             'balance_per_product'],
                                    transformer=SimpleImputer(add_indicator=False,
                                                              copy=True,
                                                              fill_value=None,
                                                              keep...
                 TransformerWrapper(exclude=[], include=None,
                                    transformer=RemoveMulticollinearity(threshold=0.9))),
                ('balance',
                 TransformerWrapper(exclude=None, include=None,
                                    transformer=FixImbalancer(estimator=SMOTE(k_neighbors=5,
                                                                              random_state=42,
                                                                              sampling_strategy='auto')))),
                ('actual_estimator',
                 <catboost.core.CatBoostClassifier object at 0x0000023E668EC390>)],
         verbose=False)
2026-01-29 23:46:34,438:INFO:save_model() successfully completed......................................
2026-01-29 23:48:25,591:WARNING:
'cuml' is a soft dependency and not included in the pycaret installation. Please run: `pip install cuml` to install.
2026-01-29 23:48:25,591:WARNING:
'cuml' is a soft dependency and not included in the pycaret installation. Please run: `pip install cuml` to install.
2026-01-29 23:48:25,591:WARNING:
'cuml' is a soft dependency and not included in the pycaret installation. Please run: `pip install cuml` to install.
2026-01-29 23:48:25,591:WARNING:
'cuml' is a soft dependency and not included in the pycaret installation. Please run: `pip install cuml` to install.
2026-01-29 23:48:26,476:INFO:PyCaret ClassificationExperiment
2026-01-29 23:48:26,476:INFO:Logging name: clf-default-name
2026-01-29 23:48:26,476:INFO:ML Usecase: MLUsecase.CLASSIFICATION
2026-01-29 23:48:26,476:INFO:version 3.3.2
2026-01-29 23:48:26,476:INFO:Initializing setup()
2026-01-29 23:48:26,476:INFO:self.USI: 5e09
2026-01-29 23:48:26,476:INFO:self._variable_keys: {'is_multiclass', 'seed', 'X', 'n_jobs_param', 'target_param', 'fold_shuffle_param', 'logging_param', 'gpu_param', 'pipeline', 'html_param', 'y', 'X_train', 'exp_name_log', 'y_test', 'gpu_n_jobs_param', 'idx', 'USI', 'y_train', 'memory', 'fold_generator', '_ml_usecase', 'fix_imbalance', 'data', '_available_plots', 'exp_id', 'log_plots_param', 'X_test', 'fold_groups_param'}
2026-01-29 23:48:26,476:INFO:Checking environment
2026-01-29 23:48:26,476:INFO:python_version: 3.11.9
2026-01-29 23:48:26,476:INFO:python_build: ('tags/v3.11.9:de54cf5', 'Apr  2 2024 10:12:12')
2026-01-29 23:48:26,476:INFO:machine: AMD64
2026-01-29 23:48:26,479:INFO:platform: Windows-10-10.0.26200-SP0
2026-01-29 23:48:26,479:INFO:Memory: svmem(total=16779837440, available=6895927296, percent=58.9, used=9883910144, free=6895927296)
2026-01-29 23:48:26,479:INFO:Physical Core: 12
2026-01-29 23:48:26,479:INFO:Logical Core: 16
2026-01-29 23:48:26,479:INFO:Checking libraries
2026-01-29 23:48:26,479:INFO:System:
2026-01-29 23:48:26,479:INFO:    python: 3.11.9 (tags/v3.11.9:de54cf5, Apr  2 2024, 10:12:12) [MSC v.1938 64 bit (AMD64)]
2026-01-29 23:48:26,479:INFO:executable: C:\Users\Rajeev kumar\Desktop\Bank customer churn prediction\venv\Scripts\python.exe
2026-01-29 23:48:26,479:INFO:   machine: Windows-10-10.0.26200-SP0
2026-01-29 23:48:26,479:INFO:PyCaret required dependencies:
2026-01-29 23:48:26,508:INFO:                 pip: 24.0
2026-01-29 23:48:26,508:INFO:          setuptools: 65.5.0
2026-01-29 23:48:26,508:INFO:             pycaret: 3.3.2
2026-01-29 23:48:26,508:INFO:             IPython: 9.9.0
2026-01-29 23:48:26,508:INFO:          ipywidgets: 8.1.8
2026-01-29 23:48:26,508:INFO:                tqdm: 4.67.1
2026-01-29 23:48:26,508:INFO:               numpy: 1.26.4
2026-01-29 23:48:26,508:INFO:              pandas: 2.1.4
2026-01-29 23:48:26,508:INFO:              jinja2: 3.1.6
2026-01-29 23:48:26,508:INFO:               scipy: 1.11.4
2026-01-29 23:48:26,508:INFO:              joblib: 1.3.2
2026-01-29 23:48:26,508:INFO:             sklearn: 1.4.2
2026-01-29 23:48:26,508:INFO:                pyod: 2.0.6
2026-01-29 23:48:26,508:INFO:            imblearn: 0.14.1
2026-01-29 23:48:26,508:INFO:   category_encoders: 2.7.0
2026-01-29 23:48:26,508:INFO:            lightgbm: 4.6.0
2026-01-29 23:48:26,508:INFO:               numba: 0.63.1
2026-01-29 23:48:26,508:INFO:            requests: 2.32.5
2026-01-29 23:48:26,508:INFO:          matplotlib: 3.7.5
2026-01-29 23:48:26,508:INFO:          scikitplot: 0.3.7
2026-01-29 23:48:26,508:INFO:         yellowbrick: 1.5
2026-01-29 23:48:26,508:INFO:              plotly: 6.5.2
2026-01-29 23:48:26,508:INFO:    plotly-resampler: Not installed
2026-01-29 23:48:26,508:INFO:             kaleido: 1.2.0
2026-01-29 23:48:26,508:INFO:           schemdraw: 0.15
2026-01-29 23:48:26,508:INFO:         statsmodels: 0.14.6
2026-01-29 23:48:26,508:INFO:              sktime: 0.26.0
2026-01-29 23:48:26,508:INFO:               tbats: 1.1.3
2026-01-29 23:48:26,508:INFO:            pmdarima: 2.0.4
2026-01-29 23:48:26,508:INFO:              psutil: 7.2.1
2026-01-29 23:48:26,508:INFO:          markupsafe: 3.0.3
2026-01-29 23:48:26,508:INFO:             pickle5: Not installed
2026-01-29 23:48:26,508:INFO:         cloudpickle: 3.1.2
2026-01-29 23:48:26,508:INFO:         deprecation: 2.1.0
2026-01-29 23:48:26,508:INFO:              xxhash: 3.6.0
2026-01-29 23:48:26,508:INFO:           wurlitzer: Not installed
2026-01-29 23:48:26,508:INFO:PyCaret optional dependencies:
2026-01-29 23:48:26,528:INFO:                shap: 0.49.1
2026-01-29 23:48:26,528:INFO:           interpret: Not installed
2026-01-29 23:48:26,528:INFO:                umap: Not installed
2026-01-29 23:48:26,528:INFO:     ydata_profiling: Not installed
2026-01-29 23:48:26,528:INFO:  explainerdashboard: Not installed
2026-01-29 23:48:26,528:INFO:             autoviz: Not installed
2026-01-29 23:48:26,528:INFO:           fairlearn: Not installed
2026-01-29 23:48:26,528:INFO:          deepchecks: Not installed
2026-01-29 23:48:26,528:INFO:             xgboost: 3.1.3
2026-01-29 23:48:26,528:INFO:            catboost: 1.2.8
2026-01-29 23:48:26,528:INFO:              kmodes: Not installed
2026-01-29 23:48:26,528:INFO:             mlxtend: Not installed
2026-01-29 23:48:26,528:INFO:       statsforecast: Not installed
2026-01-29 23:48:26,528:INFO:        tune_sklearn: Not installed
2026-01-29 23:48:26,528:INFO:                 ray: Not installed
2026-01-29 23:48:26,528:INFO:            hyperopt: Not installed
2026-01-29 23:48:26,528:INFO:              optuna: Not installed
2026-01-29 23:48:26,528:INFO:               skopt: Not installed
2026-01-29 23:48:26,528:INFO:              mlflow: Not installed
2026-01-29 23:48:26,528:INFO:              gradio: Not installed
2026-01-29 23:48:26,528:INFO:             fastapi: Not installed
2026-01-29 23:48:26,528:INFO:             uvicorn: Not installed
2026-01-29 23:48:26,528:INFO:              m2cgen: Not installed
2026-01-29 23:48:26,528:INFO:           evidently: Not installed
2026-01-29 23:48:26,528:INFO:               fugue: Not installed
2026-01-29 23:48:26,528:INFO:           streamlit: 1.53.1
2026-01-29 23:48:26,528:INFO:             prophet: Not installed
2026-01-29 23:48:26,528:INFO:None
2026-01-29 23:48:26,528:INFO:Set up data.
2026-01-29 23:48:26,528:INFO:Set up folding strategy.
2026-01-29 23:48:26,528:INFO:Set up train/test split.
2026-01-29 23:48:26,544:INFO:Set up index.
2026-01-29 23:48:26,544:INFO:Assigning column types.
2026-01-29 23:48:26,547:INFO:Engine successfully changes for model 'lr' to 'sklearn'.
2026-01-29 23:48:26,574:INFO:Engine for model 'knn' has not been set explicitly, hence returning None.
2026-01-29 23:48:26,576:INFO:Engine for model 'rbfsvm' has not been set explicitly, hence returning None.
2026-01-29 23:48:26,591:INFO:Soft dependency imported: xgboost: 3.1.3
2026-01-29 23:48:26,591:INFO:Soft dependency imported: catboost: 1.2.8
2026-01-29 23:48:26,637:INFO:Engine for model 'knn' has not been set explicitly, hence returning None.
2026-01-29 23:48:26,637:INFO:Engine for model 'rbfsvm' has not been set explicitly, hence returning None.
2026-01-29 23:48:26,650:INFO:Soft dependency imported: xgboost: 3.1.3
2026-01-29 23:48:26,650:INFO:Soft dependency imported: catboost: 1.2.8
2026-01-29 23:48:26,650:INFO:Engine successfully changes for model 'knn' to 'sklearn'.
2026-01-29 23:48:26,681:INFO:Engine for model 'rbfsvm' has not been set explicitly, hence returning None.
2026-01-29 23:48:26,697:INFO:Soft dependency imported: xgboost: 3.1.3
2026-01-29 23:48:26,697:INFO:Soft dependency imported: catboost: 1.2.8
2026-01-29 23:48:26,721:INFO:Engine for model 'rbfsvm' has not been set explicitly, hence returning None.
2026-01-29 23:48:26,729:INFO:Soft dependency imported: xgboost: 3.1.3
2026-01-29 23:48:26,729:INFO:Soft dependency imported: catboost: 1.2.8
2026-01-29 23:48:26,729:INFO:Engine successfully changes for model 'rbfsvm' to 'sklearn'.
2026-01-29 23:48:26,784:INFO:Soft dependency imported: xgboost: 3.1.3
2026-01-29 23:48:26,784:INFO:Soft dependency imported: catboost: 1.2.8
2026-01-29 23:48:26,820:INFO:Soft dependency imported: xgboost: 3.1.3
2026-01-29 23:48:26,820:INFO:Soft dependency imported: catboost: 1.2.8
2026-01-29 23:48:26,820:INFO:Preparing preprocessing pipeline...
2026-01-29 23:48:26,820:INFO:Set up simple imputation.
2026-01-29 23:48:26,836:INFO:Set up encoding of ordinal features.
2026-01-29 23:48:26,838:INFO:Set up encoding of categorical features.
2026-01-29 23:48:26,838:INFO:Set up removing multicollinearity.
2026-01-29 23:48:26,838:INFO:Set up imbalanced handling.
2026-01-29 23:48:26,915:INFO:Finished creating preprocessing pipeline.
2026-01-29 23:48:26,962:INFO:Pipeline: Pipeline(memory=FastMemory(location=C:\Users\RAJEEV~1\AppData\Local\Temp\joblib),
         steps=[('numerical_imputer',
                 TransformerWrapper(exclude=None,
                                    include=['credit_score', 'age', 'tenure',
                                             'balance', 'products_number',
                                             'estimated_salary',
                                             'balance_salary_ratio',
                                             'tenure_age_ratio',
                                             'credit_score_age_ratio',
                                             'balance_per_product'],
                                    transformer=SimpleImputer(add_ind...
                                                              handle_unknown='value',
                                                              return_df=True,
                                                              use_cat_names=True,
                                                              verbose=0))),
                ('remove_multicollinearity',
                 TransformerWrapper(exclude=[], include=None,
                                    transformer=RemoveMulticollinearity(threshold=0.9))),
                ('balance',
                 TransformerWrapper(exclude=None, include=None,
                                    transformer=FixImbalancer(estimator=SMOTE(k_neighbors=5,
                                                                              random_state=42,
                                                                              sampling_strategy='auto'))))],
         verbose=False)
2026-01-29 23:48:26,962:INFO:Creating final display dataframe.
2026-01-29 23:48:27,068:INFO:Setup _display_container:                     Description             Value
0                    Session id                42
1                        Target             churn
2                   Target type            Binary
3           Original data shape       (10000, 16)
4        Transformed data shape       (14148, 17)
5   Transformed train set shape       (11148, 17)
6    Transformed test set shape        (3000, 17)
7              Numeric features                10
8          Categorical features                 5
9                    Preprocess              True
10              Imputation type            simple
11           Numeric imputation              mean
12       Categorical imputation              mode
13     Maximum one-hot encoding                25
14              Encoding method              None
15     Remove multicollinearity              True
16  Multicollinearity threshold               0.9
17                Fix imbalance              True
18         Fix imbalance method             SMOTE
19               Fold Generator   StratifiedKFold
20                  Fold Number                 5
21                     CPU Jobs                -1
22                      Use GPU             False
23               Log Experiment             False
24              Experiment Name  clf-default-name
25                          USI              5e09
2026-01-29 23:48:27,113:INFO:Soft dependency imported: xgboost: 3.1.3
2026-01-29 23:48:27,113:INFO:Soft dependency imported: catboost: 1.2.8
2026-01-29 23:48:27,155:INFO:Soft dependency imported: xgboost: 3.1.3
2026-01-29 23:48:27,155:INFO:Soft dependency imported: catboost: 1.2.8
2026-01-29 23:48:27,155:INFO:setup() successfully completed in 0.7s...............
2026-01-29 23:48:27,155:INFO:Initializing create_model()
2026-01-29 23:48:27,155:INFO:create_model(self=<pycaret.classification.oop.ClassificationExperiment object at 0x0000028A1391CE50>, estimator=catboost, fold=None, round=4, cross_validation=True, predict=True, fit_kwargs=None, groups=None, refit=True, probability_threshold=None, experiment_custom_tags=None, verbose=True, system=True, add_to_model_list=True, metrics=None, display=None, model_only=True, return_train_score=False, error_score=0.0, kwargs={})
2026-01-29 23:48:27,155:INFO:Checking exceptions
2026-01-29 23:48:27,155:INFO:Importing libraries
2026-01-29 23:48:27,155:INFO:Copying training dataset
2026-01-29 23:48:27,163:INFO:Defining folds
2026-01-29 23:48:27,163:INFO:Declaring metric variables
2026-01-29 23:48:27,163:INFO:Importing untrained model
2026-01-29 23:48:27,163:INFO:CatBoost Classifier Imported successfully
2026-01-29 23:48:27,163:INFO:Starting cross validation
2026-01-29 23:48:27,163:INFO:Cross validating with StratifiedKFold(n_splits=5, random_state=None, shuffle=False), n_jobs=-1
2026-01-29 23:48:36,067:INFO:Calculating mean and std
2026-01-29 23:48:36,068:INFO:Creating metrics dataframe
2026-01-29 23:48:36,071:INFO:Finalizing model
2026-01-29 23:48:36,158:WARNING:C:\Users\Rajeev kumar\Desktop\Bank customer churn prediction\venv\Lib\site-packages\joblib\externals\loky\backend\context.py:136: UserWarning: Could not find the number of physical cores for the following reason:
[WinError 2] The system cannot find the file specified
Returning the number of logical cores instead. You can silence this warning by setting LOKY_MAX_CPU_COUNT to the number of cores you want to use.
  warnings.warn(

2026-01-29 23:48:36,169:WARNING:  File "C:\Users\Rajeev kumar\Desktop\Bank customer churn prediction\venv\Lib\site-packages\joblib\externals\loky\backend\context.py", line 257, in _count_physical_cores
2026-01-29 23:48:36,169:WARNING:    cpu_info = subprocess.run(
2026-01-29 23:48:36,169:WARNING:               ^^^^^^^^^^^^^^^
2026-01-29 23:48:36,169:WARNING:  File "C:\Program Files\WindowsApps\PythonSoftwareFoundation.Python.3.11_3.11.2544.0_x64__qbz5n2kfra8p0\Lib\subprocess.py", line 548, in run
2026-01-29 23:48:36,169:WARNING:    with Popen(*popenargs, **kwargs) as process:
2026-01-29 23:48:36,169:WARNING:         ^^^^^^^^^^^^^^^^^^^^^^^^^^^
2026-01-29 23:48:36,169:WARNING:  File "C:\Program Files\WindowsApps\PythonSoftwareFoundation.Python.3.11_3.11.2544.0_x64__qbz5n2kfra8p0\Lib\subprocess.py", line 1026, in __init__
2026-01-29 23:48:36,169:WARNING:    self._execute_child(args, executable, preexec_fn, close_fds,
2026-01-29 23:48:36,169:WARNING:  File "C:\Program Files\WindowsApps\PythonSoftwareFoundation.Python.3.11_3.11.2544.0_x64__qbz5n2kfra8p0\Lib\subprocess.py", line 1538, in _execute_child
2026-01-29 23:48:36,169:WARNING:    hp, ht, pid, tid = _winapi.CreateProcess(executable, args,
2026-01-29 23:48:36,169:WARNING:                       ^^^^^^^^^^^^^^^^^^^^^^^^^^^^^^^^^^^^^^^
2026-01-29 23:48:41,195:INFO:Uploading results into container
2026-01-29 23:48:41,195:INFO:Uploading model into container now
2026-01-29 23:48:41,211:INFO:_master_model_container: 1
2026-01-29 23:48:41,211:INFO:_display_container: 2
2026-01-29 23:48:41,211:INFO:<catboost.core.CatBoostClassifier object at 0x0000028A16159C10>
2026-01-29 23:48:41,211:INFO:create_model() successfully completed......................................
2026-01-29 23:48:41,264:INFO:Initializing tune_model()
2026-01-29 23:48:41,264:INFO:tune_model(self=<pycaret.classification.oop.ClassificationExperiment object at 0x0000028A1391CE50>, estimator=<catboost.core.CatBoostClassifier object at 0x0000028A16159C10>, fold=None, round=4, n_iter=30, custom_grid={'iterations': [200, 400, 600], 'learning_rate': [0.01, 0.05, 0.1], 'depth': [4, 6, 8], 'l2_leaf_reg': [1, 3, 5, 9], 'scale_pos_weight': [1, 3, 4]}, optimize=F1, custom_scorer=None, search_library=scikit-learn, search_algorithm=None, early_stopping=False, early_stopping_max_iters=10, choose_better=True, fit_kwargs=None, groups=None, return_tuner=False, verbose=True, tuner_verbose=True, return_train_score=False, kwargs={})
2026-01-29 23:48:41,264:INFO:Checking exceptions
2026-01-29 23:48:41,278:INFO:Copying training dataset
2026-01-29 23:48:41,278:INFO:Checking base model
2026-01-29 23:48:41,278:INFO:Base model : CatBoost Classifier
2026-01-29 23:48:41,278:INFO:Declaring metric variables
2026-01-29 23:48:41,278:INFO:Defining Hyperparameters
2026-01-29 23:48:41,344:INFO:custom_grid: {'actual_estimator__iterations': [200, 400, 600], 'actual_estimator__learning_rate': [0.01, 0.05, 0.1], 'actual_estimator__depth': [4, 6, 8], 'actual_estimator__l2_leaf_reg': [1, 3, 5, 9], 'actual_estimator__scale_pos_weight': [1, 3, 4]}
2026-01-29 23:48:41,344:INFO:Tuning with n_jobs=-1
2026-01-29 23:48:41,344:INFO:Initializing RandomizedSearchCV
2026-01-29 23:50:24,729:INFO:best_params: {'actual_estimator__scale_pos_weight': 1, 'actual_estimator__learning_rate': 0.01, 'actual_estimator__l2_leaf_reg': 3, 'actual_estimator__iterations': 600, 'actual_estimator__depth': 6}
2026-01-29 23:50:24,729:INFO:Hyperparameter search completed
2026-01-29 23:50:24,729:INFO:SubProcess create_model() called ==================================
2026-01-29 23:50:24,729:INFO:Initializing create_model()
2026-01-29 23:50:24,729:INFO:create_model(self=<pycaret.classification.oop.ClassificationExperiment object at 0x0000028A1391CE50>, estimator=<catboost.core.CatBoostClassifier object at 0x0000028A1620C410>, fold=StratifiedKFold(n_splits=5, random_state=None, shuffle=False), round=4, cross_validation=True, predict=True, fit_kwargs={}, groups=None, refit=True, probability_threshold=None, experiment_custom_tags=None, verbose=True, system=False, add_to_model_list=True, metrics=None, display=<pycaret.internal.display.display.CommonDisplay object at 0x0000028A1620D310>, model_only=True, return_train_score=False, error_score=0.0, kwargs={'scale_pos_weight': 1, 'learning_rate': 0.01, 'l2_leaf_reg': 3, 'iterations': 600, 'depth': 6})
2026-01-29 23:50:24,729:INFO:Checking exceptions
2026-01-29 23:50:24,729:INFO:Importing libraries
2026-01-29 23:50:24,729:INFO:Copying training dataset
2026-01-29 23:50:24,735:INFO:Defining folds
2026-01-29 23:50:24,735:INFO:Declaring metric variables
2026-01-29 23:50:24,737:INFO:Importing untrained model
2026-01-29 23:50:24,737:INFO:Declaring custom model
2026-01-29 23:50:24,737:INFO:CatBoost Classifier Imported successfully
2026-01-29 23:50:24,737:INFO:Starting cross validation
2026-01-29 23:50:24,737:INFO:Cross validating with StratifiedKFold(n_splits=5, random_state=None, shuffle=False), n_jobs=-1
2026-01-29 23:50:28,425:INFO:Calculating mean and std
2026-01-29 23:50:28,425:INFO:Creating metrics dataframe
2026-01-29 23:50:28,425:INFO:Finalizing model
2026-01-29 23:50:31,534:INFO:Uploading results into container
2026-01-29 23:50:31,534:INFO:Uploading model into container now
2026-01-29 23:50:31,534:INFO:_master_model_container: 2
2026-01-29 23:50:31,534:INFO:_display_container: 3
2026-01-29 23:50:31,534:INFO:<catboost.core.CatBoostClassifier object at 0x0000028A161ECFD0>
2026-01-29 23:50:31,534:INFO:create_model() successfully completed......................................
2026-01-29 23:50:31,601:INFO:SubProcess create_model() end ==================================
2026-01-29 23:50:31,601:INFO:choose_better activated
2026-01-29 23:50:31,601:INFO:SubProcess create_model() called ==================================
2026-01-29 23:50:31,601:INFO:Initializing create_model()
2026-01-29 23:50:31,601:INFO:create_model(self=<pycaret.classification.oop.ClassificationExperiment object at 0x0000028A1391CE50>, estimator=<catboost.core.CatBoostClassifier object at 0x0000028A16159C10>, fold=StratifiedKFold(n_splits=5, random_state=None, shuffle=False), round=4, cross_validation=True, predict=True, fit_kwargs={}, groups=None, refit=True, probability_threshold=None, experiment_custom_tags=None, verbose=False, system=False, add_to_model_list=True, metrics=None, display=None, model_only=True, return_train_score=False, error_score=0.0, kwargs={})
2026-01-29 23:50:31,601:INFO:Checking exceptions
2026-01-29 23:50:31,601:INFO:Importing libraries
2026-01-29 23:50:31,601:INFO:Copying training dataset
2026-01-29 23:50:31,601:INFO:Defining folds
2026-01-29 23:50:31,601:INFO:Declaring metric variables
2026-01-29 23:50:31,601:INFO:Importing untrained model
2026-01-29 23:50:31,609:INFO:Declaring custom model
2026-01-29 23:50:31,609:INFO:CatBoost Classifier Imported successfully
2026-01-29 23:50:31,609:INFO:Starting cross validation
2026-01-29 23:50:31,609:INFO:Cross validating with StratifiedKFold(n_splits=5, random_state=None, shuffle=False), n_jobs=-1
2026-01-29 23:50:37,449:INFO:Calculating mean and std
2026-01-29 23:50:37,449:INFO:Creating metrics dataframe
2026-01-29 23:50:37,449:INFO:Finalizing model
2026-01-29 23:50:42,140:INFO:Uploading results into container
2026-01-29 23:50:42,140:INFO:Uploading model into container now
2026-01-29 23:50:42,140:INFO:_master_model_container: 3
2026-01-29 23:50:42,140:INFO:_display_container: 4
2026-01-29 23:50:42,140:INFO:<catboost.core.CatBoostClassifier object at 0x0000028A13AE3350>
2026-01-29 23:50:42,140:INFO:create_model() successfully completed......................................
2026-01-29 23:50:42,188:INFO:SubProcess create_model() end ==================================
2026-01-29 23:50:42,188:INFO:<catboost.core.CatBoostClassifier object at 0x0000028A13AE3350> result for F1 is 0.6034
2026-01-29 23:50:42,188:INFO:<catboost.core.CatBoostClassifier object at 0x0000028A161ECFD0> result for F1 is 0.618
2026-01-29 23:50:42,188:INFO:<catboost.core.CatBoostClassifier object at 0x0000028A161ECFD0> is best model
2026-01-29 23:50:42,188:INFO:choose_better completed
2026-01-29 23:50:42,204:INFO:_master_model_container: 3
2026-01-29 23:50:42,204:INFO:_display_container: 3
2026-01-29 23:50:42,204:INFO:<catboost.core.CatBoostClassifier object at 0x0000028A161ECFD0>
2026-01-29 23:50:42,204:INFO:tune_model() successfully completed......................................
2026-01-29 23:50:42,261:INFO:Initializing finalize_model()
2026-01-29 23:50:42,261:INFO:finalize_model(self=<pycaret.classification.oop.ClassificationExperiment object at 0x0000028A1391CE50>, estimator=<catboost.core.CatBoostClassifier object at 0x0000028A161ECFD0>, fit_kwargs=None, groups=None, model_only=False, experiment_custom_tags=None)
2026-01-29 23:50:42,261:INFO:Finalizing <catboost.core.CatBoostClassifier object at 0x0000028A161ECFD0>
2026-01-29 23:50:42,268:INFO:Initializing create_model()
2026-01-29 23:50:42,268:INFO:create_model(self=<pycaret.classification.oop.ClassificationExperiment object at 0x0000028A1391CE50>, estimator=<catboost.core.CatBoostClassifier object at 0x0000028A161ECFD0>, fold=None, round=4, cross_validation=False, predict=False, fit_kwargs={}, groups=None, refit=True, probability_threshold=None, experiment_custom_tags=None, verbose=False, system=False, add_to_model_list=False, metrics=None, display=None, model_only=False, return_train_score=False, error_score=0.0, kwargs={})
2026-01-29 23:50:42,268:INFO:Checking exceptions
2026-01-29 23:50:42,268:INFO:Importing libraries
2026-01-29 23:50:42,268:INFO:Copying training dataset
2026-01-29 23:50:42,268:INFO:Defining folds
2026-01-29 23:50:42,268:INFO:Declaring metric variables
2026-01-29 23:50:42,268:INFO:Importing untrained model
2026-01-29 23:50:42,268:INFO:Declaring custom model
2026-01-29 23:50:42,268:INFO:CatBoost Classifier Imported successfully
2026-01-29 23:50:42,268:INFO:Cross validation set to False
2026-01-29 23:50:42,268:INFO:Fitting Model
2026-01-29 23:50:45,558:INFO:Pipeline(memory=Memory(location=None),
         steps=[('numerical_imputer',
                 TransformerWrapper(exclude=None,
                                    include=['credit_score', 'age', 'tenure',
                                             'balance', 'products_number',
                                             'estimated_salary',
                                             'balance_salary_ratio',
                                             'tenure_age_ratio',
                                             'credit_score_age_ratio',
                                             'balance_per_product'],
                                    transformer=SimpleImputer(add_indicator=False,
                                                              copy=True,
                                                              fill_value=None,
                                                              keep...
                 TransformerWrapper(exclude=[], include=None,
                                    transformer=RemoveMulticollinearity(threshold=0.9))),
                ('balance',
                 TransformerWrapper(exclude=None, include=None,
                                    transformer=FixImbalancer(estimator=SMOTE(k_neighbors=5,
                                                                              random_state=42,
                                                                              sampling_strategy='auto')))),
                ('actual_estimator',
                 <catboost.core.CatBoostClassifier object at 0x0000028A1622DFD0>)],
         verbose=False)
2026-01-29 23:50:45,558:INFO:create_model() successfully completed......................................
2026-01-29 23:50:45,622:INFO:_master_model_container: 3
2026-01-29 23:50:45,622:INFO:_display_container: 3
2026-01-29 23:50:45,669:INFO:Pipeline(memory=Memory(location=None),
         steps=[('numerical_imputer',
                 TransformerWrapper(exclude=None,
                                    include=['credit_score', 'age', 'tenure',
                                             'balance', 'products_number',
                                             'estimated_salary',
                                             'balance_salary_ratio',
                                             'tenure_age_ratio',
                                             'credit_score_age_ratio',
                                             'balance_per_product'],
                                    transformer=SimpleImputer(add_indicator=False,
                                                              copy=True,
                                                              fill_value=None,
                                                              keep...
                 TransformerWrapper(exclude=[], include=None,
                                    transformer=RemoveMulticollinearity(threshold=0.9))),
                ('balance',
                 TransformerWrapper(exclude=None, include=None,
                                    transformer=FixImbalancer(estimator=SMOTE(k_neighbors=5,
                                                                              random_state=42,
                                                                              sampling_strategy='auto')))),
                ('actual_estimator',
                 <catboost.core.CatBoostClassifier object at 0x0000028A1622DFD0>)],
         verbose=False)
2026-01-29 23:50:45,669:INFO:finalize_model() successfully completed......................................
2026-01-29 23:50:45,817:INFO:Initializing save_model()
2026-01-29 23:50:45,817:INFO:save_model(model=Pipeline(memory=Memory(location=None),
         steps=[('numerical_imputer',
                 TransformerWrapper(exclude=None,
                                    include=['credit_score', 'age', 'tenure',
                                             'balance', 'products_number',
                                             'estimated_salary',
                                             'balance_salary_ratio',
                                             'tenure_age_ratio',
                                             'credit_score_age_ratio',
                                             'balance_per_product'],
                                    transformer=SimpleImputer(add_indicator=False,
                                                              copy=True,
                                                              fill_value=None,
                                                              keep...
                 TransformerWrapper(exclude=[], include=None,
                                    transformer=RemoveMulticollinearity(threshold=0.9))),
                ('balance',
                 TransformerWrapper(exclude=None, include=None,
                                    transformer=FixImbalancer(estimator=SMOTE(k_neighbors=5,
                                                                              random_state=42,
                                                                              sampling_strategy='auto')))),
                ('actual_estimator',
                 <catboost.core.CatBoostClassifier object at 0x0000028A1622DFD0>)],
         verbose=False), model_name=models/catboost_classifier_model, prep_pipe_=Pipeline(memory=FastMemory(location=C:\Users\RAJEEV~1\AppData\Local\Temp\joblib),
         steps=[('numerical_imputer',
                 TransformerWrapper(exclude=None,
                                    include=['credit_score', 'age', 'tenure',
                                             'balance', 'products_number',
                                             'estimated_salary',
                                             'balance_salary_ratio',
                                             'tenure_age_ratio',
                                             'credit_score_age_ratio',
                                             'balance_per_product'],
                                    transformer=SimpleImputer(add_ind...
                                                              handle_unknown='value',
                                                              return_df=True,
                                                              use_cat_names=True,
                                                              verbose=0))),
                ('remove_multicollinearity',
                 TransformerWrapper(exclude=[], include=None,
                                    transformer=RemoveMulticollinearity(threshold=0.9))),
                ('balance',
                 TransformerWrapper(exclude=None, include=None,
                                    transformer=FixImbalancer(estimator=SMOTE(k_neighbors=5,
                                                                              random_state=42,
                                                                              sampling_strategy='auto'))))],
         verbose=False), verbose=True, use_case=MLUsecase.CLASSIFICATION, kwargs={})
2026-01-29 23:50:45,817:INFO:Adding model into prep_pipe
2026-01-29 23:50:45,817:WARNING:Only Model saved as it was a pipeline.
2026-01-29 23:50:45,817:INFO:models/catboost_classifier_model.pkl saved in current working directory
2026-01-29 23:50:45,878:INFO:Pipeline(memory=Memory(location=None),
         steps=[('numerical_imputer',
                 TransformerWrapper(exclude=None,
                                    include=['credit_score', 'age', 'tenure',
                                             'balance', 'products_number',
                                             'estimated_salary',
                                             'balance_salary_ratio',
                                             'tenure_age_ratio',
                                             'credit_score_age_ratio',
                                             'balance_per_product'],
                                    transformer=SimpleImputer(add_indicator=False,
                                                              copy=True,
                                                              fill_value=None,
                                                              keep...
                 TransformerWrapper(exclude=[], include=None,
                                    transformer=RemoveMulticollinearity(threshold=0.9))),
                ('balance',
                 TransformerWrapper(exclude=None, include=None,
                                    transformer=FixImbalancer(estimator=SMOTE(k_neighbors=5,
                                                                              random_state=42,
                                                                              sampling_strategy='auto')))),
                ('actual_estimator',
                 <catboost.core.CatBoostClassifier object at 0x0000028A1622DFD0>)],
         verbose=False)
2026-01-29 23:50:45,878:INFO:save_model() successfully completed......................................
2026-01-29 23:54:37,876:WARNING:
'cuml' is a soft dependency and not included in the pycaret installation. Please run: `pip install cuml` to install.
2026-01-29 23:54:37,876:WARNING:
'cuml' is a soft dependency and not included in the pycaret installation. Please run: `pip install cuml` to install.
2026-01-29 23:54:37,876:WARNING:
'cuml' is a soft dependency and not included in the pycaret installation. Please run: `pip install cuml` to install.
2026-01-29 23:54:37,876:WARNING:
'cuml' is a soft dependency and not included in the pycaret installation. Please run: `pip install cuml` to install.
2026-01-29 23:54:54,745:WARNING:
'cuml' is a soft dependency and not included in the pycaret installation. Please run: `pip install cuml` to install.
2026-01-29 23:54:54,745:WARNING:
'cuml' is a soft dependency and not included in the pycaret installation. Please run: `pip install cuml` to install.
2026-01-29 23:54:54,745:WARNING:
'cuml' is a soft dependency and not included in the pycaret installation. Please run: `pip install cuml` to install.
2026-01-29 23:54:54,745:WARNING:
'cuml' is a soft dependency and not included in the pycaret installation. Please run: `pip install cuml` to install.
2026-01-29 23:55:09,397:WARNING:
'cuml' is a soft dependency and not included in the pycaret installation. Please run: `pip install cuml` to install.
2026-01-29 23:55:09,397:WARNING:
'cuml' is a soft dependency and not included in the pycaret installation. Please run: `pip install cuml` to install.
2026-01-29 23:55:09,397:WARNING:
'cuml' is a soft dependency and not included in the pycaret installation. Please run: `pip install cuml` to install.
2026-01-29 23:55:09,397:WARNING:
'cuml' is a soft dependency and not included in the pycaret installation. Please run: `pip install cuml` to install.
2026-01-29 23:55:10,265:INFO:PyCaret ClassificationExperiment
2026-01-29 23:55:10,265:INFO:Logging name: clf-default-name
2026-01-29 23:55:10,265:INFO:ML Usecase: MLUsecase.CLASSIFICATION
2026-01-29 23:55:10,265:INFO:version 3.3.2
2026-01-29 23:55:10,265:INFO:Initializing setup()
2026-01-29 23:55:10,265:INFO:self.USI: f4e2
2026-01-29 23:55:10,265:INFO:self._variable_keys: {'seed', 'fold_shuffle_param', '_ml_usecase', 'fix_imbalance', 'log_plots_param', 'USI', 'pipeline', 'n_jobs_param', 'target_param', 'y_test', 'fold_groups_param', 'gpu_n_jobs_param', 'gpu_param', 'is_multiclass', '_available_plots', 'html_param', 'X', 'X_train', 'X_test', 'idx', 'fold_generator', 'memory', 'exp_name_log', 'logging_param', 'y', 'data', 'exp_id', 'y_train'}
2026-01-29 23:55:10,265:INFO:Checking environment
2026-01-29 23:55:10,265:INFO:python_version: 3.11.9
2026-01-29 23:55:10,265:INFO:python_build: ('tags/v3.11.9:de54cf5', 'Apr  2 2024 10:12:12')
2026-01-29 23:55:10,265:INFO:machine: AMD64
2026-01-29 23:55:10,287:INFO:platform: Windows-10-10.0.26200-SP0
2026-01-29 23:55:10,288:INFO:Memory: svmem(total=16779837440, available=6484557824, percent=61.4, used=10295279616, free=6484557824)
2026-01-29 23:55:10,288:INFO:Physical Core: 12
2026-01-29 23:55:10,288:INFO:Logical Core: 16
2026-01-29 23:55:10,288:INFO:Checking libraries
2026-01-29 23:55:10,288:INFO:System:
2026-01-29 23:55:10,288:INFO:    python: 3.11.9 (tags/v3.11.9:de54cf5, Apr  2 2024, 10:12:12) [MSC v.1938 64 bit (AMD64)]
2026-01-29 23:55:10,288:INFO:executable: C:\Users\Rajeev kumar\Desktop\Bank customer churn prediction\venv\Scripts\python.exe
2026-01-29 23:55:10,288:INFO:   machine: Windows-10-10.0.26200-SP0
2026-01-29 23:55:10,288:INFO:PyCaret required dependencies:
2026-01-29 23:55:10,310:INFO:                 pip: 24.0
2026-01-29 23:55:10,310:INFO:          setuptools: 65.5.0
2026-01-29 23:55:10,310:INFO:             pycaret: 3.3.2
2026-01-29 23:55:10,310:INFO:             IPython: 9.9.0
2026-01-29 23:55:10,310:INFO:          ipywidgets: 8.1.8
2026-01-29 23:55:10,310:INFO:                tqdm: 4.67.1
2026-01-29 23:55:10,310:INFO:               numpy: 1.26.4
2026-01-29 23:55:10,310:INFO:              pandas: 2.1.4
2026-01-29 23:55:10,310:INFO:              jinja2: 3.1.6
2026-01-29 23:55:10,310:INFO:               scipy: 1.11.4
2026-01-29 23:55:10,310:INFO:              joblib: 1.3.2
2026-01-29 23:55:10,310:INFO:             sklearn: 1.4.2
2026-01-29 23:55:10,310:INFO:                pyod: 2.0.6
2026-01-29 23:55:10,310:INFO:            imblearn: 0.14.1
2026-01-29 23:55:10,310:INFO:   category_encoders: 2.7.0
2026-01-29 23:55:10,310:INFO:            lightgbm: 4.6.0
2026-01-29 23:55:10,310:INFO:               numba: 0.63.1
2026-01-29 23:55:10,310:INFO:            requests: 2.32.5
2026-01-29 23:55:10,310:INFO:          matplotlib: 3.7.5
2026-01-29 23:55:10,310:INFO:          scikitplot: 0.3.7
2026-01-29 23:55:10,310:INFO:         yellowbrick: 1.5
2026-01-29 23:55:10,310:INFO:              plotly: 6.5.2
2026-01-29 23:55:10,310:INFO:    plotly-resampler: Not installed
2026-01-29 23:55:10,310:INFO:             kaleido: 1.2.0
2026-01-29 23:55:10,310:INFO:           schemdraw: 0.15
2026-01-29 23:55:10,310:INFO:         statsmodels: 0.14.6
2026-01-29 23:55:10,310:INFO:              sktime: 0.26.0
2026-01-29 23:55:10,310:INFO:               tbats: 1.1.3
2026-01-29 23:55:10,310:INFO:            pmdarima: 2.0.4
2026-01-29 23:55:10,310:INFO:              psutil: 7.2.1
2026-01-29 23:55:10,310:INFO:          markupsafe: 3.0.3
2026-01-29 23:55:10,310:INFO:             pickle5: Not installed
2026-01-29 23:55:10,310:INFO:         cloudpickle: 3.1.2
2026-01-29 23:55:10,310:INFO:         deprecation: 2.1.0
2026-01-29 23:55:10,310:INFO:              xxhash: 3.6.0
2026-01-29 23:55:10,310:INFO:           wurlitzer: Not installed
2026-01-29 23:55:10,310:INFO:PyCaret optional dependencies:
2026-01-29 23:55:10,329:INFO:                shap: 0.49.1
2026-01-29 23:55:10,329:INFO:           interpret: Not installed
2026-01-29 23:55:10,329:INFO:                umap: Not installed
2026-01-29 23:55:10,329:INFO:     ydata_profiling: Not installed
2026-01-29 23:55:10,329:INFO:  explainerdashboard: Not installed
2026-01-29 23:55:10,329:INFO:             autoviz: Not installed
2026-01-29 23:55:10,329:INFO:           fairlearn: Not installed
2026-01-29 23:55:10,329:INFO:          deepchecks: Not installed
2026-01-29 23:55:10,329:INFO:             xgboost: 3.1.3
2026-01-29 23:55:10,329:INFO:            catboost: 1.2.8
2026-01-29 23:55:10,329:INFO:              kmodes: Not installed
2026-01-29 23:55:10,329:INFO:             mlxtend: Not installed
2026-01-29 23:55:10,329:INFO:       statsforecast: Not installed
2026-01-29 23:55:10,329:INFO:        tune_sklearn: Not installed
2026-01-29 23:55:10,329:INFO:                 ray: Not installed
2026-01-29 23:55:10,329:INFO:            hyperopt: Not installed
2026-01-29 23:55:10,329:INFO:              optuna: Not installed
2026-01-29 23:55:10,329:INFO:               skopt: Not installed
2026-01-29 23:55:10,329:INFO:              mlflow: Not installed
2026-01-29 23:55:10,329:INFO:              gradio: Not installed
2026-01-29 23:55:10,329:INFO:             fastapi: Not installed
2026-01-29 23:55:10,329:INFO:             uvicorn: Not installed
2026-01-29 23:55:10,329:INFO:              m2cgen: Not installed
2026-01-29 23:55:10,329:INFO:           evidently: Not installed
2026-01-29 23:55:10,329:INFO:               fugue: Not installed
2026-01-29 23:55:10,329:INFO:           streamlit: 1.53.1
2026-01-29 23:55:10,329:INFO:             prophet: Not installed
2026-01-29 23:55:10,329:INFO:None
2026-01-29 23:55:10,329:INFO:Set up data.
2026-01-29 23:55:10,329:INFO:Set up folding strategy.
2026-01-29 23:55:10,329:INFO:Set up train/test split.
2026-01-29 23:55:10,345:INFO:Set up index.
2026-01-29 23:55:10,345:INFO:Assigning column types.
2026-01-29 23:55:10,351:INFO:Engine successfully changes for model 'lr' to 'sklearn'.
2026-01-29 23:55:10,380:INFO:Engine for model 'knn' has not been set explicitly, hence returning None.
2026-01-29 23:55:10,382:INFO:Engine for model 'rbfsvm' has not been set explicitly, hence returning None.
2026-01-29 23:55:10,401:INFO:Soft dependency imported: xgboost: 3.1.3
2026-01-29 23:55:10,401:INFO:Soft dependency imported: catboost: 1.2.8
2026-01-29 23:55:10,445:INFO:Engine for model 'knn' has not been set explicitly, hence returning None.
2026-01-29 23:55:10,445:INFO:Engine for model 'rbfsvm' has not been set explicitly, hence returning None.
2026-01-29 23:55:10,454:INFO:Soft dependency imported: xgboost: 3.1.3
2026-01-29 23:55:10,465:INFO:Soft dependency imported: catboost: 1.2.8
2026-01-29 23:55:10,465:INFO:Engine successfully changes for model 'knn' to 'sklearn'.
2026-01-29 23:55:10,480:INFO:Engine for model 'rbfsvm' has not been set explicitly, hence returning None.
2026-01-29 23:55:10,509:INFO:Soft dependency imported: xgboost: 3.1.3
2026-01-29 23:55:10,510:INFO:Soft dependency imported: catboost: 1.2.8
2026-01-29 23:55:10,538:INFO:Engine for model 'rbfsvm' has not been set explicitly, hence returning None.
2026-01-29 23:55:10,541:INFO:Soft dependency imported: xgboost: 3.1.3
2026-01-29 23:55:10,557:INFO:Soft dependency imported: catboost: 1.2.8
2026-01-29 23:55:10,557:INFO:Engine successfully changes for model 'rbfsvm' to 'sklearn'.
2026-01-29 23:55:10,600:INFO:Soft dependency imported: xgboost: 3.1.3
2026-01-29 23:55:10,600:INFO:Soft dependency imported: catboost: 1.2.8
2026-01-29 23:55:10,636:INFO:Soft dependency imported: xgboost: 3.1.3
2026-01-29 23:55:10,636:INFO:Soft dependency imported: catboost: 1.2.8
2026-01-29 23:55:10,636:INFO:Preparing preprocessing pipeline...
2026-01-29 23:55:10,636:INFO:Set up simple imputation.
2026-01-29 23:55:10,636:INFO:Set up encoding of ordinal features.
2026-01-29 23:55:10,653:INFO:Set up encoding of categorical features.
2026-01-29 23:55:10,653:INFO:Set up removing multicollinearity.
2026-01-29 23:55:10,653:INFO:Set up imbalanced handling.
2026-01-29 23:55:10,727:INFO:Finished creating preprocessing pipeline.
2026-01-29 23:55:10,780:INFO:Pipeline: Pipeline(memory=FastMemory(location=C:\Users\RAJEEV~1\AppData\Local\Temp\joblib),
         steps=[('numerical_imputer',
                 TransformerWrapper(exclude=None,
                                    include=['credit_score', 'age', 'tenure',
                                             'balance', 'products_number',
                                             'estimated_salary',
                                             'balance_salary_ratio',
                                             'tenure_age_ratio',
                                             'credit_score_age_ratio',
                                             'balance_per_product'],
                                    transformer=SimpleImputer(add_ind...
                                                              handle_unknown='value',
                                                              return_df=True,
                                                              use_cat_names=True,
                                                              verbose=0))),
                ('remove_multicollinearity',
                 TransformerWrapper(exclude=[], include=None,
                                    transformer=RemoveMulticollinearity(threshold=0.9))),
                ('balance',
                 TransformerWrapper(exclude=None, include=None,
                                    transformer=FixImbalancer(estimator=SMOTE(k_neighbors=5,
                                                                              random_state=42,
                                                                              sampling_strategy='auto'))))],
         verbose=False)
2026-01-29 23:55:10,780:INFO:Creating final display dataframe.
2026-01-29 23:55:10,883:INFO:Setup _display_container:                     Description             Value
0                    Session id                42
1                        Target             churn
2                   Target type            Binary
3           Original data shape       (10000, 16)
4        Transformed data shape       (14148, 17)
5   Transformed train set shape       (11148, 17)
6    Transformed test set shape        (3000, 17)
7              Numeric features                10
8          Categorical features                 5
9                    Preprocess              True
10              Imputation type            simple
11           Numeric imputation              mean
12       Categorical imputation              mode
13     Maximum one-hot encoding                25
14              Encoding method              None
15     Remove multicollinearity              True
16  Multicollinearity threshold               0.9
17                Fix imbalance              True
18         Fix imbalance method             SMOTE
19               Fold Generator   StratifiedKFold
20                  Fold Number                 5
21                     CPU Jobs                -1
22                      Use GPU             False
23               Log Experiment             False
24              Experiment Name  clf-default-name
25                          USI              f4e2
2026-01-29 23:55:10,919:INFO:Soft dependency imported: xgboost: 3.1.3
2026-01-29 23:55:10,919:INFO:Soft dependency imported: catboost: 1.2.8
2026-01-29 23:55:10,967:INFO:Soft dependency imported: xgboost: 3.1.3
2026-01-29 23:55:10,967:INFO:Soft dependency imported: catboost: 1.2.8
2026-01-29 23:55:10,967:INFO:setup() successfully completed in 0.7s...............
2026-01-29 23:55:10,967:INFO:Initializing create_model()
2026-01-29 23:55:10,967:INFO:create_model(self=<pycaret.classification.oop.ClassificationExperiment object at 0x000001A32A41CE50>, estimator=catboost, fold=None, round=4, cross_validation=True, predict=True, fit_kwargs=None, groups=None, refit=True, probability_threshold=None, experiment_custom_tags=None, verbose=True, system=True, add_to_model_list=True, metrics=None, display=None, model_only=True, return_train_score=False, error_score=0.0, kwargs={})
2026-01-29 23:55:10,967:INFO:Checking exceptions
2026-01-29 23:55:10,967:INFO:Importing libraries
2026-01-29 23:55:10,967:INFO:Copying training dataset
2026-01-29 23:55:10,982:INFO:Defining folds
2026-01-29 23:55:10,982:INFO:Declaring metric variables
2026-01-29 23:55:10,982:INFO:Importing untrained model
2026-01-29 23:55:10,982:INFO:CatBoost Classifier Imported successfully
2026-01-29 23:55:10,982:INFO:Starting cross validation
2026-01-29 23:55:10,982:INFO:Cross validating with StratifiedKFold(n_splits=5, random_state=None, shuffle=False), n_jobs=-1
2026-01-29 23:55:21,140:INFO:Calculating mean and std
2026-01-29 23:55:21,142:INFO:Creating metrics dataframe
2026-01-29 23:55:21,145:INFO:Finalizing model
2026-01-29 23:55:21,338:WARNING:C:\Users\Rajeev kumar\Desktop\Bank customer churn prediction\venv\Lib\site-packages\joblib\externals\loky\backend\context.py:136: UserWarning: Could not find the number of physical cores for the following reason:
[WinError 2] The system cannot find the file specified
Returning the number of logical cores instead. You can silence this warning by setting LOKY_MAX_CPU_COUNT to the number of cores you want to use.
  warnings.warn(

2026-01-29 23:55:21,341:WARNING:  File "C:\Users\Rajeev kumar\Desktop\Bank customer churn prediction\venv\Lib\site-packages\joblib\externals\loky\backend\context.py", line 257, in _count_physical_cores
2026-01-29 23:55:21,341:WARNING:    cpu_info = subprocess.run(
2026-01-29 23:55:21,341:WARNING:               ^^^^^^^^^^^^^^^
2026-01-29 23:55:21,341:WARNING:  File "C:\Program Files\WindowsApps\PythonSoftwareFoundation.Python.3.11_3.11.2544.0_x64__qbz5n2kfra8p0\Lib\subprocess.py", line 548, in run
2026-01-29 23:55:21,341:WARNING:    with Popen(*popenargs, **kwargs) as process:
2026-01-29 23:55:21,341:WARNING:         ^^^^^^^^^^^^^^^^^^^^^^^^^^^
2026-01-29 23:55:21,341:WARNING:  File "C:\Program Files\WindowsApps\PythonSoftwareFoundation.Python.3.11_3.11.2544.0_x64__qbz5n2kfra8p0\Lib\subprocess.py", line 1026, in __init__
2026-01-29 23:55:21,341:WARNING:    self._execute_child(args, executable, preexec_fn, close_fds,
2026-01-29 23:55:21,341:WARNING:  File "C:\Program Files\WindowsApps\PythonSoftwareFoundation.Python.3.11_3.11.2544.0_x64__qbz5n2kfra8p0\Lib\subprocess.py", line 1538, in _execute_child
2026-01-29 23:55:21,341:WARNING:    hp, ht, pid, tid = _winapi.CreateProcess(executable, args,
2026-01-29 23:55:21,341:WARNING:                       ^^^^^^^^^^^^^^^^^^^^^^^^^^^^^^^^^^^^^^^
2026-01-29 23:55:27,856:INFO:Uploading results into container
2026-01-29 23:55:27,857:INFO:Uploading model into container now
2026-01-29 23:55:27,872:INFO:_master_model_container: 1
2026-01-29 23:55:27,873:INFO:_display_container: 2
2026-01-29 23:55:27,873:INFO:<catboost.core.CatBoostClassifier object at 0x000001A32AA09C10>
2026-01-29 23:55:27,873:INFO:create_model() successfully completed......................................
2026-01-29 23:55:27,963:INFO:Initializing tune_model()
2026-01-29 23:55:27,963:INFO:tune_model(self=<pycaret.classification.oop.ClassificationExperiment object at 0x000001A32A41CE50>, estimator=<catboost.core.CatBoostClassifier object at 0x000001A32AA09C10>, fold=None, round=4, n_iter=30, custom_grid={'iterations': [200, 400, 600], 'learning_rate': [0.01, 0.05, 0.1], 'depth': [4, 6, 8], 'l2_leaf_reg': [1, 3, 5, 9], 'scale_pos_weight': [1, 3, 4]}, optimize=F1, custom_scorer=None, search_library=scikit-learn, search_algorithm=None, early_stopping=False, early_stopping_max_iters=10, choose_better=True, fit_kwargs=None, groups=None, return_tuner=False, verbose=True, tuner_verbose=True, return_train_score=False, kwargs={})
2026-01-29 23:55:27,963:INFO:Checking exceptions
2026-01-29 23:55:27,971:INFO:Copying training dataset
2026-01-29 23:55:27,979:INFO:Checking base model
2026-01-29 23:55:27,979:INFO:Base model : CatBoost Classifier
2026-01-29 23:55:27,979:INFO:Declaring metric variables
2026-01-29 23:55:27,980:INFO:Defining Hyperparameters
2026-01-29 23:55:28,075:INFO:custom_grid: {'actual_estimator__iterations': [200, 400, 600], 'actual_estimator__learning_rate': [0.01, 0.05, 0.1], 'actual_estimator__depth': [4, 6, 8], 'actual_estimator__l2_leaf_reg': [1, 3, 5, 9], 'actual_estimator__scale_pos_weight': [1, 3, 4]}
2026-01-29 23:55:28,075:INFO:Tuning with n_jobs=-1
2026-01-29 23:55:28,075:INFO:Initializing RandomizedSearchCV
2026-01-29 23:57:20,955:INFO:best_params: {'actual_estimator__scale_pos_weight': 1, 'actual_estimator__learning_rate': 0.01, 'actual_estimator__l2_leaf_reg': 3, 'actual_estimator__iterations': 600, 'actual_estimator__depth': 6}
2026-01-29 23:57:20,955:INFO:Hyperparameter search completed
2026-01-29 23:57:20,955:INFO:SubProcess create_model() called ==================================
2026-01-29 23:57:20,955:INFO:Initializing create_model()
2026-01-29 23:57:20,957:INFO:create_model(self=<pycaret.classification.oop.ClassificationExperiment object at 0x000001A32A41CE50>, estimator=<catboost.core.CatBoostClassifier object at 0x000001A32AD0C090>, fold=StratifiedKFold(n_splits=5, random_state=None, shuffle=False), round=4, cross_validation=True, predict=True, fit_kwargs={}, groups=None, refit=True, probability_threshold=None, experiment_custom_tags=None, verbose=True, system=False, add_to_model_list=True, metrics=None, display=<pycaret.internal.display.display.CommonDisplay object at 0x000001A32A9C3A90>, model_only=True, return_train_score=False, error_score=0.0, kwargs={'scale_pos_weight': 1, 'learning_rate': 0.01, 'l2_leaf_reg': 3, 'iterations': 600, 'depth': 6})
2026-01-29 23:57:20,957:INFO:Checking exceptions
2026-01-29 23:57:20,957:INFO:Importing libraries
2026-01-29 23:57:20,957:INFO:Copying training dataset
2026-01-29 23:57:20,967:INFO:Defining folds
2026-01-29 23:57:20,968:INFO:Declaring metric variables
2026-01-29 23:57:20,968:INFO:Importing untrained model
2026-01-29 23:57:20,968:INFO:Declaring custom model
2026-01-29 23:57:20,969:INFO:CatBoost Classifier Imported successfully
2026-01-29 23:57:20,969:INFO:Starting cross validation
2026-01-29 23:57:20,972:INFO:Cross validating with StratifiedKFold(n_splits=5, random_state=None, shuffle=False), n_jobs=-1
2026-01-29 23:57:24,968:INFO:Calculating mean and std
2026-01-29 23:57:24,969:INFO:Creating metrics dataframe
2026-01-29 23:57:24,971:INFO:Finalizing model
2026-01-29 23:57:28,927:INFO:Uploading results into container
2026-01-29 23:57:28,927:INFO:Uploading model into container now
2026-01-29 23:57:28,932:INFO:_master_model_container: 2
2026-01-29 23:57:28,932:INFO:_display_container: 3
2026-01-29 23:57:28,932:INFO:<catboost.core.CatBoostClassifier object at 0x000001A32A6CB110>
2026-01-29 23:57:28,932:INFO:create_model() successfully completed......................................
2026-01-29 23:57:29,007:INFO:SubProcess create_model() end ==================================
2026-01-29 23:57:29,007:INFO:choose_better activated
2026-01-29 23:57:29,007:INFO:SubProcess create_model() called ==================================
2026-01-29 23:57:29,007:INFO:Initializing create_model()
2026-01-29 23:57:29,007:INFO:create_model(self=<pycaret.classification.oop.ClassificationExperiment object at 0x000001A32A41CE50>, estimator=<catboost.core.CatBoostClassifier object at 0x000001A32AA09C10>, fold=StratifiedKFold(n_splits=5, random_state=None, shuffle=False), round=4, cross_validation=True, predict=True, fit_kwargs={}, groups=None, refit=True, probability_threshold=None, experiment_custom_tags=None, verbose=False, system=False, add_to_model_list=True, metrics=None, display=None, model_only=True, return_train_score=False, error_score=0.0, kwargs={})
2026-01-29 23:57:29,007:INFO:Checking exceptions
2026-01-29 23:57:29,007:INFO:Importing libraries
2026-01-29 23:57:29,007:INFO:Copying training dataset
2026-01-29 23:57:29,017:INFO:Defining folds
2026-01-29 23:57:29,017:INFO:Declaring metric variables
2026-01-29 23:57:29,017:INFO:Importing untrained model
2026-01-29 23:57:29,017:INFO:Declaring custom model
2026-01-29 23:57:29,017:INFO:CatBoost Classifier Imported successfully
2026-01-29 23:57:29,017:INFO:Starting cross validation
2026-01-29 23:57:29,017:INFO:Cross validating with StratifiedKFold(n_splits=5, random_state=None, shuffle=False), n_jobs=-1
2026-01-29 23:57:35,057:INFO:Calculating mean and std
2026-01-29 23:57:35,057:INFO:Creating metrics dataframe
2026-01-29 23:57:35,057:INFO:Finalizing model
2026-01-29 23:57:40,927:INFO:Uploading results into container
2026-01-29 23:57:40,927:INFO:Uploading model into container now
2026-01-29 23:57:40,927:INFO:_master_model_container: 3
2026-01-29 23:57:40,927:INFO:_display_container: 4
2026-01-29 23:57:40,927:INFO:<catboost.core.CatBoostClassifier object at 0x000001A32A6D5250>
2026-01-29 23:57:40,927:INFO:create_model() successfully completed......................................
2026-01-29 23:57:41,002:INFO:SubProcess create_model() end ==================================
2026-01-29 23:57:41,002:INFO:<catboost.core.CatBoostClassifier object at 0x000001A32A6D5250> result for F1 is 0.6034
2026-01-29 23:57:41,002:INFO:<catboost.core.CatBoostClassifier object at 0x000001A32A6CB110> result for F1 is 0.618
2026-01-29 23:57:41,002:INFO:<catboost.core.CatBoostClassifier object at 0x000001A32A6CB110> is best model
2026-01-29 23:57:41,002:INFO:choose_better completed
2026-01-29 23:57:41,009:INFO:_master_model_container: 3
2026-01-29 23:57:41,009:INFO:_display_container: 3
2026-01-29 23:57:41,009:INFO:<catboost.core.CatBoostClassifier object at 0x000001A32A6CB110>
2026-01-29 23:57:41,009:INFO:tune_model() successfully completed......................................
2026-01-29 23:57:41,083:INFO:Initializing finalize_model()
2026-01-29 23:57:41,083:INFO:finalize_model(self=<pycaret.classification.oop.ClassificationExperiment object at 0x000001A32A41CE50>, estimator=<catboost.core.CatBoostClassifier object at 0x000001A32A6CB110>, fit_kwargs=None, groups=None, model_only=False, experiment_custom_tags=None)
2026-01-29 23:57:41,083:INFO:Finalizing <catboost.core.CatBoostClassifier object at 0x000001A32A6CB110>
2026-01-29 23:57:41,089:INFO:Initializing create_model()
2026-01-29 23:57:41,089:INFO:create_model(self=<pycaret.classification.oop.ClassificationExperiment object at 0x000001A32A41CE50>, estimator=<catboost.core.CatBoostClassifier object at 0x000001A32A6CB110>, fold=None, round=4, cross_validation=False, predict=False, fit_kwargs={}, groups=None, refit=True, probability_threshold=None, experiment_custom_tags=None, verbose=False, system=False, add_to_model_list=False, metrics=None, display=None, model_only=False, return_train_score=False, error_score=0.0, kwargs={})
2026-01-29 23:57:41,089:INFO:Checking exceptions
2026-01-29 23:57:41,089:INFO:Importing libraries
2026-01-29 23:57:41,089:INFO:Copying training dataset
2026-01-29 23:57:41,089:INFO:Defining folds
2026-01-29 23:57:41,089:INFO:Declaring metric variables
2026-01-29 23:57:41,097:INFO:Importing untrained model
2026-01-29 23:57:41,097:INFO:Declaring custom model
2026-01-29 23:57:41,097:INFO:CatBoost Classifier Imported successfully
2026-01-29 23:57:41,097:INFO:Cross validation set to False
2026-01-29 23:57:41,097:INFO:Fitting Model
2026-01-29 23:57:45,167:INFO:Pipeline(memory=Memory(location=None),
         steps=[('numerical_imputer',
                 TransformerWrapper(exclude=None,
                                    include=['credit_score', 'age', 'tenure',
                                             'balance', 'products_number',
                                             'estimated_salary',
                                             'balance_salary_ratio',
                                             'tenure_age_ratio',
                                             'credit_score_age_ratio',
                                             'balance_per_product'],
                                    transformer=SimpleImputer(add_indicator=False,
                                                              copy=True,
                                                              fill_value=None,
                                                              keep...
                 TransformerWrapper(exclude=[], include=None,
                                    transformer=RemoveMulticollinearity(threshold=0.9))),
                ('balance',
                 TransformerWrapper(exclude=None, include=None,
                                    transformer=FixImbalancer(estimator=SMOTE(k_neighbors=5,
                                                                              random_state=42,
                                                                              sampling_strategy='auto')))),
                ('actual_estimator',
                 <catboost.core.CatBoostClassifier object at 0x000001A32AE70210>)],
         verbose=False)
2026-01-29 23:57:45,167:INFO:create_model() successfully completed......................................
2026-01-29 23:57:45,239:INFO:_master_model_container: 3
2026-01-29 23:57:45,239:INFO:_display_container: 3
2026-01-29 23:57:45,323:INFO:Pipeline(memory=Memory(location=None),
         steps=[('numerical_imputer',
                 TransformerWrapper(exclude=None,
                                    include=['credit_score', 'age', 'tenure',
                                             'balance', 'products_number',
                                             'estimated_salary',
                                             'balance_salary_ratio',
                                             'tenure_age_ratio',
                                             'credit_score_age_ratio',
                                             'balance_per_product'],
                                    transformer=SimpleImputer(add_indicator=False,
                                                              copy=True,
                                                              fill_value=None,
                                                              keep...
                 TransformerWrapper(exclude=[], include=None,
                                    transformer=RemoveMulticollinearity(threshold=0.9))),
                ('balance',
                 TransformerWrapper(exclude=None, include=None,
                                    transformer=FixImbalancer(estimator=SMOTE(k_neighbors=5,
                                                                              random_state=42,
                                                                              sampling_strategy='auto')))),
                ('actual_estimator',
                 <catboost.core.CatBoostClassifier object at 0x000001A32AE70210>)],
         verbose=False)
2026-01-29 23:57:45,323:INFO:finalize_model() successfully completed......................................
2026-01-29 23:57:45,507:INFO:Initializing save_model()
2026-01-29 23:57:45,507:INFO:save_model(model=Pipeline(memory=Memory(location=None),
         steps=[('numerical_imputer',
                 TransformerWrapper(exclude=None,
                                    include=['credit_score', 'age', 'tenure',
                                             'balance', 'products_number',
                                             'estimated_salary',
                                             'balance_salary_ratio',
                                             'tenure_age_ratio',
                                             'credit_score_age_ratio',
                                             'balance_per_product'],
                                    transformer=SimpleImputer(add_indicator=False,
                                                              copy=True,
                                                              fill_value=None,
                                                              keep...
                 TransformerWrapper(exclude=[], include=None,
                                    transformer=RemoveMulticollinearity(threshold=0.9))),
                ('balance',
                 TransformerWrapper(exclude=None, include=None,
                                    transformer=FixImbalancer(estimator=SMOTE(k_neighbors=5,
                                                                              random_state=42,
                                                                              sampling_strategy='auto')))),
                ('actual_estimator',
                 <catboost.core.CatBoostClassifier object at 0x000001A32AE70210>)],
         verbose=False), model_name=models/catboost_classifier_model, prep_pipe_=Pipeline(memory=FastMemory(location=C:\Users\RAJEEV~1\AppData\Local\Temp\joblib),
         steps=[('numerical_imputer',
                 TransformerWrapper(exclude=None,
                                    include=['credit_score', 'age', 'tenure',
                                             'balance', 'products_number',
                                             'estimated_salary',
                                             'balance_salary_ratio',
                                             'tenure_age_ratio',
                                             'credit_score_age_ratio',
                                             'balance_per_product'],
                                    transformer=SimpleImputer(add_ind...
                                                              handle_unknown='value',
                                                              return_df=True,
                                                              use_cat_names=True,
                                                              verbose=0))),
                ('remove_multicollinearity',
                 TransformerWrapper(exclude=[], include=None,
                                    transformer=RemoveMulticollinearity(threshold=0.9))),
                ('balance',
                 TransformerWrapper(exclude=None, include=None,
                                    transformer=FixImbalancer(estimator=SMOTE(k_neighbors=5,
                                                                              random_state=42,
                                                                              sampling_strategy='auto'))))],
         verbose=False), verbose=True, use_case=MLUsecase.CLASSIFICATION, kwargs={})
2026-01-29 23:57:45,507:INFO:Adding model into prep_pipe
2026-01-29 23:57:45,507:WARNING:Only Model saved as it was a pipeline.
2026-01-29 23:57:45,517:INFO:models/catboost_classifier_model.pkl saved in current working directory
2026-01-29 23:57:45,575:INFO:Pipeline(memory=Memory(location=None),
         steps=[('numerical_imputer',
                 TransformerWrapper(exclude=None,
                                    include=['credit_score', 'age', 'tenure',
                                             'balance', 'products_number',
                                             'estimated_salary',
                                             'balance_salary_ratio',
                                             'tenure_age_ratio',
                                             'credit_score_age_ratio',
                                             'balance_per_product'],
                                    transformer=SimpleImputer(add_indicator=False,
                                                              copy=True,
                                                              fill_value=None,
                                                              keep...
                 TransformerWrapper(exclude=[], include=None,
                                    transformer=RemoveMulticollinearity(threshold=0.9))),
                ('balance',
                 TransformerWrapper(exclude=None, include=None,
                                    transformer=FixImbalancer(estimator=SMOTE(k_neighbors=5,
                                                                              random_state=42,
                                                                              sampling_strategy='auto')))),
                ('actual_estimator',
                 <catboost.core.CatBoostClassifier object at 0x000001A32AE70210>)],
         verbose=False)
2026-01-29 23:57:45,575:INFO:save_model() successfully completed......................................
2026-01-30 00:02:03,755:WARNING:
'cuml' is a soft dependency and not included in the pycaret installation. Please run: `pip install cuml` to install.
2026-01-30 00:02:03,755:WARNING:
'cuml' is a soft dependency and not included in the pycaret installation. Please run: `pip install cuml` to install.
2026-01-30 00:02:03,755:WARNING:
'cuml' is a soft dependency and not included in the pycaret installation. Please run: `pip install cuml` to install.
2026-01-30 00:02:03,755:WARNING:
'cuml' is a soft dependency and not included in the pycaret installation. Please run: `pip install cuml` to install.
2026-01-30 00:02:04,953:INFO:PyCaret ClassificationExperiment
2026-01-30 00:02:04,953:INFO:Logging name: clf-default-name
2026-01-30 00:02:04,953:INFO:ML Usecase: MLUsecase.CLASSIFICATION
2026-01-30 00:02:04,953:INFO:version 3.3.2
2026-01-30 00:02:04,953:INFO:Initializing setup()
2026-01-30 00:02:04,953:INFO:self.USI: 73b4
2026-01-30 00:02:04,953:INFO:self._variable_keys: {'log_plots_param', 'USI', 'y', 'y_test', 'data', 'X_train', 'fix_imbalance', 'seed', 'exp_name_log', 'html_param', 'is_multiclass', 'fold_shuffle_param', 'pipeline', 'memory', '_available_plots', 'fold_generator', 'X', 'target_param', 'gpu_n_jobs_param', 'fold_groups_param', 'logging_param', 'X_test', 'idx', 'gpu_param', 'n_jobs_param', 'y_train', '_ml_usecase', 'exp_id'}
2026-01-30 00:02:04,953:INFO:Checking environment
2026-01-30 00:02:04,953:INFO:python_version: 3.11.9
2026-01-30 00:02:04,953:INFO:python_build: ('tags/v3.11.9:de54cf5', 'Apr  2 2024 10:12:12')
2026-01-30 00:02:04,953:INFO:machine: AMD64
2026-01-30 00:02:04,968:INFO:platform: Windows-10-10.0.26200-SP0
2026-01-30 00:02:04,968:INFO:Memory: svmem(total=16779837440, available=3921973248, percent=76.6, used=12857864192, free=3921973248)
2026-01-30 00:02:04,968:INFO:Physical Core: 12
2026-01-30 00:02:04,968:INFO:Logical Core: 16
2026-01-30 00:02:04,968:INFO:Checking libraries
2026-01-30 00:02:04,968:INFO:System:
2026-01-30 00:02:04,968:INFO:    python: 3.11.9 (tags/v3.11.9:de54cf5, Apr  2 2024, 10:12:12) [MSC v.1938 64 bit (AMD64)]
2026-01-30 00:02:04,968:INFO:executable: C:\Users\Rajeev kumar\Desktop\Bank customer churn prediction\venv\Scripts\python.exe
2026-01-30 00:02:04,968:INFO:   machine: Windows-10-10.0.26200-SP0
2026-01-30 00:02:04,969:INFO:PyCaret required dependencies:
2026-01-30 00:02:05,009:INFO:                 pip: 24.0
2026-01-30 00:02:05,009:INFO:          setuptools: 65.5.0
2026-01-30 00:02:05,009:INFO:             pycaret: 3.3.2
2026-01-30 00:02:05,009:INFO:             IPython: 9.9.0
2026-01-30 00:02:05,009:INFO:          ipywidgets: 8.1.8
2026-01-30 00:02:05,009:INFO:                tqdm: 4.67.1
2026-01-30 00:02:05,009:INFO:               numpy: 1.26.4
2026-01-30 00:02:05,009:INFO:              pandas: 2.1.4
2026-01-30 00:02:05,009:INFO:              jinja2: 3.1.6
2026-01-30 00:02:05,009:INFO:               scipy: 1.11.4
2026-01-30 00:02:05,009:INFO:              joblib: 1.3.2
2026-01-30 00:02:05,009:INFO:             sklearn: 1.4.2
2026-01-30 00:02:05,009:INFO:                pyod: 2.0.6
2026-01-30 00:02:05,009:INFO:            imblearn: 0.14.1
2026-01-30 00:02:05,009:INFO:   category_encoders: 2.7.0
2026-01-30 00:02:05,009:INFO:            lightgbm: 4.6.0
2026-01-30 00:02:05,009:INFO:               numba: 0.63.1
2026-01-30 00:02:05,009:INFO:            requests: 2.32.5
2026-01-30 00:02:05,010:INFO:          matplotlib: 3.7.5
2026-01-30 00:02:05,010:INFO:          scikitplot: 0.3.7
2026-01-30 00:02:05,010:INFO:         yellowbrick: 1.5
2026-01-30 00:02:05,010:INFO:              plotly: 6.5.2
2026-01-30 00:02:05,010:INFO:    plotly-resampler: Not installed
2026-01-30 00:02:05,010:INFO:             kaleido: 1.2.0
2026-01-30 00:02:05,010:INFO:           schemdraw: 0.15
2026-01-30 00:02:05,010:INFO:         statsmodels: 0.14.6
2026-01-30 00:02:05,010:INFO:              sktime: 0.26.0
2026-01-30 00:02:05,010:INFO:               tbats: 1.1.3
2026-01-30 00:02:05,010:INFO:            pmdarima: 2.0.4
2026-01-30 00:02:05,010:INFO:              psutil: 7.2.1
2026-01-30 00:02:05,010:INFO:          markupsafe: 3.0.3
2026-01-30 00:02:05,010:INFO:             pickle5: Not installed
2026-01-30 00:02:05,010:INFO:         cloudpickle: 3.1.2
2026-01-30 00:02:05,010:INFO:         deprecation: 2.1.0
2026-01-30 00:02:05,010:INFO:              xxhash: 3.6.0
2026-01-30 00:02:05,010:INFO:           wurlitzer: Not installed
2026-01-30 00:02:05,010:INFO:PyCaret optional dependencies:
2026-01-30 00:02:05,035:INFO:                shap: 0.49.1
2026-01-30 00:02:05,035:INFO:           interpret: Not installed
2026-01-30 00:02:05,035:INFO:                umap: Not installed
2026-01-30 00:02:05,035:INFO:     ydata_profiling: Not installed
2026-01-30 00:02:05,035:INFO:  explainerdashboard: Not installed
2026-01-30 00:02:05,035:INFO:             autoviz: Not installed
2026-01-30 00:02:05,035:INFO:           fairlearn: Not installed
2026-01-30 00:02:05,035:INFO:          deepchecks: Not installed
2026-01-30 00:02:05,035:INFO:             xgboost: 3.1.3
2026-01-30 00:02:05,035:INFO:            catboost: 1.2.8
2026-01-30 00:02:05,035:INFO:              kmodes: Not installed
2026-01-30 00:02:05,035:INFO:             mlxtend: Not installed
2026-01-30 00:02:05,035:INFO:       statsforecast: Not installed
2026-01-30 00:02:05,035:INFO:        tune_sklearn: Not installed
2026-01-30 00:02:05,038:INFO:                 ray: Not installed
2026-01-30 00:02:05,038:INFO:            hyperopt: Not installed
2026-01-30 00:02:05,038:INFO:              optuna: Not installed
2026-01-30 00:02:05,038:INFO:               skopt: Not installed
2026-01-30 00:02:05,038:INFO:              mlflow: Not installed
2026-01-30 00:02:05,038:INFO:              gradio: Not installed
2026-01-30 00:02:05,038:INFO:             fastapi: Not installed
2026-01-30 00:02:05,038:INFO:             uvicorn: Not installed
2026-01-30 00:02:05,038:INFO:              m2cgen: Not installed
2026-01-30 00:02:05,038:INFO:           evidently: Not installed
2026-01-30 00:02:05,038:INFO:               fugue: Not installed
2026-01-30 00:02:05,038:INFO:           streamlit: 1.53.1
2026-01-30 00:02:05,038:INFO:             prophet: Not installed
2026-01-30 00:02:05,038:INFO:None
2026-01-30 00:02:05,038:INFO:Set up data.
2026-01-30 00:02:05,043:INFO:Set up folding strategy.
2026-01-30 00:02:05,043:INFO:Set up train/test split.
2026-01-30 00:02:05,045:INFO:Set up index.
2026-01-30 00:02:05,045:INFO:Assigning column types.
2026-01-30 00:02:05,045:INFO:Engine successfully changes for model 'lr' to 'sklearn'.
2026-01-30 00:02:05,073:INFO:Engine for model 'knn' has not been set explicitly, hence returning None.
2026-01-30 00:02:05,073:INFO:Engine for model 'rbfsvm' has not been set explicitly, hence returning None.
2026-01-30 00:02:05,099:INFO:Soft dependency imported: xgboost: 3.1.3
2026-01-30 00:02:05,099:INFO:Soft dependency imported: catboost: 1.2.8
2026-01-30 00:02:05,143:INFO:Engine for model 'knn' has not been set explicitly, hence returning None.
2026-01-30 00:02:05,143:INFO:Engine for model 'rbfsvm' has not been set explicitly, hence returning None.
2026-01-30 00:02:05,153:INFO:Soft dependency imported: xgboost: 3.1.3
2026-01-30 00:02:05,163:INFO:Soft dependency imported: catboost: 1.2.8
2026-01-30 00:02:05,163:INFO:Engine successfully changes for model 'knn' to 'sklearn'.
2026-01-30 00:02:05,188:INFO:Engine for model 'rbfsvm' has not been set explicitly, hence returning None.
2026-01-30 00:02:05,203:INFO:Soft dependency imported: xgboost: 3.1.3
2026-01-30 00:02:05,203:INFO:Soft dependency imported: catboost: 1.2.8
2026-01-30 00:02:05,223:INFO:Engine for model 'rbfsvm' has not been set explicitly, hence returning None.
2026-01-30 00:02:05,243:INFO:Soft dependency imported: xgboost: 3.1.3
2026-01-30 00:02:05,243:INFO:Soft dependency imported: catboost: 1.2.8
2026-01-30 00:02:05,243:INFO:Engine successfully changes for model 'rbfsvm' to 'sklearn'.
2026-01-30 00:02:05,287:INFO:Soft dependency imported: xgboost: 3.1.3
2026-01-30 00:02:05,289:INFO:Soft dependency imported: catboost: 1.2.8
2026-01-30 00:02:05,328:INFO:Soft dependency imported: xgboost: 3.1.3
2026-01-30 00:02:05,328:INFO:Soft dependency imported: catboost: 1.2.8
2026-01-30 00:02:05,334:INFO:Preparing preprocessing pipeline...
2026-01-30 00:02:05,334:INFO:Set up simple imputation.
2026-01-30 00:02:05,338:INFO:Set up encoding of ordinal features.
2026-01-30 00:02:05,342:INFO:Set up encoding of categorical features.
2026-01-30 00:02:05,342:INFO:Set up removing multicollinearity.
2026-01-30 00:02:05,342:INFO:Set up imbalanced handling.
2026-01-30 00:02:05,425:INFO:Finished creating preprocessing pipeline.
2026-01-30 00:02:05,477:INFO:Pipeline: Pipeline(memory=FastMemory(location=C:\Users\RAJEEV~1\AppData\Local\Temp\joblib),
         steps=[('numerical_imputer',
                 TransformerWrapper(exclude=None,
                                    include=['credit_score', 'age', 'tenure',
                                             'balance', 'products_number',
                                             'estimated_salary',
                                             'balance_salary_ratio',
                                             'tenure_age_ratio',
                                             'credit_score_age_ratio',
                                             'balance_per_product'],
                                    transformer=SimpleImputer(add_ind...
                                                              handle_unknown='value',
                                                              return_df=True,
                                                              use_cat_names=True,
                                                              verbose=0))),
                ('remove_multicollinearity',
                 TransformerWrapper(exclude=[], include=None,
                                    transformer=RemoveMulticollinearity(threshold=0.9))),
                ('balance',
                 TransformerWrapper(exclude=None, include=None,
                                    transformer=FixImbalancer(estimator=SMOTE(k_neighbors=5,
                                                                              random_state=42,
                                                                              sampling_strategy='auto'))))],
         verbose=False)
2026-01-30 00:02:05,477:INFO:Creating final display dataframe.
2026-01-30 00:02:05,588:INFO:Setup _display_container:                     Description             Value
0                    Session id                42
1                        Target             churn
2                   Target type            Binary
3           Original data shape       (10000, 16)
4        Transformed data shape       (14148, 17)
5   Transformed train set shape       (11148, 17)
6    Transformed test set shape        (3000, 17)
7              Numeric features                10
8          Categorical features                 5
9                    Preprocess              True
10              Imputation type            simple
11           Numeric imputation              mean
12       Categorical imputation              mode
13     Maximum one-hot encoding                25
14              Encoding method              None
15     Remove multicollinearity              True
16  Multicollinearity threshold               0.9
17                Fix imbalance              True
18         Fix imbalance method             SMOTE
19               Fold Generator   StratifiedKFold
20                  Fold Number                 5
21                     CPU Jobs                -1
22                      Use GPU             False
23               Log Experiment             False
24              Experiment Name  clf-default-name
25                          USI              73b4
2026-01-30 00:02:05,629:INFO:Soft dependency imported: xgboost: 3.1.3
2026-01-30 00:02:05,633:INFO:Soft dependency imported: catboost: 1.2.8
2026-01-30 00:02:05,673:INFO:Soft dependency imported: xgboost: 3.1.3
2026-01-30 00:02:05,673:INFO:Soft dependency imported: catboost: 1.2.8
2026-01-30 00:02:05,673:INFO:setup() successfully completed in 0.72s...............
2026-01-30 00:02:05,673:INFO:Initializing create_model()
2026-01-30 00:02:05,673:INFO:create_model(self=<pycaret.classification.oop.ClassificationExperiment object at 0x000001622D1839D0>, estimator=catboost, fold=None, round=4, cross_validation=True, predict=True, fit_kwargs=None, groups=None, refit=True, probability_threshold=None, experiment_custom_tags=None, verbose=True, system=True, add_to_model_list=True, metrics=None, display=None, model_only=True, return_train_score=False, error_score=0.0, kwargs={})
2026-01-30 00:02:05,673:INFO:Checking exceptions
2026-01-30 00:02:05,673:INFO:Importing libraries
2026-01-30 00:02:05,673:INFO:Copying training dataset
2026-01-30 00:02:05,683:INFO:Defining folds
2026-01-30 00:02:05,683:INFO:Declaring metric variables
2026-01-30 00:02:05,683:INFO:Importing untrained model
2026-01-30 00:02:05,683:INFO:CatBoost Classifier Imported successfully
2026-01-30 00:02:05,683:INFO:Starting cross validation
2026-01-30 00:02:05,685:INFO:Cross validating with StratifiedKFold(n_splits=5, random_state=None, shuffle=False), n_jobs=-1
2026-01-30 00:02:14,214:INFO:Calculating mean and std
2026-01-30 00:02:14,214:INFO:Creating metrics dataframe
2026-01-30 00:02:14,214:INFO:Finalizing model
2026-01-30 00:02:14,309:WARNING:C:\Users\Rajeev kumar\Desktop\Bank customer churn prediction\venv\Lib\site-packages\joblib\externals\loky\backend\context.py:136: UserWarning: Could not find the number of physical cores for the following reason:
[WinError 2] The system cannot find the file specified
Returning the number of logical cores instead. You can silence this warning by setting LOKY_MAX_CPU_COUNT to the number of cores you want to use.
  warnings.warn(

2026-01-30 00:02:14,311:WARNING:  File "C:\Users\Rajeev kumar\Desktop\Bank customer churn prediction\venv\Lib\site-packages\joblib\externals\loky\backend\context.py", line 257, in _count_physical_cores
2026-01-30 00:02:14,311:WARNING:    cpu_info = subprocess.run(
2026-01-30 00:02:14,311:WARNING:               ^^^^^^^^^^^^^^^
2026-01-30 00:02:14,311:WARNING:  File "C:\Program Files\WindowsApps\PythonSoftwareFoundation.Python.3.11_3.11.2544.0_x64__qbz5n2kfra8p0\Lib\subprocess.py", line 548, in run
2026-01-30 00:02:14,311:WARNING:    with Popen(*popenargs, **kwargs) as process:
2026-01-30 00:02:14,311:WARNING:         ^^^^^^^^^^^^^^^^^^^^^^^^^^^
2026-01-30 00:02:14,311:WARNING:  File "C:\Program Files\WindowsApps\PythonSoftwareFoundation.Python.3.11_3.11.2544.0_x64__qbz5n2kfra8p0\Lib\subprocess.py", line 1026, in __init__
2026-01-30 00:02:14,311:WARNING:    self._execute_child(args, executable, preexec_fn, close_fds,
2026-01-30 00:02:14,311:WARNING:  File "C:\Program Files\WindowsApps\PythonSoftwareFoundation.Python.3.11_3.11.2544.0_x64__qbz5n2kfra8p0\Lib\subprocess.py", line 1538, in _execute_child
2026-01-30 00:02:14,312:WARNING:    hp, ht, pid, tid = _winapi.CreateProcess(executable, args,
2026-01-30 00:02:14,312:WARNING:                       ^^^^^^^^^^^^^^^^^^^^^^^^^^^^^^^^^^^^^^^
2026-01-30 00:02:19,043:INFO:Uploading results into container
2026-01-30 00:02:19,043:INFO:Uploading model into container now
2026-01-30 00:02:19,043:INFO:_master_model_container: 1
2026-01-30 00:02:19,043:INFO:_display_container: 2
2026-01-30 00:02:19,043:INFO:<catboost.core.CatBoostClassifier object at 0x000001622D8EA1D0>
2026-01-30 00:02:19,043:INFO:create_model() successfully completed......................................
2026-01-30 00:02:19,109:INFO:Initializing tune_model()
2026-01-30 00:02:19,109:INFO:tune_model(self=<pycaret.classification.oop.ClassificationExperiment object at 0x000001622D1839D0>, estimator=<catboost.core.CatBoostClassifier object at 0x000001622D8EA1D0>, fold=None, round=4, n_iter=30, custom_grid={'iterations': [200, 400, 600], 'learning_rate': [0.01, 0.05, 0.1], 'depth': [4, 6, 8], 'l2_leaf_reg': [1, 3, 5, 9], 'scale_pos_weight': [1, 3, 4]}, optimize=F1, custom_scorer=None, search_library=scikit-learn, search_algorithm=None, early_stopping=False, early_stopping_max_iters=10, choose_better=True, fit_kwargs=None, groups=None, return_tuner=False, verbose=True, tuner_verbose=True, return_train_score=False, kwargs={})
2026-01-30 00:02:19,109:INFO:Checking exceptions
2026-01-30 00:02:19,115:INFO:Copying training dataset
2026-01-30 00:02:19,115:INFO:Checking base model
2026-01-30 00:02:19,119:INFO:Base model : CatBoost Classifier
2026-01-30 00:02:19,119:INFO:Declaring metric variables
2026-01-30 00:02:19,119:INFO:Defining Hyperparameters
2026-01-30 00:02:19,178:INFO:custom_grid: {'actual_estimator__iterations': [200, 400, 600], 'actual_estimator__learning_rate': [0.01, 0.05, 0.1], 'actual_estimator__depth': [4, 6, 8], 'actual_estimator__l2_leaf_reg': [1, 3, 5, 9], 'actual_estimator__scale_pos_weight': [1, 3, 4]}
2026-01-30 00:02:19,178:INFO:Tuning with n_jobs=-1
2026-01-30 00:02:19,178:INFO:Initializing RandomizedSearchCV
2026-01-30 00:04:04,340:INFO:best_params: {'actual_estimator__scale_pos_weight': 1, 'actual_estimator__learning_rate': 0.01, 'actual_estimator__l2_leaf_reg': 3, 'actual_estimator__iterations': 600, 'actual_estimator__depth': 6}
2026-01-30 00:04:04,343:INFO:Hyperparameter search completed
2026-01-30 00:04:04,343:INFO:SubProcess create_model() called ==================================
2026-01-30 00:04:04,343:INFO:Initializing create_model()
2026-01-30 00:04:04,343:INFO:create_model(self=<pycaret.classification.oop.ClassificationExperiment object at 0x000001622D1839D0>, estimator=<catboost.core.CatBoostClassifier object at 0x000001622D8EE090>, fold=StratifiedKFold(n_splits=5, random_state=None, shuffle=False), round=4, cross_validation=True, predict=True, fit_kwargs={}, groups=None, refit=True, probability_threshold=None, experiment_custom_tags=None, verbose=True, system=False, add_to_model_list=True, metrics=None, display=<pycaret.internal.display.display.CommonDisplay object at 0x000001622D516850>, model_only=True, return_train_score=False, error_score=0.0, kwargs={'scale_pos_weight': 1, 'learning_rate': 0.01, 'l2_leaf_reg': 3, 'iterations': 600, 'depth': 6})
2026-01-30 00:04:04,343:INFO:Checking exceptions
2026-01-30 00:04:04,343:INFO:Importing libraries
2026-01-30 00:04:04,343:INFO:Copying training dataset
2026-01-30 00:04:04,343:INFO:Defining folds
2026-01-30 00:04:04,343:INFO:Declaring metric variables
2026-01-30 00:04:04,343:INFO:Importing untrained model
2026-01-30 00:04:04,343:INFO:Declaring custom model
2026-01-30 00:04:04,343:INFO:CatBoost Classifier Imported successfully
2026-01-30 00:04:04,343:INFO:Starting cross validation
2026-01-30 00:04:04,343:INFO:Cross validating with StratifiedKFold(n_splits=5, random_state=None, shuffle=False), n_jobs=-1
2026-01-30 00:04:08,429:INFO:Calculating mean and std
2026-01-30 00:04:08,429:INFO:Creating metrics dataframe
2026-01-30 00:04:08,429:INFO:Finalizing model
2026-01-30 00:04:11,878:INFO:Uploading results into container
2026-01-30 00:04:11,878:INFO:Uploading model into container now
2026-01-30 00:04:11,878:INFO:_master_model_container: 2
2026-01-30 00:04:11,878:INFO:_display_container: 3
2026-01-30 00:04:11,878:INFO:<catboost.core.CatBoostClassifier object at 0x000001622D2DEA10>
2026-01-30 00:04:11,878:INFO:create_model() successfully completed......................................
2026-01-30 00:04:11,949:INFO:SubProcess create_model() end ==================================
2026-01-30 00:04:11,949:INFO:choose_better activated
2026-01-30 00:04:11,949:INFO:SubProcess create_model() called ==================================
2026-01-30 00:04:11,949:INFO:Initializing create_model()
2026-01-30 00:04:11,949:INFO:create_model(self=<pycaret.classification.oop.ClassificationExperiment object at 0x000001622D1839D0>, estimator=<catboost.core.CatBoostClassifier object at 0x000001622D8EA1D0>, fold=StratifiedKFold(n_splits=5, random_state=None, shuffle=False), round=4, cross_validation=True, predict=True, fit_kwargs={}, groups=None, refit=True, probability_threshold=None, experiment_custom_tags=None, verbose=False, system=False, add_to_model_list=True, metrics=None, display=None, model_only=True, return_train_score=False, error_score=0.0, kwargs={})
2026-01-30 00:04:11,949:INFO:Checking exceptions
2026-01-30 00:04:11,951:INFO:Importing libraries
2026-01-30 00:04:11,951:INFO:Copying training dataset
2026-01-30 00:04:11,955:INFO:Defining folds
2026-01-30 00:04:11,955:INFO:Declaring metric variables
2026-01-30 00:04:11,955:INFO:Importing untrained model
2026-01-30 00:04:11,955:INFO:Declaring custom model
2026-01-30 00:04:11,955:INFO:CatBoost Classifier Imported successfully
2026-01-30 00:04:11,955:INFO:Starting cross validation
2026-01-30 00:04:11,956:INFO:Cross validating with StratifiedKFold(n_splits=5, random_state=None, shuffle=False), n_jobs=-1
2026-01-30 00:04:17,939:INFO:Calculating mean and std
2026-01-30 00:04:17,939:INFO:Creating metrics dataframe
2026-01-30 00:04:17,939:INFO:Finalizing model
2026-01-30 00:04:23,003:INFO:Uploading results into container
2026-01-30 00:04:23,003:INFO:Uploading model into container now
2026-01-30 00:04:23,003:INFO:_master_model_container: 3
2026-01-30 00:04:23,003:INFO:_display_container: 4
2026-01-30 00:04:23,003:INFO:<catboost.core.CatBoostClassifier object at 0x000001622D9040D0>
2026-01-30 00:04:23,003:INFO:create_model() successfully completed......................................
2026-01-30 00:04:23,065:INFO:SubProcess create_model() end ==================================
2026-01-30 00:04:23,065:INFO:<catboost.core.CatBoostClassifier object at 0x000001622D9040D0> result for F1 is 0.6034
2026-01-30 00:04:23,065:INFO:<catboost.core.CatBoostClassifier object at 0x000001622D2DEA10> result for F1 is 0.618
2026-01-30 00:04:23,065:INFO:<catboost.core.CatBoostClassifier object at 0x000001622D2DEA10> is best model
2026-01-30 00:04:23,065:INFO:choose_better completed
2026-01-30 00:04:23,065:INFO:_master_model_container: 3
2026-01-30 00:04:23,065:INFO:_display_container: 3
2026-01-30 00:04:23,065:INFO:<catboost.core.CatBoostClassifier object at 0x000001622D2DEA10>
2026-01-30 00:04:23,065:INFO:tune_model() successfully completed......................................
2026-01-30 00:04:23,134:INFO:Initializing finalize_model()
2026-01-30 00:04:23,134:INFO:finalize_model(self=<pycaret.classification.oop.ClassificationExperiment object at 0x000001622D1839D0>, estimator=<catboost.core.CatBoostClassifier object at 0x000001622D2DEA10>, fit_kwargs=None, groups=None, model_only=False, experiment_custom_tags=None)
2026-01-30 00:04:23,134:INFO:Finalizing <catboost.core.CatBoostClassifier object at 0x000001622D2DEA10>
2026-01-30 00:04:23,140:INFO:Initializing create_model()
2026-01-30 00:04:23,140:INFO:create_model(self=<pycaret.classification.oop.ClassificationExperiment object at 0x000001622D1839D0>, estimator=<catboost.core.CatBoostClassifier object at 0x000001622D2DEA10>, fold=None, round=4, cross_validation=False, predict=False, fit_kwargs={}, groups=None, refit=True, probability_threshold=None, experiment_custom_tags=None, verbose=False, system=False, add_to_model_list=False, metrics=None, display=None, model_only=False, return_train_score=False, error_score=0.0, kwargs={})
2026-01-30 00:04:23,140:INFO:Checking exceptions
2026-01-30 00:04:23,143:INFO:Importing libraries
2026-01-30 00:04:23,143:INFO:Copying training dataset
2026-01-30 00:04:23,143:INFO:Defining folds
2026-01-30 00:04:23,143:INFO:Declaring metric variables
2026-01-30 00:04:23,143:INFO:Importing untrained model
2026-01-30 00:04:23,143:INFO:Declaring custom model
2026-01-30 00:04:23,143:INFO:CatBoost Classifier Imported successfully
2026-01-30 00:04:23,143:INFO:Cross validation set to False
2026-01-30 00:04:23,143:INFO:Fitting Model
2026-01-30 00:04:26,705:INFO:Pipeline(memory=Memory(location=None),
         steps=[('numerical_imputer',
                 TransformerWrapper(exclude=None,
                                    include=['credit_score', 'age', 'tenure',
                                             'balance', 'products_number',
                                             'estimated_salary',
                                             'balance_salary_ratio',
                                             'tenure_age_ratio',
                                             'credit_score_age_ratio',
                                             'balance_per_product'],
                                    transformer=SimpleImputer(add_indicator=False,
                                                              copy=True,
                                                              fill_value=None,
                                                              keep...
                 TransformerWrapper(exclude=[], include=None,
                                    transformer=RemoveMulticollinearity(threshold=0.9))),
                ('balance',
                 TransformerWrapper(exclude=None, include=None,
                                    transformer=FixImbalancer(estimator=SMOTE(k_neighbors=5,
                                                                              random_state=42,
                                                                              sampling_strategy='auto')))),
                ('actual_estimator',
                 <catboost.core.CatBoostClassifier object at 0x000001622D8EF390>)],
         verbose=False)
2026-01-30 00:04:26,705:INFO:create_model() successfully completed......................................
2026-01-30 00:04:26,763:INFO:_master_model_container: 3
2026-01-30 00:04:26,768:INFO:_display_container: 3
2026-01-30 00:04:26,816:INFO:Pipeline(memory=Memory(location=None),
         steps=[('numerical_imputer',
                 TransformerWrapper(exclude=None,
                                    include=['credit_score', 'age', 'tenure',
                                             'balance', 'products_number',
                                             'estimated_salary',
                                             'balance_salary_ratio',
                                             'tenure_age_ratio',
                                             'credit_score_age_ratio',
                                             'balance_per_product'],
                                    transformer=SimpleImputer(add_indicator=False,
                                                              copy=True,
                                                              fill_value=None,
                                                              keep...
                 TransformerWrapper(exclude=[], include=None,
                                    transformer=RemoveMulticollinearity(threshold=0.9))),
                ('balance',
                 TransformerWrapper(exclude=None, include=None,
                                    transformer=FixImbalancer(estimator=SMOTE(k_neighbors=5,
                                                                              random_state=42,
                                                                              sampling_strategy='auto')))),
                ('actual_estimator',
                 <catboost.core.CatBoostClassifier object at 0x000001622D8EF390>)],
         verbose=False)
2026-01-30 00:04:26,816:INFO:finalize_model() successfully completed......................................
2026-01-30 00:04:26,971:INFO:Initializing save_model()
2026-01-30 00:04:26,971:INFO:save_model(model=Pipeline(memory=Memory(location=None),
         steps=[('numerical_imputer',
                 TransformerWrapper(exclude=None,
                                    include=['credit_score', 'age', 'tenure',
                                             'balance', 'products_number',
                                             'estimated_salary',
                                             'balance_salary_ratio',
                                             'tenure_age_ratio',
                                             'credit_score_age_ratio',
                                             'balance_per_product'],
                                    transformer=SimpleImputer(add_indicator=False,
                                                              copy=True,
                                                              fill_value=None,
                                                              keep...
                 TransformerWrapper(exclude=[], include=None,
                                    transformer=RemoveMulticollinearity(threshold=0.9))),
                ('balance',
                 TransformerWrapper(exclude=None, include=None,
                                    transformer=FixImbalancer(estimator=SMOTE(k_neighbors=5,
                                                                              random_state=42,
                                                                              sampling_strategy='auto')))),
                ('actual_estimator',
                 <catboost.core.CatBoostClassifier object at 0x000001622D8EF390>)],
         verbose=False), model_name=models/catboost_classifier_model, prep_pipe_=Pipeline(memory=FastMemory(location=C:\Users\RAJEEV~1\AppData\Local\Temp\joblib),
         steps=[('numerical_imputer',
                 TransformerWrapper(exclude=None,
                                    include=['credit_score', 'age', 'tenure',
                                             'balance', 'products_number',
                                             'estimated_salary',
                                             'balance_salary_ratio',
                                             'tenure_age_ratio',
                                             'credit_score_age_ratio',
                                             'balance_per_product'],
                                    transformer=SimpleImputer(add_ind...
                                                              handle_unknown='value',
                                                              return_df=True,
                                                              use_cat_names=True,
                                                              verbose=0))),
                ('remove_multicollinearity',
                 TransformerWrapper(exclude=[], include=None,
                                    transformer=RemoveMulticollinearity(threshold=0.9))),
                ('balance',
                 TransformerWrapper(exclude=None, include=None,
                                    transformer=FixImbalancer(estimator=SMOTE(k_neighbors=5,
                                                                              random_state=42,
                                                                              sampling_strategy='auto'))))],
         verbose=False), verbose=True, use_case=MLUsecase.CLASSIFICATION, kwargs={})
2026-01-30 00:04:26,971:INFO:Adding model into prep_pipe
2026-01-30 00:04:26,971:WARNING:Only Model saved as it was a pipeline.
2026-01-30 00:04:26,976:INFO:models/catboost_classifier_model.pkl saved in current working directory
2026-01-30 00:04:27,024:INFO:Pipeline(memory=Memory(location=None),
         steps=[('numerical_imputer',
                 TransformerWrapper(exclude=None,
                                    include=['credit_score', 'age', 'tenure',
                                             'balance', 'products_number',
                                             'estimated_salary',
                                             'balance_salary_ratio',
                                             'tenure_age_ratio',
                                             'credit_score_age_ratio',
                                             'balance_per_product'],
                                    transformer=SimpleImputer(add_indicator=False,
                                                              copy=True,
                                                              fill_value=None,
                                                              keep...
                 TransformerWrapper(exclude=[], include=None,
                                    transformer=RemoveMulticollinearity(threshold=0.9))),
                ('balance',
                 TransformerWrapper(exclude=None, include=None,
                                    transformer=FixImbalancer(estimator=SMOTE(k_neighbors=5,
                                                                              random_state=42,
                                                                              sampling_strategy='auto')))),
                ('actual_estimator',
                 <catboost.core.CatBoostClassifier object at 0x000001622D8EF390>)],
         verbose=False)
2026-01-30 00:04:27,024:INFO:save_model() successfully completed......................................
2026-01-30 00:04:27,091:INFO:Initializing load_model()
2026-01-30 00:04:27,091:INFO:load_model(model_name=models/catboost_classifier_model, platform=None, authentication=None, verbose=True)
2026-01-30 00:04:27,167:INFO:Initializing predict_model()
2026-01-30 00:04:27,167:INFO:predict_model(self=<pycaret.classification.oop.ClassificationExperiment object at 0x000001622D1839D0>, estimator=Pipeline(memory=FastMemory(location=C:\Users\RAJEEV~1\AppData\Local\Temp\joblib),
         steps=[('numerical_imputer',
                 TransformerWrapper(exclude=None,
                                    include=['credit_score', 'age', 'tenure',
                                             'balance', 'products_number',
                                             'estimated_salary',
                                             'balance_salary_ratio',
                                             'tenure_age_ratio',
                                             'credit_score_age_ratio',
                                             'balance_per_product'],
                                    transformer=SimpleImputer(add_ind...
                 TransformerWrapper(exclude=[], include=None,
                                    transformer=RemoveMulticollinearity(threshold=0.9))),
                ('balance',
                 TransformerWrapper(exclude=None, include=None,
                                    transformer=FixImbalancer(estimator=SMOTE(k_neighbors=5,
                                                                              random_state=42,
                                                                              sampling_strategy='auto')))),
                ('actual_estimator',
                 <catboost.core.CatBoostClassifier object at 0x000001622D905910>)],
         verbose=False), probability_threshold=None, encoded_labels=False, raw_score=False, round=4, verbose=True, ml_usecase=None, preprocess=True, encode_labels=<function _SupervisedExperiment.predict_model.<locals>.encode_labels at 0x000001622D1DBCE0>)
2026-01-30 00:04:27,167:INFO:Checking exceptions
2026-01-30 00:04:27,167:INFO:Preloading libraries
2026-01-30 00:04:27,167:INFO:Set up data.
2026-01-30 00:04:27,168:INFO:Set up index.
2026-01-30 00:09:06,104:WARNING:
'cuml' is a soft dependency and not included in the pycaret installation. Please run: `pip install cuml` to install.
2026-01-30 00:09:06,104:WARNING:
'cuml' is a soft dependency and not included in the pycaret installation. Please run: `pip install cuml` to install.
2026-01-30 00:09:06,104:WARNING:
'cuml' is a soft dependency and not included in the pycaret installation. Please run: `pip install cuml` to install.
2026-01-30 00:09:06,104:WARNING:
'cuml' is a soft dependency and not included in the pycaret installation. Please run: `pip install cuml` to install.
2026-01-30 00:09:07,599:INFO:Initializing load_model()
2026-01-30 00:09:07,599:INFO:load_model(model_name=models/catboost_classifier_model, platform=None, authentication=None, verbose=True)
2026-01-30 00:09:58,025:INFO:Initializing predict_model()
2026-01-30 00:09:58,025:INFO:predict_model(self=<pycaret.classification.oop.ClassificationExperiment object at 0x0000018C2E452250>, estimator=Pipeline(memory=Memory(location=None),
         steps=[('numerical_imputer',
                 TransformerWrapper(include=['credit_score', 'age', 'tenure',
                                             'balance', 'products_number',
                                             'estimated_salary',
                                             'balance_salary_ratio',
                                             'tenure_age_ratio',
                                             'credit_score_age_ratio',
                                             'balance_per_product'],
                                    transformer=SimpleImputer())),
                ('categorical_imputer',
                 TransformerWrapper(include=['gender'...
                                    transformer=OneHotEncoder(cols=['country'],
                                                              handle_missing='return_nan',
                                                              use_cat_names=True))),
                ('remove_multicollinearity',
                 TransformerWrapper(exclude=[],
                                    transformer=RemoveMulticollinearity(threshold=0.9))),
                ('balance',
                 TransformerWrapper(transformer=FixImbalancer(estimator=SMOTE(random_state=42)))),
                ('actual_estimator',
                 <catboost.core.CatBoostClassifier object at 0x0000018C2E642610>)]), probability_threshold=None, encoded_labels=False, raw_score=False, round=4, verbose=True, ml_usecase=None, preprocess=True, encode_labels=<function _SupervisedExperiment.predict_model.<locals>.encode_labels at 0x0000018C2B18EF20>)
2026-01-30 00:09:58,025:INFO:Checking exceptions
2026-01-30 00:09:58,025:INFO:Preloading libraries
2026-01-30 00:09:58,025:INFO:Set up data.
2026-01-30 00:09:58,034:INFO:Set up index.
2026-01-30 00:13:24,663:INFO:Initializing predict_model()
2026-01-30 00:13:24,663:INFO:predict_model(self=<pycaret.classification.oop.ClassificationExperiment object at 0x0000018C2E453090>, estimator=Pipeline(memory=Memory(location=None),
         steps=[('numerical_imputer',
                 TransformerWrapper(include=['credit_score', 'age', 'tenure',
                                             'balance', 'products_number',
                                             'estimated_salary',
                                             'balance_salary_ratio',
                                             'tenure_age_ratio',
                                             'credit_score_age_ratio',
                                             'balance_per_product'],
                                    transformer=SimpleImputer())),
                ('categorical_imputer',
                 TransformerWrapper(include=['gender'...
                                    transformer=OneHotEncoder(cols=['country'],
                                                              handle_missing='return_nan',
                                                              use_cat_names=True))),
                ('remove_multicollinearity',
                 TransformerWrapper(exclude=[],
                                    transformer=RemoveMulticollinearity(threshold=0.9))),
                ('balance',
                 TransformerWrapper(transformer=FixImbalancer(estimator=SMOTE(random_state=42)))),
                ('actual_estimator',
                 <catboost.core.CatBoostClassifier object at 0x0000018C2E642610>)]), probability_threshold=None, encoded_labels=False, raw_score=False, round=4, verbose=True, ml_usecase=None, preprocess=True, encode_labels=<function _SupervisedExperiment.predict_model.<locals>.encode_labels at 0x0000018C2EBEE8E0>)
2026-01-30 00:13:24,663:INFO:Checking exceptions
2026-01-30 00:13:24,664:INFO:Preloading libraries
2026-01-30 00:13:24,664:INFO:Set up data.
2026-01-30 00:13:24,667:INFO:Set up index.
2026-01-30 00:13:35,822:INFO:Initializing predict_model()
2026-01-30 00:13:35,822:INFO:predict_model(self=<pycaret.classification.oop.ClassificationExperiment object at 0x0000018C2ED5DDD0>, estimator=Pipeline(memory=Memory(location=None),
         steps=[('numerical_imputer',
                 TransformerWrapper(include=['credit_score', 'age', 'tenure',
                                             'balance', 'products_number',
                                             'estimated_salary',
                                             'balance_salary_ratio',
                                             'tenure_age_ratio',
                                             'credit_score_age_ratio',
                                             'balance_per_product'],
                                    transformer=SimpleImputer())),
                ('categorical_imputer',
                 TransformerWrapper(include=['gender'...
                                    transformer=OneHotEncoder(cols=['country'],
                                                              handle_missing='return_nan',
                                                              use_cat_names=True))),
                ('remove_multicollinearity',
                 TransformerWrapper(exclude=[],
                                    transformer=RemoveMulticollinearity(threshold=0.9))),
                ('balance',
                 TransformerWrapper(transformer=FixImbalancer(estimator=SMOTE(random_state=42)))),
                ('actual_estimator',
                 <catboost.core.CatBoostClassifier object at 0x0000018C2E642610>)]), probability_threshold=None, encoded_labels=False, raw_score=False, round=4, verbose=True, ml_usecase=None, preprocess=True, encode_labels=<function _SupervisedExperiment.predict_model.<locals>.encode_labels at 0x0000018C2E44E8E0>)
2026-01-30 00:13:35,822:INFO:Checking exceptions
2026-01-30 00:13:35,822:INFO:Preloading libraries
2026-01-30 00:13:35,822:INFO:Set up data.
2026-01-30 00:13:35,824:INFO:Set up index.
2026-01-30 00:13:47,984:INFO:Initializing predict_model()
2026-01-30 00:13:47,984:INFO:predict_model(self=<pycaret.classification.oop.ClassificationExperiment object at 0x0000018C2ED5ED90>, estimator=Pipeline(memory=Memory(location=None),
         steps=[('numerical_imputer',
                 TransformerWrapper(include=['credit_score', 'age', 'tenure',
                                             'balance', 'products_number',
                                             'estimated_salary',
                                             'balance_salary_ratio',
                                             'tenure_age_ratio',
                                             'credit_score_age_ratio',
                                             'balance_per_product'],
                                    transformer=SimpleImputer())),
                ('categorical_imputer',
                 TransformerWrapper(include=['gender'...
                                    transformer=OneHotEncoder(cols=['country'],
                                                              handle_missing='return_nan',
                                                              use_cat_names=True))),
                ('remove_multicollinearity',
                 TransformerWrapper(exclude=[],
                                    transformer=RemoveMulticollinearity(threshold=0.9))),
                ('balance',
                 TransformerWrapper(transformer=FixImbalancer(estimator=SMOTE(random_state=42)))),
                ('actual_estimator',
                 <catboost.core.CatBoostClassifier object at 0x0000018C2E642610>)]), probability_threshold=None, encoded_labels=False, raw_score=False, round=4, verbose=True, ml_usecase=None, preprocess=True, encode_labels=<function _SupervisedExperiment.predict_model.<locals>.encode_labels at 0x0000018C2EB599E0>)
2026-01-30 00:13:47,984:INFO:Checking exceptions
2026-01-30 00:13:47,984:INFO:Preloading libraries
2026-01-30 00:13:47,984:INFO:Set up data.
2026-01-30 00:13:47,989:INFO:Set up index.
2026-01-30 00:19:52,142:INFO:Initializing predict_model()
2026-01-30 00:19:52,142:INFO:predict_model(self=<pycaret.classification.oop.ClassificationExperiment object at 0x0000018C2ED5EAD0>, estimator=Pipeline(memory=Memory(location=None),
         steps=[('numerical_imputer',
                 TransformerWrapper(include=['credit_score', 'age', 'tenure',
                                             'balance', 'products_number',
                                             'estimated_salary',
                                             'balance_salary_ratio',
                                             'tenure_age_ratio',
                                             'credit_score_age_ratio',
                                             'balance_per_product'],
                                    transformer=SimpleImputer())),
                ('categorical_imputer',
                 TransformerWrapper(include=['gender'...
                                    transformer=OneHotEncoder(cols=['country'],
                                                              handle_missing='return_nan',
                                                              use_cat_names=True))),
                ('remove_multicollinearity',
                 TransformerWrapper(exclude=[],
                                    transformer=RemoveMulticollinearity(threshold=0.9))),
                ('balance',
                 TransformerWrapper(transformer=FixImbalancer(estimator=SMOTE(random_state=42)))),
                ('actual_estimator',
                 <catboost.core.CatBoostClassifier object at 0x0000018C2E642610>)]), probability_threshold=None, encoded_labels=False, raw_score=False, round=4, verbose=True, ml_usecase=None, preprocess=True, encode_labels=<function _SupervisedExperiment.predict_model.<locals>.encode_labels at 0x0000018C67FA3740>)
2026-01-30 00:19:52,142:INFO:Checking exceptions
2026-01-30 00:19:52,142:INFO:Preloading libraries
2026-01-30 00:19:52,142:INFO:Set up data.
2026-01-30 00:19:52,147:INFO:Set up index.
2026-01-30 00:20:12,424:INFO:Initializing predict_model()
2026-01-30 00:20:12,424:INFO:predict_model(self=<pycaret.classification.oop.ClassificationExperiment object at 0x0000018C2EB49E50>, estimator=Pipeline(memory=Memory(location=None),
         steps=[('numerical_imputer',
                 TransformerWrapper(include=['credit_score', 'age', 'tenure',
                                             'balance', 'products_number',
                                             'estimated_salary',
                                             'balance_salary_ratio',
                                             'tenure_age_ratio',
                                             'credit_score_age_ratio',
                                             'balance_per_product'],
                                    transformer=SimpleImputer())),
                ('categorical_imputer',
                 TransformerWrapper(include=['gender'...
                                    transformer=OneHotEncoder(cols=['country'],
                                                              handle_missing='return_nan',
                                                              use_cat_names=True))),
                ('remove_multicollinearity',
                 TransformerWrapper(exclude=[],
                                    transformer=RemoveMulticollinearity(threshold=0.9))),
                ('balance',
                 TransformerWrapper(transformer=FixImbalancer(estimator=SMOTE(random_state=42)))),
                ('actual_estimator',
                 <catboost.core.CatBoostClassifier object at 0x0000018C2E642610>)]), probability_threshold=None, encoded_labels=False, raw_score=False, round=4, verbose=True, ml_usecase=None, preprocess=True, encode_labels=<function _SupervisedExperiment.predict_model.<locals>.encode_labels at 0x0000018C67FA3D80>)
2026-01-30 00:20:12,427:INFO:Checking exceptions
2026-01-30 00:20:12,427:INFO:Preloading libraries
2026-01-30 00:20:12,427:INFO:Set up data.
2026-01-30 00:20:12,431:INFO:Set up index.
2026-01-30 00:20:19,549:INFO:Initializing predict_model()
2026-01-30 00:20:19,549:INFO:predict_model(self=<pycaret.classification.oop.ClassificationExperiment object at 0x0000018C2EB4AFD0>, estimator=Pipeline(memory=Memory(location=None),
         steps=[('numerical_imputer',
                 TransformerWrapper(include=['credit_score', 'age', 'tenure',
                                             'balance', 'products_number',
                                             'estimated_salary',
                                             'balance_salary_ratio',
                                             'tenure_age_ratio',
                                             'credit_score_age_ratio',
                                             'balance_per_product'],
                                    transformer=SimpleImputer())),
                ('categorical_imputer',
                 TransformerWrapper(include=['gender'...
                                    transformer=OneHotEncoder(cols=['country'],
                                                              handle_missing='return_nan',
                                                              use_cat_names=True))),
                ('remove_multicollinearity',
                 TransformerWrapper(exclude=[],
                                    transformer=RemoveMulticollinearity(threshold=0.9))),
                ('balance',
                 TransformerWrapper(transformer=FixImbalancer(estimator=SMOTE(random_state=42)))),
                ('actual_estimator',
                 <catboost.core.CatBoostClassifier object at 0x0000018C2E642610>)]), probability_threshold=None, encoded_labels=False, raw_score=False, round=4, verbose=True, ml_usecase=None, preprocess=True, encode_labels=<function _SupervisedExperiment.predict_model.<locals>.encode_labels at 0x0000018C2E244C20>)
2026-01-30 00:20:19,556:INFO:Checking exceptions
2026-01-30 00:20:19,557:INFO:Preloading libraries
2026-01-30 00:20:19,557:INFO:Set up data.
2026-01-30 00:20:19,558:INFO:Set up index.
2026-01-30 00:25:35,198:INFO:Initializing predict_model()
2026-01-30 00:25:35,198:INFO:predict_model(self=<pycaret.classification.oop.ClassificationExperiment object at 0x0000018C2ED5D690>, estimator=Pipeline(memory=Memory(location=None),
         steps=[('numerical_imputer',
                 TransformerWrapper(include=['credit_score', 'age', 'tenure',
                                             'balance', 'products_number',
                                             'estimated_salary',
                                             'balance_salary_ratio',
                                             'tenure_age_ratio',
                                             'credit_score_age_ratio',
                                             'balance_per_product'],
                                    transformer=SimpleImputer())),
                ('categorical_imputer',
                 TransformerWrapper(include=['gender'...
                                    transformer=OneHotEncoder(cols=['country'],
                                                              handle_missing='return_nan',
                                                              use_cat_names=True))),
                ('remove_multicollinearity',
                 TransformerWrapper(exclude=[],
                                    transformer=RemoveMulticollinearity(threshold=0.9))),
                ('balance',
                 TransformerWrapper(transformer=FixImbalancer(estimator=SMOTE(random_state=42)))),
                ('actual_estimator',
                 <catboost.core.CatBoostClassifier object at 0x0000018C2E642610>)]), probability_threshold=None, encoded_labels=False, raw_score=False, round=4, verbose=True, ml_usecase=None, preprocess=True, encode_labels=<function _SupervisedExperiment.predict_model.<locals>.encode_labels at 0x0000018C67FA3A60>)
2026-01-30 00:25:35,198:INFO:Checking exceptions
2026-01-30 00:25:35,198:INFO:Preloading libraries
2026-01-30 00:25:35,198:INFO:Set up data.
2026-01-30 00:25:35,198:INFO:Set up index.
2026-01-30 00:26:21,539:INFO:Initializing predict_model()
2026-01-30 00:26:21,539:INFO:predict_model(self=<pycaret.classification.oop.ClassificationExperiment object at 0x0000018C2E5C0C10>, estimator=Pipeline(memory=Memory(location=None),
         steps=[('numerical_imputer',
                 TransformerWrapper(include=['credit_score', 'age', 'tenure',
                                             'balance', 'products_number',
                                             'estimated_salary',
                                             'balance_salary_ratio',
                                             'tenure_age_ratio',
                                             'credit_score_age_ratio',
                                             'balance_per_product'],
                                    transformer=SimpleImputer())),
                ('categorical_imputer',
                 TransformerWrapper(include=['gender'...
                                    transformer=OneHotEncoder(cols=['country'],
                                                              handle_missing='return_nan',
                                                              use_cat_names=True))),
                ('remove_multicollinearity',
                 TransformerWrapper(exclude=[],
                                    transformer=RemoveMulticollinearity(threshold=0.9))),
                ('balance',
                 TransformerWrapper(transformer=FixImbalancer(estimator=SMOTE(random_state=42)))),
                ('actual_estimator',
                 <catboost.core.CatBoostClassifier object at 0x0000018C2E642610>)]), probability_threshold=None, encoded_labels=False, raw_score=False, round=4, verbose=True, ml_usecase=None, preprocess=True, encode_labels=<function _SupervisedExperiment.predict_model.<locals>.encode_labels at 0x0000018C67FA0B80>)
2026-01-30 00:26:21,539:INFO:Checking exceptions
2026-01-30 00:26:21,539:INFO:Preloading libraries
2026-01-30 00:26:21,539:INFO:Set up data.
2026-01-30 00:26:21,547:INFO:Set up index.
2026-01-30 00:31:39,991:WARNING:
'cuml' is a soft dependency and not included in the pycaret installation. Please run: `pip install cuml` to install.
2026-01-30 00:31:39,991:WARNING:
'cuml' is a soft dependency and not included in the pycaret installation. Please run: `pip install cuml` to install.
2026-01-30 00:31:39,991:WARNING:
'cuml' is a soft dependency and not included in the pycaret installation. Please run: `pip install cuml` to install.
2026-01-30 00:31:39,991:WARNING:
'cuml' is a soft dependency and not included in the pycaret installation. Please run: `pip install cuml` to install.
2026-01-30 00:31:41,591:INFO:Initializing load_model()
2026-01-30 00:31:41,591:INFO:load_model(model_name=models/catboost_classifier_model, platform=None, authentication=None, verbose=True)
2026-01-30 00:31:49,693:INFO:Initializing predict_model()
2026-01-30 00:31:49,693:INFO:predict_model(self=<pycaret.classification.oop.ClassificationExperiment object at 0x00000185FDEE5010>, estimator=Pipeline(memory=Memory(location=None),
         steps=[('numerical_imputer',
                 TransformerWrapper(include=['credit_score', 'age', 'tenure',
                                             'balance', 'products_number',
                                             'estimated_salary',
                                             'balance_salary_ratio',
                                             'tenure_age_ratio',
                                             'credit_score_age_ratio',
                                             'balance_per_product'],
                                    transformer=SimpleImputer())),
                ('categorical_imputer',
                 TransformerWrapper(include=['gender'...
                                    transformer=OneHotEncoder(cols=['country'],
                                                              handle_missing='return_nan',
                                                              use_cat_names=True))),
                ('remove_multicollinearity',
                 TransformerWrapper(exclude=[],
                                    transformer=RemoveMulticollinearity(threshold=0.9))),
                ('balance',
                 TransformerWrapper(transformer=FixImbalancer(estimator=SMOTE(random_state=42)))),
                ('actual_estimator',
                 <catboost.core.CatBoostClassifier object at 0x00000185FDECCAD0>)]), probability_threshold=None, encoded_labels=False, raw_score=False, round=4, verbose=True, ml_usecase=None, preprocess=True, encode_labels=<function _SupervisedExperiment.predict_model.<locals>.encode_labels at 0x00000185D8DB94E0>)
2026-01-30 00:31:49,693:INFO:Checking exceptions
2026-01-30 00:31:49,693:INFO:Preloading libraries
2026-01-30 00:31:49,693:INFO:Set up data.
2026-01-30 00:31:49,696:INFO:Set up index.
2026-01-30 00:31:58,807:INFO:Initializing predict_model()
2026-01-30 00:31:58,807:INFO:predict_model(self=<pycaret.classification.oop.ClassificationExperiment object at 0x00000185FF444C90>, estimator=Pipeline(memory=Memory(location=None),
         steps=[('numerical_imputer',
                 TransformerWrapper(include=['credit_score', 'age', 'tenure',
                                             'balance', 'products_number',
                                             'estimated_salary',
                                             'balance_salary_ratio',
                                             'tenure_age_ratio',
                                             'credit_score_age_ratio',
                                             'balance_per_product'],
                                    transformer=SimpleImputer())),
                ('categorical_imputer',
                 TransformerWrapper(include=['gender'...
                                    transformer=OneHotEncoder(cols=['country'],
                                                              handle_missing='return_nan',
                                                              use_cat_names=True))),
                ('remove_multicollinearity',
                 TransformerWrapper(exclude=[],
                                    transformer=RemoveMulticollinearity(threshold=0.9))),
                ('balance',
                 TransformerWrapper(transformer=FixImbalancer(estimator=SMOTE(random_state=42)))),
                ('actual_estimator',
                 <catboost.core.CatBoostClassifier object at 0x00000185FDECCAD0>)]), probability_threshold=None, encoded_labels=False, raw_score=False, round=4, verbose=True, ml_usecase=None, preprocess=True, encode_labels=<function _SupervisedExperiment.predict_model.<locals>.encode_labels at 0x00000185FF2A6F20>)
2026-01-30 00:31:58,812:INFO:Checking exceptions
2026-01-30 00:31:58,812:INFO:Preloading libraries
2026-01-30 00:31:58,812:INFO:Set up data.
2026-01-30 00:31:58,816:INFO:Set up index.
2026-01-30 00:34:19,011:INFO:Initializing predict_model()
2026-01-30 00:34:19,011:INFO:predict_model(self=<pycaret.classification.oop.ClassificationExperiment object at 0x00000185FF2D7B50>, estimator=Pipeline(memory=Memory(location=None),
         steps=[('numerical_imputer',
                 TransformerWrapper(include=['credit_score', 'age', 'tenure',
                                             'balance', 'products_number',
                                             'estimated_salary',
                                             'balance_salary_ratio',
                                             'tenure_age_ratio',
                                             'credit_score_age_ratio',
                                             'balance_per_product'],
                                    transformer=SimpleImputer())),
                ('categorical_imputer',
                 TransformerWrapper(include=['gender'...
                                    transformer=OneHotEncoder(cols=['country'],
                                                              handle_missing='return_nan',
                                                              use_cat_names=True))),
                ('remove_multicollinearity',
                 TransformerWrapper(exclude=[],
                                    transformer=RemoveMulticollinearity(threshold=0.9))),
                ('balance',
                 TransformerWrapper(transformer=FixImbalancer(estimator=SMOTE(random_state=42)))),
                ('actual_estimator',
                 <catboost.core.CatBoostClassifier object at 0x00000185FDECCAD0>)]), probability_threshold=None, encoded_labels=False, raw_score=False, round=4, verbose=True, ml_usecase=None, preprocess=True, encode_labels=<function _SupervisedExperiment.predict_model.<locals>.encode_labels at 0x00000185FF2ABCE0>)
2026-01-30 00:34:19,011:INFO:Checking exceptions
2026-01-30 00:34:19,011:INFO:Preloading libraries
2026-01-30 00:34:19,011:INFO:Set up data.
2026-01-30 00:34:19,018:INFO:Set up index.
2026-01-30 00:36:06,139:INFO:Initializing predict_model()
2026-01-30 00:36:06,139:INFO:predict_model(self=<pycaret.classification.oop.ClassificationExperiment object at 0x00000185FF369310>, estimator=Pipeline(memory=Memory(location=None),
         steps=[('numerical_imputer',
                 TransformerWrapper(include=['credit_score', 'age', 'tenure',
                                             'balance', 'products_number',
                                             'estimated_salary',
                                             'balance_salary_ratio',
                                             'tenure_age_ratio',
                                             'credit_score_age_ratio',
                                             'balance_per_product'],
                                    transformer=SimpleImputer())),
                ('categorical_imputer',
                 TransformerWrapper(include=['gender'...
                                    transformer=OneHotEncoder(cols=['country'],
                                                              handle_missing='return_nan',
                                                              use_cat_names=True))),
                ('remove_multicollinearity',
                 TransformerWrapper(exclude=[],
                                    transformer=RemoveMulticollinearity(threshold=0.9))),
                ('balance',
                 TransformerWrapper(transformer=FixImbalancer(estimator=SMOTE(random_state=42)))),
                ('actual_estimator',
                 <catboost.core.CatBoostClassifier object at 0x00000185FDECCAD0>)]), probability_threshold=None, encoded_labels=False, raw_score=False, round=4, verbose=True, ml_usecase=None, preprocess=True, encode_labels=<function _SupervisedExperiment.predict_model.<locals>.encode_labels at 0x00000185FF2A5BC0>)
2026-01-30 00:36:06,139:INFO:Checking exceptions
2026-01-30 00:36:06,139:INFO:Preloading libraries
2026-01-30 00:36:06,139:INFO:Set up data.
2026-01-30 00:36:06,144:INFO:Set up index.
2026-01-30 00:40:15,138:WARNING:
'cuml' is a soft dependency and not included in the pycaret installation. Please run: `pip install cuml` to install.
2026-01-30 00:40:15,138:WARNING:
'cuml' is a soft dependency and not included in the pycaret installation. Please run: `pip install cuml` to install.
2026-01-30 00:40:15,138:WARNING:
'cuml' is a soft dependency and not included in the pycaret installation. Please run: `pip install cuml` to install.
2026-01-30 00:40:15,138:WARNING:
'cuml' is a soft dependency and not included in the pycaret installation. Please run: `pip install cuml` to install.
2026-01-30 00:40:16,890:INFO:Initializing load_model()
2026-01-30 00:40:16,890:INFO:load_model(model_name=models/catboost_classifier_model, platform=None, authentication=None, verbose=True)
2026-01-30 00:40:38,626:INFO:Initializing predict_model()
2026-01-30 00:40:38,626:INFO:predict_model(self=<pycaret.classification.oop.ClassificationExperiment object at 0x000001A07182F110>, estimator=Pipeline(memory=Memory(location=None),
         steps=[('numerical_imputer',
                 TransformerWrapper(include=['credit_score', 'age', 'tenure',
                                             'balance', 'products_number',
                                             'estimated_salary',
                                             'balance_salary_ratio',
                                             'tenure_age_ratio',
                                             'credit_score_age_ratio',
                                             'balance_per_product'],
                                    transformer=SimpleImputer())),
                ('categorical_imputer',
                 TransformerWrapper(include=['gender'...
                                    transformer=OneHotEncoder(cols=['country'],
                                                              handle_missing='return_nan',
                                                              use_cat_names=True))),
                ('remove_multicollinearity',
                 TransformerWrapper(exclude=[],
                                    transformer=RemoveMulticollinearity(threshold=0.9))),
                ('balance',
                 TransformerWrapper(transformer=FixImbalancer(estimator=SMOTE(random_state=42)))),
                ('actual_estimator',
                 <catboost.core.CatBoostClassifier object at 0x000001A071810990>)]), probability_threshold=None, encoded_labels=False, raw_score=False, round=4, verbose=True, ml_usecase=None, preprocess=True, encode_labels=<function _SupervisedExperiment.predict_model.<locals>.encode_labels at 0x000001A071842C00>)
2026-01-30 00:40:38,626:INFO:Checking exceptions
2026-01-30 00:40:38,626:INFO:Preloading libraries
2026-01-30 00:40:38,626:INFO:Set up data.
2026-01-30 00:40:38,637:INFO:Set up index.
2026-01-30 00:40:43,340:INFO:Initializing predict_model()
2026-01-30 00:40:43,340:INFO:predict_model(self=<pycaret.classification.oop.ClassificationExperiment object at 0x000001A071AF6F90>, estimator=Pipeline(memory=Memory(location=None),
         steps=[('numerical_imputer',
                 TransformerWrapper(include=['credit_score', 'age', 'tenure',
                                             'balance', 'products_number',
                                             'estimated_salary',
                                             'balance_salary_ratio',
                                             'tenure_age_ratio',
                                             'credit_score_age_ratio',
                                             'balance_per_product'],
                                    transformer=SimpleImputer())),
                ('categorical_imputer',
                 TransformerWrapper(include=['gender'...
                                    transformer=OneHotEncoder(cols=['country'],
                                                              handle_missing='return_nan',
                                                              use_cat_names=True))),
                ('remove_multicollinearity',
                 TransformerWrapper(exclude=[],
                                    transformer=RemoveMulticollinearity(threshold=0.9))),
                ('balance',
                 TransformerWrapper(transformer=FixImbalancer(estimator=SMOTE(random_state=42)))),
                ('actual_estimator',
                 <catboost.core.CatBoostClassifier object at 0x000001A071810990>)]), probability_threshold=None, encoded_labels=False, raw_score=False, round=4, verbose=True, ml_usecase=None, preprocess=True, encode_labels=<function _SupervisedExperiment.predict_model.<locals>.encode_labels at 0x000001A071BA23E0>)
2026-01-30 00:40:43,340:INFO:Checking exceptions
2026-01-30 00:40:43,340:INFO:Preloading libraries
2026-01-30 00:40:43,340:INFO:Set up data.
2026-01-30 00:40:43,347:INFO:Set up index.
2026-01-30 00:40:49,364:INFO:Initializing predict_model()
2026-01-30 00:40:49,364:INFO:predict_model(self=<pycaret.classification.oop.ClassificationExperiment object at 0x000001A071AF75D0>, estimator=Pipeline(memory=Memory(location=None),
         steps=[('numerical_imputer',
                 TransformerWrapper(include=['credit_score', 'age', 'tenure',
                                             'balance', 'products_number',
                                             'estimated_salary',
                                             'balance_salary_ratio',
                                             'tenure_age_ratio',
                                             'credit_score_age_ratio',
                                             'balance_per_product'],
                                    transformer=SimpleImputer())),
                ('categorical_imputer',
                 TransformerWrapper(include=['gender'...
                                    transformer=OneHotEncoder(cols=['country'],
                                                              handle_missing='return_nan',
                                                              use_cat_names=True))),
                ('remove_multicollinearity',
                 TransformerWrapper(exclude=[],
                                    transformer=RemoveMulticollinearity(threshold=0.9))),
                ('balance',
                 TransformerWrapper(transformer=FixImbalancer(estimator=SMOTE(random_state=42)))),
                ('actual_estimator',
                 <catboost.core.CatBoostClassifier object at 0x000001A071810990>)]), probability_threshold=None, encoded_labels=False, raw_score=False, round=4, verbose=True, ml_usecase=None, preprocess=True, encode_labels=<function _SupervisedExperiment.predict_model.<locals>.encode_labels at 0x000001A071BA28E0>)
2026-01-30 00:40:49,365:INFO:Checking exceptions
2026-01-30 00:40:49,365:INFO:Preloading libraries
2026-01-30 00:40:49,365:INFO:Set up data.
2026-01-30 00:40:49,368:INFO:Set up index.
2026-01-30 00:40:53,954:INFO:Initializing predict_model()
2026-01-30 00:40:53,954:INFO:predict_model(self=<pycaret.classification.oop.ClassificationExperiment object at 0x000001A0718191D0>, estimator=Pipeline(memory=Memory(location=None),
         steps=[('numerical_imputer',
                 TransformerWrapper(include=['credit_score', 'age', 'tenure',
                                             'balance', 'products_number',
                                             'estimated_salary',
                                             'balance_salary_ratio',
                                             'tenure_age_ratio',
                                             'credit_score_age_ratio',
                                             'balance_per_product'],
                                    transformer=SimpleImputer())),
                ('categorical_imputer',
                 TransformerWrapper(include=['gender'...
                                    transformer=OneHotEncoder(cols=['country'],
                                                              handle_missing='return_nan',
                                                              use_cat_names=True))),
                ('remove_multicollinearity',
                 TransformerWrapper(exclude=[],
                                    transformer=RemoveMulticollinearity(threshold=0.9))),
                ('balance',
                 TransformerWrapper(transformer=FixImbalancer(estimator=SMOTE(random_state=42)))),
                ('actual_estimator',
                 <catboost.core.CatBoostClassifier object at 0x000001A071810990>)]), probability_threshold=None, encoded_labels=False, raw_score=False, round=4, verbose=True, ml_usecase=None, preprocess=True, encode_labels=<function _SupervisedExperiment.predict_model.<locals>.encode_labels at 0x000001A071BA2700>)
2026-01-30 00:40:53,954:INFO:Checking exceptions
2026-01-30 00:40:53,954:INFO:Preloading libraries
2026-01-30 00:40:53,954:INFO:Set up data.
2026-01-30 00:40:53,958:INFO:Set up index.
2026-01-30 00:41:00,766:INFO:Initializing predict_model()
2026-01-30 00:41:00,766:INFO:predict_model(self=<pycaret.classification.oop.ClassificationExperiment object at 0x000001A07181F590>, estimator=Pipeline(memory=Memory(location=None),
         steps=[('numerical_imputer',
                 TransformerWrapper(include=['credit_score', 'age', 'tenure',
                                             'balance', 'products_number',
                                             'estimated_salary',
                                             'balance_salary_ratio',
                                             'tenure_age_ratio',
                                             'credit_score_age_ratio',
                                             'balance_per_product'],
                                    transformer=SimpleImputer())),
                ('categorical_imputer',
                 TransformerWrapper(include=['gender'...
                                    transformer=OneHotEncoder(cols=['country'],
                                                              handle_missing='return_nan',
                                                              use_cat_names=True))),
                ('remove_multicollinearity',
                 TransformerWrapper(exclude=[],
                                    transformer=RemoveMulticollinearity(threshold=0.9))),
                ('balance',
                 TransformerWrapper(transformer=FixImbalancer(estimator=SMOTE(random_state=42)))),
                ('actual_estimator',
                 <catboost.core.CatBoostClassifier object at 0x000001A071810990>)]), probability_threshold=None, encoded_labels=False, raw_score=False, round=4, verbose=True, ml_usecase=None, preprocess=True, encode_labels=<function _SupervisedExperiment.predict_model.<locals>.encode_labels at 0x000001A04C5579C0>)
2026-01-30 00:41:00,766:INFO:Checking exceptions
2026-01-30 00:41:00,770:INFO:Preloading libraries
2026-01-30 00:41:00,770:INFO:Set up data.
2026-01-30 00:41:00,773:INFO:Set up index.
2026-01-30 00:41:10,430:INFO:Initializing predict_model()
2026-01-30 00:41:10,430:INFO:predict_model(self=<pycaret.classification.oop.ClassificationExperiment object at 0x000001A07181A750>, estimator=Pipeline(memory=Memory(location=None),
         steps=[('numerical_imputer',
                 TransformerWrapper(include=['credit_score', 'age', 'tenure',
                                             'balance', 'products_number',
                                             'estimated_salary',
                                             'balance_salary_ratio',
                                             'tenure_age_ratio',
                                             'credit_score_age_ratio',
                                             'balance_per_product'],
                                    transformer=SimpleImputer())),
                ('categorical_imputer',
                 TransformerWrapper(include=['gender'...
                                    transformer=OneHotEncoder(cols=['country'],
                                                              handle_missing='return_nan',
                                                              use_cat_names=True))),
                ('remove_multicollinearity',
                 TransformerWrapper(exclude=[],
                                    transformer=RemoveMulticollinearity(threshold=0.9))),
                ('balance',
                 TransformerWrapper(transformer=FixImbalancer(estimator=SMOTE(random_state=42)))),
                ('actual_estimator',
                 <catboost.core.CatBoostClassifier object at 0x000001A071810990>)]), probability_threshold=None, encoded_labels=False, raw_score=False, round=4, verbose=True, ml_usecase=None, preprocess=True, encode_labels=<function _SupervisedExperiment.predict_model.<locals>.encode_labels at 0x000001A071BA2CA0>)
2026-01-30 00:41:10,430:INFO:Checking exceptions
2026-01-30 00:41:10,430:INFO:Preloading libraries
2026-01-30 00:41:10,430:INFO:Set up data.
2026-01-30 00:41:10,432:INFO:Set up index.
2026-01-30 00:41:18,992:INFO:Initializing predict_model()
2026-01-30 00:41:18,992:INFO:predict_model(self=<pycaret.classification.oop.ClassificationExperiment object at 0x000001A071721390>, estimator=Pipeline(memory=Memory(location=None),
         steps=[('numerical_imputer',
                 TransformerWrapper(include=['credit_score', 'age', 'tenure',
                                             'balance', 'products_number',
                                             'estimated_salary',
                                             'balance_salary_ratio',
                                             'tenure_age_ratio',
                                             'credit_score_age_ratio',
                                             'balance_per_product'],
                                    transformer=SimpleImputer())),
                ('categorical_imputer',
                 TransformerWrapper(include=['gender'...
                                    transformer=OneHotEncoder(cols=['country'],
                                                              handle_missing='return_nan',
                                                              use_cat_names=True))),
                ('remove_multicollinearity',
                 TransformerWrapper(exclude=[],
                                    transformer=RemoveMulticollinearity(threshold=0.9))),
                ('balance',
                 TransformerWrapper(transformer=FixImbalancer(estimator=SMOTE(random_state=42)))),
                ('actual_estimator',
                 <catboost.core.CatBoostClassifier object at 0x000001A071810990>)]), probability_threshold=None, encoded_labels=False, raw_score=False, round=4, verbose=True, ml_usecase=None, preprocess=True, encode_labels=<function _SupervisedExperiment.predict_model.<locals>.encode_labels at 0x000001A071BA3880>)
2026-01-30 00:41:18,992:INFO:Checking exceptions
2026-01-30 00:41:18,992:INFO:Preloading libraries
2026-01-30 00:41:18,992:INFO:Set up data.
2026-01-30 00:41:18,999:INFO:Set up index.
2026-01-30 00:41:23,286:INFO:Initializing predict_model()
2026-01-30 00:41:23,286:INFO:predict_model(self=<pycaret.classification.oop.ClassificationExperiment object at 0x000001A07181F590>, estimator=Pipeline(memory=Memory(location=None),
         steps=[('numerical_imputer',
                 TransformerWrapper(include=['credit_score', 'age', 'tenure',
                                             'balance', 'products_number',
                                             'estimated_salary',
                                             'balance_salary_ratio',
                                             'tenure_age_ratio',
                                             'credit_score_age_ratio',
                                             'balance_per_product'],
                                    transformer=SimpleImputer())),
                ('categorical_imputer',
                 TransformerWrapper(include=['gender'...
                                    transformer=OneHotEncoder(cols=['country'],
                                                              handle_missing='return_nan',
                                                              use_cat_names=True))),
                ('remove_multicollinearity',
                 TransformerWrapper(exclude=[],
                                    transformer=RemoveMulticollinearity(threshold=0.9))),
                ('balance',
                 TransformerWrapper(transformer=FixImbalancer(estimator=SMOTE(random_state=42)))),
                ('actual_estimator',
                 <catboost.core.CatBoostClassifier object at 0x000001A071810990>)]), probability_threshold=None, encoded_labels=False, raw_score=False, round=4, verbose=True, ml_usecase=None, preprocess=True, encode_labels=<function _SupervisedExperiment.predict_model.<locals>.encode_labels at 0x000001A071BA1440>)
2026-01-30 00:41:23,286:INFO:Checking exceptions
2026-01-30 00:41:23,286:INFO:Preloading libraries
2026-01-30 00:41:23,286:INFO:Set up data.
2026-01-30 00:41:23,286:INFO:Set up index.
2026-01-30 00:41:28,086:INFO:Initializing predict_model()
2026-01-30 00:41:28,086:INFO:predict_model(self=<pycaret.classification.oop.ClassificationExperiment object at 0x000001A07181A4D0>, estimator=Pipeline(memory=Memory(location=None),
         steps=[('numerical_imputer',
                 TransformerWrapper(include=['credit_score', 'age', 'tenure',
                                             'balance', 'products_number',
                                             'estimated_salary',
                                             'balance_salary_ratio',
                                             'tenure_age_ratio',
                                             'credit_score_age_ratio',
                                             'balance_per_product'],
                                    transformer=SimpleImputer())),
                ('categorical_imputer',
                 TransformerWrapper(include=['gender'...
                                    transformer=OneHotEncoder(cols=['country'],
                                                              handle_missing='return_nan',
                                                              use_cat_names=True))),
                ('remove_multicollinearity',
                 TransformerWrapper(exclude=[],
                                    transformer=RemoveMulticollinearity(threshold=0.9))),
                ('balance',
                 TransformerWrapper(transformer=FixImbalancer(estimator=SMOTE(random_state=42)))),
                ('actual_estimator',
                 <catboost.core.CatBoostClassifier object at 0x000001A071810990>)]), probability_threshold=None, encoded_labels=False, raw_score=False, round=4, verbose=True, ml_usecase=None, preprocess=True, encode_labels=<function _SupervisedExperiment.predict_model.<locals>.encode_labels at 0x000001A071842D40>)
2026-01-30 00:41:28,086:INFO:Checking exceptions
2026-01-30 00:41:28,086:INFO:Preloading libraries
2026-01-30 00:41:28,086:INFO:Set up data.
2026-01-30 00:41:28,086:INFO:Set up index.
2026-01-30 00:41:34,716:INFO:Initializing predict_model()
2026-01-30 00:41:34,716:INFO:predict_model(self=<pycaret.classification.oop.ClassificationExperiment object at 0x000001A071831790>, estimator=Pipeline(memory=Memory(location=None),
         steps=[('numerical_imputer',
                 TransformerWrapper(include=['credit_score', 'age', 'tenure',
                                             'balance', 'products_number',
                                             'estimated_salary',
                                             'balance_salary_ratio',
                                             'tenure_age_ratio',
                                             'credit_score_age_ratio',
                                             'balance_per_product'],
                                    transformer=SimpleImputer())),
                ('categorical_imputer',
                 TransformerWrapper(include=['gender'...
                                    transformer=OneHotEncoder(cols=['country'],
                                                              handle_missing='return_nan',
                                                              use_cat_names=True))),
                ('remove_multicollinearity',
                 TransformerWrapper(exclude=[],
                                    transformer=RemoveMulticollinearity(threshold=0.9))),
                ('balance',
                 TransformerWrapper(transformer=FixImbalancer(estimator=SMOTE(random_state=42)))),
                ('actual_estimator',
                 <catboost.core.CatBoostClassifier object at 0x000001A071810990>)]), probability_threshold=None, encoded_labels=False, raw_score=False, round=4, verbose=True, ml_usecase=None, preprocess=True, encode_labels=<function _SupervisedExperiment.predict_model.<locals>.encode_labels at 0x000001A071BA2840>)
2026-01-30 00:41:34,716:INFO:Checking exceptions
2026-01-30 00:41:34,716:INFO:Preloading libraries
2026-01-30 00:41:34,716:INFO:Set up data.
2026-01-30 00:41:34,720:INFO:Set up index.
2026-01-30 00:41:41,666:INFO:Initializing predict_model()
2026-01-30 00:41:41,666:INFO:predict_model(self=<pycaret.classification.oop.ClassificationExperiment object at 0x000001A071AF7F10>, estimator=Pipeline(memory=Memory(location=None),
         steps=[('numerical_imputer',
                 TransformerWrapper(include=['credit_score', 'age', 'tenure',
                                             'balance', 'products_number',
                                             'estimated_salary',
                                             'balance_salary_ratio',
                                             'tenure_age_ratio',
                                             'credit_score_age_ratio',
                                             'balance_per_product'],
                                    transformer=SimpleImputer())),
                ('categorical_imputer',
                 TransformerWrapper(include=['gender'...
                                    transformer=OneHotEncoder(cols=['country'],
                                                              handle_missing='return_nan',
                                                              use_cat_names=True))),
                ('remove_multicollinearity',
                 TransformerWrapper(exclude=[],
                                    transformer=RemoveMulticollinearity(threshold=0.9))),
                ('balance',
                 TransformerWrapper(transformer=FixImbalancer(estimator=SMOTE(random_state=42)))),
                ('actual_estimator',
                 <catboost.core.CatBoostClassifier object at 0x000001A071810990>)]), probability_threshold=None, encoded_labels=False, raw_score=False, round=4, verbose=True, ml_usecase=None, preprocess=True, encode_labels=<function _SupervisedExperiment.predict_model.<locals>.encode_labels at 0x000001A071BA2A20>)
2026-01-30 00:41:41,666:INFO:Checking exceptions
2026-01-30 00:41:41,666:INFO:Preloading libraries
2026-01-30 00:41:41,666:INFO:Set up data.
2026-01-30 00:41:41,666:INFO:Set up index.
2026-01-30 00:41:48,179:INFO:Initializing predict_model()
2026-01-30 00:41:48,179:INFO:predict_model(self=<pycaret.classification.oop.ClassificationExperiment object at 0x000001A071BFF590>, estimator=Pipeline(memory=Memory(location=None),
         steps=[('numerical_imputer',
                 TransformerWrapper(include=['credit_score', 'age', 'tenure',
                                             'balance', 'products_number',
                                             'estimated_salary',
                                             'balance_salary_ratio',
                                             'tenure_age_ratio',
                                             'credit_score_age_ratio',
                                             'balance_per_product'],
                                    transformer=SimpleImputer())),
                ('categorical_imputer',
                 TransformerWrapper(include=['gender'...
                                    transformer=OneHotEncoder(cols=['country'],
                                                              handle_missing='return_nan',
                                                              use_cat_names=True))),
                ('remove_multicollinearity',
                 TransformerWrapper(exclude=[],
                                    transformer=RemoveMulticollinearity(threshold=0.9))),
                ('balance',
                 TransformerWrapper(transformer=FixImbalancer(estimator=SMOTE(random_state=42)))),
                ('actual_estimator',
                 <catboost.core.CatBoostClassifier object at 0x000001A071810990>)]), probability_threshold=None, encoded_labels=False, raw_score=False, round=4, verbose=True, ml_usecase=None, preprocess=True, encode_labels=<function _SupervisedExperiment.predict_model.<locals>.encode_labels at 0x000001A0278B82C0>)
2026-01-30 00:41:48,179:INFO:Checking exceptions
2026-01-30 00:41:48,179:INFO:Preloading libraries
2026-01-30 00:41:48,179:INFO:Set up data.
2026-01-30 00:41:48,188:INFO:Set up index.
2026-01-30 00:41:54,347:INFO:Initializing predict_model()
2026-01-30 00:41:54,347:INFO:predict_model(self=<pycaret.classification.oop.ClassificationExperiment object at 0x000001A0719FCA50>, estimator=Pipeline(memory=Memory(location=None),
         steps=[('numerical_imputer',
                 TransformerWrapper(include=['credit_score', 'age', 'tenure',
                                             'balance', 'products_number',
                                             'estimated_salary',
                                             'balance_salary_ratio',
                                             'tenure_age_ratio',
                                             'credit_score_age_ratio',
                                             'balance_per_product'],
                                    transformer=SimpleImputer())),
                ('categorical_imputer',
                 TransformerWrapper(include=['gender'...
                                    transformer=OneHotEncoder(cols=['country'],
                                                              handle_missing='return_nan',
                                                              use_cat_names=True))),
                ('remove_multicollinearity',
                 TransformerWrapper(exclude=[],
                                    transformer=RemoveMulticollinearity(threshold=0.9))),
                ('balance',
                 TransformerWrapper(transformer=FixImbalancer(estimator=SMOTE(random_state=42)))),
                ('actual_estimator',
                 <catboost.core.CatBoostClassifier object at 0x000001A071810990>)]), probability_threshold=None, encoded_labels=False, raw_score=False, round=4, verbose=True, ml_usecase=None, preprocess=True, encode_labels=<function _SupervisedExperiment.predict_model.<locals>.encode_labels at 0x000001A071BA23E0>)
2026-01-30 00:41:54,347:INFO:Checking exceptions
2026-01-30 00:41:54,347:INFO:Preloading libraries
2026-01-30 00:41:54,347:INFO:Set up data.
2026-01-30 00:41:54,353:INFO:Set up index.
2026-01-30 00:41:58,880:INFO:Initializing predict_model()
2026-01-30 00:41:58,880:INFO:predict_model(self=<pycaret.classification.oop.ClassificationExperiment object at 0x000001A071C7BF50>, estimator=Pipeline(memory=Memory(location=None),
         steps=[('numerical_imputer',
                 TransformerWrapper(include=['credit_score', 'age', 'tenure',
                                             'balance', 'products_number',
                                             'estimated_salary',
                                             'balance_salary_ratio',
                                             'tenure_age_ratio',
                                             'credit_score_age_ratio',
                                             'balance_per_product'],
                                    transformer=SimpleImputer())),
                ('categorical_imputer',
                 TransformerWrapper(include=['gender'...
                                    transformer=OneHotEncoder(cols=['country'],
                                                              handle_missing='return_nan',
                                                              use_cat_names=True))),
                ('remove_multicollinearity',
                 TransformerWrapper(exclude=[],
                                    transformer=RemoveMulticollinearity(threshold=0.9))),
                ('balance',
                 TransformerWrapper(transformer=FixImbalancer(estimator=SMOTE(random_state=42)))),
                ('actual_estimator',
                 <catboost.core.CatBoostClassifier object at 0x000001A071810990>)]), probability_threshold=None, encoded_labels=False, raw_score=False, round=4, verbose=True, ml_usecase=None, preprocess=True, encode_labels=<function _SupervisedExperiment.predict_model.<locals>.encode_labels at 0x000001A071BA2160>)
2026-01-30 00:41:58,880:INFO:Checking exceptions
2026-01-30 00:41:58,880:INFO:Preloading libraries
2026-01-30 00:41:58,880:INFO:Set up data.
2026-01-30 00:41:58,880:INFO:Set up index.
2026-01-30 00:42:05,681:INFO:Initializing predict_model()
2026-01-30 00:42:05,681:INFO:predict_model(self=<pycaret.classification.oop.ClassificationExperiment object at 0x000001A07182C550>, estimator=Pipeline(memory=Memory(location=None),
         steps=[('numerical_imputer',
                 TransformerWrapper(include=['credit_score', 'age', 'tenure',
                                             'balance', 'products_number',
                                             'estimated_salary',
                                             'balance_salary_ratio',
                                             'tenure_age_ratio',
                                             'credit_score_age_ratio',
                                             'balance_per_product'],
                                    transformer=SimpleImputer())),
                ('categorical_imputer',
                 TransformerWrapper(include=['gender'...
                                    transformer=OneHotEncoder(cols=['country'],
                                                              handle_missing='return_nan',
                                                              use_cat_names=True))),
                ('remove_multicollinearity',
                 TransformerWrapper(exclude=[],
                                    transformer=RemoveMulticollinearity(threshold=0.9))),
                ('balance',
                 TransformerWrapper(transformer=FixImbalancer(estimator=SMOTE(random_state=42)))),
                ('actual_estimator',
                 <catboost.core.CatBoostClassifier object at 0x000001A071810990>)]), probability_threshold=None, encoded_labels=False, raw_score=False, round=4, verbose=True, ml_usecase=None, preprocess=True, encode_labels=<function _SupervisedExperiment.predict_model.<locals>.encode_labels at 0x000001A071908860>)
2026-01-30 00:42:05,681:INFO:Checking exceptions
2026-01-30 00:42:05,681:INFO:Preloading libraries
2026-01-30 00:42:05,685:INFO:Set up data.
2026-01-30 00:42:05,687:INFO:Set up index.
2026-01-30 00:42:13,446:INFO:Initializing predict_model()
2026-01-30 00:42:13,446:INFO:predict_model(self=<pycaret.classification.oop.ClassificationExperiment object at 0x000001A0717FB190>, estimator=Pipeline(memory=Memory(location=None),
         steps=[('numerical_imputer',
                 TransformerWrapper(include=['credit_score', 'age', 'tenure',
                                             'balance', 'products_number',
                                             'estimated_salary',
                                             'balance_salary_ratio',
                                             'tenure_age_ratio',
                                             'credit_score_age_ratio',
                                             'balance_per_product'],
                                    transformer=SimpleImputer())),
                ('categorical_imputer',
                 TransformerWrapper(include=['gender'...
                                    transformer=OneHotEncoder(cols=['country'],
                                                              handle_missing='return_nan',
                                                              use_cat_names=True))),
                ('remove_multicollinearity',
                 TransformerWrapper(exclude=[],
                                    transformer=RemoveMulticollinearity(threshold=0.9))),
                ('balance',
                 TransformerWrapper(transformer=FixImbalancer(estimator=SMOTE(random_state=42)))),
                ('actual_estimator',
                 <catboost.core.CatBoostClassifier object at 0x000001A071810990>)]), probability_threshold=None, encoded_labels=False, raw_score=False, round=4, verbose=True, ml_usecase=None, preprocess=True, encode_labels=<function _SupervisedExperiment.predict_model.<locals>.encode_labels at 0x000001A071BA2480>)
2026-01-30 00:42:13,446:INFO:Checking exceptions
2026-01-30 00:42:13,446:INFO:Preloading libraries
2026-01-30 00:42:13,448:INFO:Set up data.
2026-01-30 00:42:13,452:INFO:Set up index.
2026-01-30 00:42:16,756:INFO:Initializing predict_model()
2026-01-30 00:42:16,756:INFO:predict_model(self=<pycaret.classification.oop.ClassificationExperiment object at 0x000001A071882050>, estimator=Pipeline(memory=Memory(location=None),
         steps=[('numerical_imputer',
                 TransformerWrapper(include=['credit_score', 'age', 'tenure',
                                             'balance', 'products_number',
                                             'estimated_salary',
                                             'balance_salary_ratio',
                                             'tenure_age_ratio',
                                             'credit_score_age_ratio',
                                             'balance_per_product'],
                                    transformer=SimpleImputer())),
                ('categorical_imputer',
                 TransformerWrapper(include=['gender'...
                                    transformer=OneHotEncoder(cols=['country'],
                                                              handle_missing='return_nan',
                                                              use_cat_names=True))),
                ('remove_multicollinearity',
                 TransformerWrapper(exclude=[],
                                    transformer=RemoveMulticollinearity(threshold=0.9))),
                ('balance',
                 TransformerWrapper(transformer=FixImbalancer(estimator=SMOTE(random_state=42)))),
                ('actual_estimator',
                 <catboost.core.CatBoostClassifier object at 0x000001A071810990>)]), probability_threshold=None, encoded_labels=False, raw_score=False, round=4, verbose=True, ml_usecase=None, preprocess=True, encode_labels=<function _SupervisedExperiment.predict_model.<locals>.encode_labels at 0x000001A027E980E0>)
2026-01-30 00:42:16,756:INFO:Checking exceptions
2026-01-30 00:42:16,756:INFO:Preloading libraries
2026-01-30 00:42:16,756:INFO:Set up data.
2026-01-30 00:42:16,756:INFO:Set up index.
2026-01-30 00:42:19,465:INFO:Initializing predict_model()
2026-01-30 00:42:19,465:INFO:predict_model(self=<pycaret.classification.oop.ClassificationExperiment object at 0x000001A07180C850>, estimator=Pipeline(memory=Memory(location=None),
         steps=[('numerical_imputer',
                 TransformerWrapper(include=['credit_score', 'age', 'tenure',
                                             'balance', 'products_number',
                                             'estimated_salary',
                                             'balance_salary_ratio',
                                             'tenure_age_ratio',
                                             'credit_score_age_ratio',
                                             'balance_per_product'],
                                    transformer=SimpleImputer())),
                ('categorical_imputer',
                 TransformerWrapper(include=['gender'...
                                    transformer=OneHotEncoder(cols=['country'],
                                                              handle_missing='return_nan',
                                                              use_cat_names=True))),
                ('remove_multicollinearity',
                 TransformerWrapper(exclude=[],
                                    transformer=RemoveMulticollinearity(threshold=0.9))),
                ('balance',
                 TransformerWrapper(transformer=FixImbalancer(estimator=SMOTE(random_state=42)))),
                ('actual_estimator',
                 <catboost.core.CatBoostClassifier object at 0x000001A071810990>)]), probability_threshold=None, encoded_labels=False, raw_score=False, round=4, verbose=True, ml_usecase=None, preprocess=True, encode_labels=<function _SupervisedExperiment.predict_model.<locals>.encode_labels at 0x000001A0278B82C0>)
2026-01-30 00:42:19,466:INFO:Checking exceptions
2026-01-30 00:42:19,466:INFO:Preloading libraries
2026-01-30 00:42:19,466:INFO:Set up data.
2026-01-30 00:42:19,470:INFO:Set up index.
2026-01-30 00:42:24,336:INFO:Initializing predict_model()
2026-01-30 00:42:24,336:INFO:predict_model(self=<pycaret.classification.oop.ClassificationExperiment object at 0x000001A07181D110>, estimator=Pipeline(memory=Memory(location=None),
         steps=[('numerical_imputer',
                 TransformerWrapper(include=['credit_score', 'age', 'tenure',
                                             'balance', 'products_number',
                                             'estimated_salary',
                                             'balance_salary_ratio',
                                             'tenure_age_ratio',
                                             'credit_score_age_ratio',
                                             'balance_per_product'],
                                    transformer=SimpleImputer())),
                ('categorical_imputer',
                 TransformerWrapper(include=['gender'...
                                    transformer=OneHotEncoder(cols=['country'],
                                                              handle_missing='return_nan',
                                                              use_cat_names=True))),
                ('remove_multicollinearity',
                 TransformerWrapper(exclude=[],
                                    transformer=RemoveMulticollinearity(threshold=0.9))),
                ('balance',
                 TransformerWrapper(transformer=FixImbalancer(estimator=SMOTE(random_state=42)))),
                ('actual_estimator',
                 <catboost.core.CatBoostClassifier object at 0x000001A071810990>)]), probability_threshold=None, encoded_labels=False, raw_score=False, round=4, verbose=True, ml_usecase=None, preprocess=True, encode_labels=<function _SupervisedExperiment.predict_model.<locals>.encode_labels at 0x000001A071BA1C60>)
2026-01-30 00:42:24,336:INFO:Checking exceptions
2026-01-30 00:42:24,336:INFO:Preloading libraries
2026-01-30 00:42:24,336:INFO:Set up data.
2026-01-30 00:42:24,336:INFO:Set up index.
2026-01-30 00:42:27,366:INFO:Initializing predict_model()
2026-01-30 00:42:27,366:INFO:predict_model(self=<pycaret.classification.oop.ClassificationExperiment object at 0x000001A071831090>, estimator=Pipeline(memory=Memory(location=None),
         steps=[('numerical_imputer',
                 TransformerWrapper(include=['credit_score', 'age', 'tenure',
                                             'balance', 'products_number',
                                             'estimated_salary',
                                             'balance_salary_ratio',
                                             'tenure_age_ratio',
                                             'credit_score_age_ratio',
                                             'balance_per_product'],
                                    transformer=SimpleImputer())),
                ('categorical_imputer',
                 TransformerWrapper(include=['gender'...
                                    transformer=OneHotEncoder(cols=['country'],
                                                              handle_missing='return_nan',
                                                              use_cat_names=True))),
                ('remove_multicollinearity',
                 TransformerWrapper(exclude=[],
                                    transformer=RemoveMulticollinearity(threshold=0.9))),
                ('balance',
                 TransformerWrapper(transformer=FixImbalancer(estimator=SMOTE(random_state=42)))),
                ('actual_estimator',
                 <catboost.core.CatBoostClassifier object at 0x000001A071810990>)]), probability_threshold=None, encoded_labels=False, raw_score=False, round=4, verbose=True, ml_usecase=None, preprocess=True, encode_labels=<function _SupervisedExperiment.predict_model.<locals>.encode_labels at 0x000001A071BA27A0>)
2026-01-30 00:42:27,366:INFO:Checking exceptions
2026-01-30 00:42:27,366:INFO:Preloading libraries
2026-01-30 00:42:27,366:INFO:Set up data.
2026-01-30 00:42:27,370:INFO:Set up index.
2026-01-30 00:42:30,539:INFO:Initializing predict_model()
2026-01-30 00:42:30,539:INFO:predict_model(self=<pycaret.classification.oop.ClassificationExperiment object at 0x000001A071884410>, estimator=Pipeline(memory=Memory(location=None),
         steps=[('numerical_imputer',
                 TransformerWrapper(include=['credit_score', 'age', 'tenure',
                                             'balance', 'products_number',
                                             'estimated_salary',
                                             'balance_salary_ratio',
                                             'tenure_age_ratio',
                                             'credit_score_age_ratio',
                                             'balance_per_product'],
                                    transformer=SimpleImputer())),
                ('categorical_imputer',
                 TransformerWrapper(include=['gender'...
                                    transformer=OneHotEncoder(cols=['country'],
                                                              handle_missing='return_nan',
                                                              use_cat_names=True))),
                ('remove_multicollinearity',
                 TransformerWrapper(exclude=[],
                                    transformer=RemoveMulticollinearity(threshold=0.9))),
                ('balance',
                 TransformerWrapper(transformer=FixImbalancer(estimator=SMOTE(random_state=42)))),
                ('actual_estimator',
                 <catboost.core.CatBoostClassifier object at 0x000001A071810990>)]), probability_threshold=None, encoded_labels=False, raw_score=False, round=4, verbose=True, ml_usecase=None, preprocess=True, encode_labels=<function _SupervisedExperiment.predict_model.<locals>.encode_labels at 0x000001A02B18ED40>)
2026-01-30 00:42:30,539:INFO:Checking exceptions
2026-01-30 00:42:30,539:INFO:Preloading libraries
2026-01-30 00:42:30,539:INFO:Set up data.
2026-01-30 00:42:30,541:INFO:Set up index.
2026-01-30 00:42:34,846:INFO:Initializing predict_model()
2026-01-30 00:42:34,846:INFO:predict_model(self=<pycaret.classification.oop.ClassificationExperiment object at 0x000001A071BFD290>, estimator=Pipeline(memory=Memory(location=None),
         steps=[('numerical_imputer',
                 TransformerWrapper(include=['credit_score', 'age', 'tenure',
                                             'balance', 'products_number',
                                             'estimated_salary',
                                             'balance_salary_ratio',
                                             'tenure_age_ratio',
                                             'credit_score_age_ratio',
                                             'balance_per_product'],
                                    transformer=SimpleImputer())),
                ('categorical_imputer',
                 TransformerWrapper(include=['gender'...
                                    transformer=OneHotEncoder(cols=['country'],
                                                              handle_missing='return_nan',
                                                              use_cat_names=True))),
                ('remove_multicollinearity',
                 TransformerWrapper(exclude=[],
                                    transformer=RemoveMulticollinearity(threshold=0.9))),
                ('balance',
                 TransformerWrapper(transformer=FixImbalancer(estimator=SMOTE(random_state=42)))),
                ('actual_estimator',
                 <catboost.core.CatBoostClassifier object at 0x000001A071810990>)]), probability_threshold=None, encoded_labels=False, raw_score=False, round=4, verbose=True, ml_usecase=None, preprocess=True, encode_labels=<function _SupervisedExperiment.predict_model.<locals>.encode_labels at 0x000001A0713277E0>)
2026-01-30 00:42:34,846:INFO:Checking exceptions
2026-01-30 00:42:34,846:INFO:Preloading libraries
2026-01-30 00:42:34,846:INFO:Set up data.
2026-01-30 00:42:34,850:INFO:Set up index.
2026-01-30 00:42:42,166:INFO:Initializing predict_model()
2026-01-30 00:42:42,166:INFO:predict_model(self=<pycaret.classification.oop.ClassificationExperiment object at 0x000001A0718316D0>, estimator=Pipeline(memory=Memory(location=None),
         steps=[('numerical_imputer',
                 TransformerWrapper(include=['credit_score', 'age', 'tenure',
                                             'balance', 'products_number',
                                             'estimated_salary',
                                             'balance_salary_ratio',
                                             'tenure_age_ratio',
                                             'credit_score_age_ratio',
                                             'balance_per_product'],
                                    transformer=SimpleImputer())),
                ('categorical_imputer',
                 TransformerWrapper(include=['gender'...
                                    transformer=OneHotEncoder(cols=['country'],
                                                              handle_missing='return_nan',
                                                              use_cat_names=True))),
                ('remove_multicollinearity',
                 TransformerWrapper(exclude=[],
                                    transformer=RemoveMulticollinearity(threshold=0.9))),
                ('balance',
                 TransformerWrapper(transformer=FixImbalancer(estimator=SMOTE(random_state=42)))),
                ('actual_estimator',
                 <catboost.core.CatBoostClassifier object at 0x000001A071810990>)]), probability_threshold=None, encoded_labels=False, raw_score=False, round=4, verbose=True, ml_usecase=None, preprocess=True, encode_labels=<function _SupervisedExperiment.predict_model.<locals>.encode_labels at 0x000001A071BA27A0>)
2026-01-30 00:42:42,166:INFO:Checking exceptions
2026-01-30 00:42:42,166:INFO:Preloading libraries
2026-01-30 00:42:42,166:INFO:Set up data.
2026-01-30 00:42:42,172:INFO:Set up index.
2026-01-30 00:42:50,192:INFO:Initializing predict_model()
2026-01-30 00:42:50,192:INFO:predict_model(self=<pycaret.classification.oop.ClassificationExperiment object at 0x000001A0717FCC10>, estimator=Pipeline(memory=Memory(location=None),
         steps=[('numerical_imputer',
                 TransformerWrapper(include=['credit_score', 'age', 'tenure',
                                             'balance', 'products_number',
                                             'estimated_salary',
                                             'balance_salary_ratio',
                                             'tenure_age_ratio',
                                             'credit_score_age_ratio',
                                             'balance_per_product'],
                                    transformer=SimpleImputer())),
                ('categorical_imputer',
                 TransformerWrapper(include=['gender'...
                                    transformer=OneHotEncoder(cols=['country'],
                                                              handle_missing='return_nan',
                                                              use_cat_names=True))),
                ('remove_multicollinearity',
                 TransformerWrapper(exclude=[],
                                    transformer=RemoveMulticollinearity(threshold=0.9))),
                ('balance',
                 TransformerWrapper(transformer=FixImbalancer(estimator=SMOTE(random_state=42)))),
                ('actual_estimator',
                 <catboost.core.CatBoostClassifier object at 0x000001A071810990>)]), probability_threshold=None, encoded_labels=False, raw_score=False, round=4, verbose=True, ml_usecase=None, preprocess=True, encode_labels=<function _SupervisedExperiment.predict_model.<locals>.encode_labels at 0x000001A071BA2DE0>)
2026-01-30 00:42:50,192:INFO:Checking exceptions
2026-01-30 00:42:50,192:INFO:Preloading libraries
2026-01-30 00:42:50,192:INFO:Set up data.
2026-01-30 00:42:50,196:INFO:Set up index.
2026-01-30 00:42:56,246:INFO:Initializing predict_model()
2026-01-30 00:42:56,246:INFO:predict_model(self=<pycaret.classification.oop.ClassificationExperiment object at 0x000001A07182CF50>, estimator=Pipeline(memory=Memory(location=None),
         steps=[('numerical_imputer',
                 TransformerWrapper(include=['credit_score', 'age', 'tenure',
                                             'balance', 'products_number',
                                             'estimated_salary',
                                             'balance_salary_ratio',
                                             'tenure_age_ratio',
                                             'credit_score_age_ratio',
                                             'balance_per_product'],
                                    transformer=SimpleImputer())),
                ('categorical_imputer',
                 TransformerWrapper(include=['gender'...
                                    transformer=OneHotEncoder(cols=['country'],
                                                              handle_missing='return_nan',
                                                              use_cat_names=True))),
                ('remove_multicollinearity',
                 TransformerWrapper(exclude=[],
                                    transformer=RemoveMulticollinearity(threshold=0.9))),
                ('balance',
                 TransformerWrapper(transformer=FixImbalancer(estimator=SMOTE(random_state=42)))),
                ('actual_estimator',
                 <catboost.core.CatBoostClassifier object at 0x000001A071810990>)]), probability_threshold=None, encoded_labels=False, raw_score=False, round=4, verbose=True, ml_usecase=None, preprocess=True, encode_labels=<function _SupervisedExperiment.predict_model.<locals>.encode_labels at 0x000001A071842D40>)
2026-01-30 00:42:56,246:INFO:Checking exceptions
2026-01-30 00:42:56,246:INFO:Preloading libraries
2026-01-30 00:42:56,246:INFO:Set up data.
2026-01-30 00:42:56,253:INFO:Set up index.
2026-01-30 00:43:00,624:INFO:Initializing predict_model()
2026-01-30 00:43:00,624:INFO:predict_model(self=<pycaret.classification.oop.ClassificationExperiment object at 0x000001A07181F8D0>, estimator=Pipeline(memory=Memory(location=None),
         steps=[('numerical_imputer',
                 TransformerWrapper(include=['credit_score', 'age', 'tenure',
                                             'balance', 'products_number',
                                             'estimated_salary',
                                             'balance_salary_ratio',
                                             'tenure_age_ratio',
                                             'credit_score_age_ratio',
                                             'balance_per_product'],
                                    transformer=SimpleImputer())),
                ('categorical_imputer',
                 TransformerWrapper(include=['gender'...
                                    transformer=OneHotEncoder(cols=['country'],
                                                              handle_missing='return_nan',
                                                              use_cat_names=True))),
                ('remove_multicollinearity',
                 TransformerWrapper(exclude=[],
                                    transformer=RemoveMulticollinearity(threshold=0.9))),
                ('balance',
                 TransformerWrapper(transformer=FixImbalancer(estimator=SMOTE(random_state=42)))),
                ('actual_estimator',
                 <catboost.core.CatBoostClassifier object at 0x000001A071810990>)]), probability_threshold=None, encoded_labels=False, raw_score=False, round=4, verbose=True, ml_usecase=None, preprocess=True, encode_labels=<function _SupervisedExperiment.predict_model.<locals>.encode_labels at 0x000001A071BA3100>)
2026-01-30 00:43:00,624:INFO:Checking exceptions
2026-01-30 00:43:00,624:INFO:Preloading libraries
2026-01-30 00:43:00,624:INFO:Set up data.
2026-01-30 00:43:00,626:INFO:Set up index.
2026-01-30 00:43:04,551:INFO:Initializing predict_model()
2026-01-30 00:43:04,556:INFO:predict_model(self=<pycaret.classification.oop.ClassificationExperiment object at 0x000001A0712897D0>, estimator=Pipeline(memory=Memory(location=None),
         steps=[('numerical_imputer',
                 TransformerWrapper(include=['credit_score', 'age', 'tenure',
                                             'balance', 'products_number',
                                             'estimated_salary',
                                             'balance_salary_ratio',
                                             'tenure_age_ratio',
                                             'credit_score_age_ratio',
                                             'balance_per_product'],
                                    transformer=SimpleImputer())),
                ('categorical_imputer',
                 TransformerWrapper(include=['gender'...
                                    transformer=OneHotEncoder(cols=['country'],
                                                              handle_missing='return_nan',
                                                              use_cat_names=True))),
                ('remove_multicollinearity',
                 TransformerWrapper(exclude=[],
                                    transformer=RemoveMulticollinearity(threshold=0.9))),
                ('balance',
                 TransformerWrapper(transformer=FixImbalancer(estimator=SMOTE(random_state=42)))),
                ('actual_estimator',
                 <catboost.core.CatBoostClassifier object at 0x000001A071810990>)]), probability_threshold=None, encoded_labels=False, raw_score=False, round=4, verbose=True, ml_usecase=None, preprocess=True, encode_labels=<function _SupervisedExperiment.predict_model.<locals>.encode_labels at 0x000001A071BA2480>)
2026-01-30 00:43:04,556:INFO:Checking exceptions
2026-01-30 00:43:04,556:INFO:Preloading libraries
2026-01-30 00:43:04,556:INFO:Set up data.
2026-01-30 00:43:04,561:INFO:Set up index.
2026-01-30 00:43:08,626:INFO:Initializing predict_model()
2026-01-30 00:43:08,626:INFO:predict_model(self=<pycaret.classification.oop.ClassificationExperiment object at 0x000001A071833150>, estimator=Pipeline(memory=Memory(location=None),
         steps=[('numerical_imputer',
                 TransformerWrapper(include=['credit_score', 'age', 'tenure',
                                             'balance', 'products_number',
                                             'estimated_salary',
                                             'balance_salary_ratio',
                                             'tenure_age_ratio',
                                             'credit_score_age_ratio',
                                             'balance_per_product'],
                                    transformer=SimpleImputer())),
                ('categorical_imputer',
                 TransformerWrapper(include=['gender'...
                                    transformer=OneHotEncoder(cols=['country'],
                                                              handle_missing='return_nan',
                                                              use_cat_names=True))),
                ('remove_multicollinearity',
                 TransformerWrapper(exclude=[],
                                    transformer=RemoveMulticollinearity(threshold=0.9))),
                ('balance',
                 TransformerWrapper(transformer=FixImbalancer(estimator=SMOTE(random_state=42)))),
                ('actual_estimator',
                 <catboost.core.CatBoostClassifier object at 0x000001A071810990>)]), probability_threshold=None, encoded_labels=False, raw_score=False, round=4, verbose=True, ml_usecase=None, preprocess=True, encode_labels=<function _SupervisedExperiment.predict_model.<locals>.encode_labels at 0x000001A071BA3880>)
2026-01-30 00:43:08,626:INFO:Checking exceptions
2026-01-30 00:43:08,626:INFO:Preloading libraries
2026-01-30 00:43:08,626:INFO:Set up data.
2026-01-30 00:43:08,628:INFO:Set up index.
2026-01-30 00:43:13,891:INFO:Initializing predict_model()
2026-01-30 00:43:13,891:INFO:predict_model(self=<pycaret.classification.oop.ClassificationExperiment object at 0x000001A07181F3D0>, estimator=Pipeline(memory=Memory(location=None),
         steps=[('numerical_imputer',
                 TransformerWrapper(include=['credit_score', 'age', 'tenure',
                                             'balance', 'products_number',
                                             'estimated_salary',
                                             'balance_salary_ratio',
                                             'tenure_age_ratio',
                                             'credit_score_age_ratio',
                                             'balance_per_product'],
                                    transformer=SimpleImputer())),
                ('categorical_imputer',
                 TransformerWrapper(include=['gender'...
                                    transformer=OneHotEncoder(cols=['country'],
                                                              handle_missing='return_nan',
                                                              use_cat_names=True))),
                ('remove_multicollinearity',
                 TransformerWrapper(exclude=[],
                                    transformer=RemoveMulticollinearity(threshold=0.9))),
                ('balance',
                 TransformerWrapper(transformer=FixImbalancer(estimator=SMOTE(random_state=42)))),
                ('actual_estimator',
                 <catboost.core.CatBoostClassifier object at 0x000001A071810990>)]), probability_threshold=None, encoded_labels=False, raw_score=False, round=4, verbose=True, ml_usecase=None, preprocess=True, encode_labels=<function _SupervisedExperiment.predict_model.<locals>.encode_labels at 0x000001A071BA3EC0>)
2026-01-30 00:43:13,891:INFO:Checking exceptions
2026-01-30 00:43:13,891:INFO:Preloading libraries
2026-01-30 00:43:13,891:INFO:Set up data.
2026-01-30 00:43:13,898:INFO:Set up index.
2026-01-30 00:44:19,173:INFO:Initializing load_model()
2026-01-30 00:44:19,174:INFO:load_model(model_name=models/catboost_classifier_model, platform=None, authentication=None, verbose=True)
2026-01-30 00:44:26,662:INFO:Initializing predict_model()
2026-01-30 00:44:26,662:INFO:predict_model(self=<pycaret.classification.oop.ClassificationExperiment object at 0x000001A071C7BED0>, estimator=Pipeline(memory=Memory(location=None),
         steps=[('numerical_imputer',
                 TransformerWrapper(include=['credit_score', 'age', 'tenure',
                                             'balance', 'products_number',
                                             'estimated_salary',
                                             'balance_salary_ratio',
                                             'tenure_age_ratio',
                                             'credit_score_age_ratio',
                                             'balance_per_product'],
                                    transformer=SimpleImputer())),
                ('categorical_imputer',
                 TransformerWrapper(include=['gender'...
                                    transformer=OneHotEncoder(cols=['country'],
                                                              handle_missing='return_nan',
                                                              use_cat_names=True))),
                ('remove_multicollinearity',
                 TransformerWrapper(exclude=[],
                                    transformer=RemoveMulticollinearity(threshold=0.9))),
                ('balance',
                 TransformerWrapper(transformer=FixImbalancer(estimator=SMOTE(random_state=42)))),
                ('actual_estimator',
                 <catboost.core.CatBoostClassifier object at 0x000001A071289350>)]), probability_threshold=None, encoded_labels=False, raw_score=False, round=4, verbose=True, ml_usecase=None, preprocess=True, encode_labels=<function _SupervisedExperiment.predict_model.<locals>.encode_labels at 0x000001A071BA2480>)
2026-01-30 00:44:26,662:INFO:Checking exceptions
2026-01-30 00:44:26,662:INFO:Preloading libraries
2026-01-30 00:44:26,662:INFO:Set up data.
2026-01-30 00:44:26,662:INFO:Set up index.
2026-01-30 00:44:32,174:INFO:Initializing predict_model()
2026-01-30 00:44:32,174:INFO:predict_model(self=<pycaret.classification.oop.ClassificationExperiment object at 0x000001A071C6E250>, estimator=Pipeline(memory=Memory(location=None),
         steps=[('numerical_imputer',
                 TransformerWrapper(include=['credit_score', 'age', 'tenure',
                                             'balance', 'products_number',
                                             'estimated_salary',
                                             'balance_salary_ratio',
                                             'tenure_age_ratio',
                                             'credit_score_age_ratio',
                                             'balance_per_product'],
                                    transformer=SimpleImputer())),
                ('categorical_imputer',
                 TransformerWrapper(include=['gender'...
                                    transformer=OneHotEncoder(cols=['country'],
                                                              handle_missing='return_nan',
                                                              use_cat_names=True))),
                ('remove_multicollinearity',
                 TransformerWrapper(exclude=[],
                                    transformer=RemoveMulticollinearity(threshold=0.9))),
                ('balance',
                 TransformerWrapper(transformer=FixImbalancer(estimator=SMOTE(random_state=42)))),
                ('actual_estimator',
                 <catboost.core.CatBoostClassifier object at 0x000001A071289350>)]), probability_threshold=None, encoded_labels=False, raw_score=False, round=4, verbose=True, ml_usecase=None, preprocess=True, encode_labels=<function _SupervisedExperiment.predict_model.<locals>.encode_labels at 0x000001A071BA1C60>)
2026-01-30 00:44:32,174:INFO:Checking exceptions
2026-01-30 00:44:32,174:INFO:Preloading libraries
2026-01-30 00:44:32,174:INFO:Set up data.
2026-01-30 00:44:32,182:INFO:Set up index.
2026-01-30 00:44:36,662:INFO:Initializing predict_model()
2026-01-30 00:44:36,662:INFO:predict_model(self=<pycaret.classification.oop.ClassificationExperiment object at 0x000001A071BDE490>, estimator=Pipeline(memory=Memory(location=None),
         steps=[('numerical_imputer',
                 TransformerWrapper(include=['credit_score', 'age', 'tenure',
                                             'balance', 'products_number',
                                             'estimated_salary',
                                             'balance_salary_ratio',
                                             'tenure_age_ratio',
                                             'credit_score_age_ratio',
                                             'balance_per_product'],
                                    transformer=SimpleImputer())),
                ('categorical_imputer',
                 TransformerWrapper(include=['gender'...
                                    transformer=OneHotEncoder(cols=['country'],
                                                              handle_missing='return_nan',
                                                              use_cat_names=True))),
                ('remove_multicollinearity',
                 TransformerWrapper(exclude=[],
                                    transformer=RemoveMulticollinearity(threshold=0.9))),
                ('balance',
                 TransformerWrapper(transformer=FixImbalancer(estimator=SMOTE(random_state=42)))),
                ('actual_estimator',
                 <catboost.core.CatBoostClassifier object at 0x000001A071289350>)]), probability_threshold=None, encoded_labels=False, raw_score=False, round=4, verbose=True, ml_usecase=None, preprocess=True, encode_labels=<function _SupervisedExperiment.predict_model.<locals>.encode_labels at 0x000001A02B18ED40>)
2026-01-30 00:44:36,662:INFO:Checking exceptions
2026-01-30 00:44:36,662:INFO:Preloading libraries
2026-01-30 00:44:36,662:INFO:Set up data.
2026-01-30 00:44:36,668:INFO:Set up index.
2026-01-30 00:45:04,098:INFO:Initializing predict_model()
2026-01-30 00:45:04,098:INFO:predict_model(self=<pycaret.classification.oop.ClassificationExperiment object at 0x000001A071BDC110>, estimator=Pipeline(memory=Memory(location=None),
         steps=[('numerical_imputer',
                 TransformerWrapper(include=['credit_score', 'age', 'tenure',
                                             'balance', 'products_number',
                                             'estimated_salary',
                                             'balance_salary_ratio',
                                             'tenure_age_ratio',
                                             'credit_score_age_ratio',
                                             'balance_per_product'],
                                    transformer=SimpleImputer())),
                ('categorical_imputer',
                 TransformerWrapper(include=['gender'...
                                    transformer=OneHotEncoder(cols=['country'],
                                                              handle_missing='return_nan',
                                                              use_cat_names=True))),
                ('remove_multicollinearity',
                 TransformerWrapper(exclude=[],
                                    transformer=RemoveMulticollinearity(threshold=0.9))),
                ('balance',
                 TransformerWrapper(transformer=FixImbalancer(estimator=SMOTE(random_state=42)))),
                ('actual_estimator',
                 <catboost.core.CatBoostClassifier object at 0x000001A071289350>)]), probability_threshold=None, encoded_labels=False, raw_score=False, round=4, verbose=True, ml_usecase=None, preprocess=True, encode_labels=<function _SupervisedExperiment.predict_model.<locals>.encode_labels at 0x000001A071BA2E80>)
2026-01-30 00:45:04,098:INFO:Checking exceptions
2026-01-30 00:45:04,098:INFO:Preloading libraries
2026-01-30 00:45:04,098:INFO:Set up data.
2026-01-30 00:45:04,102:INFO:Set up index.
2026-01-30 00:45:10,397:INFO:Initializing predict_model()
2026-01-30 00:45:10,397:INFO:predict_model(self=<pycaret.classification.oop.ClassificationExperiment object at 0x000001A071BDEAD0>, estimator=Pipeline(memory=Memory(location=None),
         steps=[('numerical_imputer',
                 TransformerWrapper(include=['credit_score', 'age', 'tenure',
                                             'balance', 'products_number',
                                             'estimated_salary',
                                             'balance_salary_ratio',
                                             'tenure_age_ratio',
                                             'credit_score_age_ratio',
                                             'balance_per_product'],
                                    transformer=SimpleImputer())),
                ('categorical_imputer',
                 TransformerWrapper(include=['gender'...
                                    transformer=OneHotEncoder(cols=['country'],
                                                              handle_missing='return_nan',
                                                              use_cat_names=True))),
                ('remove_multicollinearity',
                 TransformerWrapper(exclude=[],
                                    transformer=RemoveMulticollinearity(threshold=0.9))),
                ('balance',
                 TransformerWrapper(transformer=FixImbalancer(estimator=SMOTE(random_state=42)))),
                ('actual_estimator',
                 <catboost.core.CatBoostClassifier object at 0x000001A071289350>)]), probability_threshold=None, encoded_labels=False, raw_score=False, round=4, verbose=True, ml_usecase=None, preprocess=True, encode_labels=<function _SupervisedExperiment.predict_model.<locals>.encode_labels at 0x000001A071B5F600>)
2026-01-30 00:45:10,397:INFO:Checking exceptions
2026-01-30 00:45:10,397:INFO:Preloading libraries
2026-01-30 00:45:10,397:INFO:Set up data.
2026-01-30 00:45:10,402:INFO:Set up index.
2026-01-30 00:45:15,592:INFO:Initializing predict_model()
2026-01-30 00:45:15,592:INFO:predict_model(self=<pycaret.classification.oop.ClassificationExperiment object at 0x000001A071BDE290>, estimator=Pipeline(memory=Memory(location=None),
         steps=[('numerical_imputer',
                 TransformerWrapper(include=['credit_score', 'age', 'tenure',
                                             'balance', 'products_number',
                                             'estimated_salary',
                                             'balance_salary_ratio',
                                             'tenure_age_ratio',
                                             'credit_score_age_ratio',
                                             'balance_per_product'],
                                    transformer=SimpleImputer())),
                ('categorical_imputer',
                 TransformerWrapper(include=['gender'...
                                    transformer=OneHotEncoder(cols=['country'],
                                                              handle_missing='return_nan',
                                                              use_cat_names=True))),
                ('remove_multicollinearity',
                 TransformerWrapper(exclude=[],
                                    transformer=RemoveMulticollinearity(threshold=0.9))),
                ('balance',
                 TransformerWrapper(transformer=FixImbalancer(estimator=SMOTE(random_state=42)))),
                ('actual_estimator',
                 <catboost.core.CatBoostClassifier object at 0x000001A071289350>)]), probability_threshold=None, encoded_labels=False, raw_score=False, round=4, verbose=True, ml_usecase=None, preprocess=True, encode_labels=<function _SupervisedExperiment.predict_model.<locals>.encode_labels at 0x000001A071BA2DE0>)
2026-01-30 00:45:15,592:INFO:Checking exceptions
2026-01-30 00:45:15,592:INFO:Preloading libraries
2026-01-30 00:45:15,592:INFO:Set up data.
2026-01-30 00:45:15,601:INFO:Set up index.
2026-01-30 00:45:19,722:INFO:Initializing predict_model()
2026-01-30 00:45:19,722:INFO:predict_model(self=<pycaret.classification.oop.ClassificationExperiment object at 0x000001A071C419D0>, estimator=Pipeline(memory=Memory(location=None),
         steps=[('numerical_imputer',
                 TransformerWrapper(include=['credit_score', 'age', 'tenure',
                                             'balance', 'products_number',
                                             'estimated_salary',
                                             'balance_salary_ratio',
                                             'tenure_age_ratio',
                                             'credit_score_age_ratio',
                                             'balance_per_product'],
                                    transformer=SimpleImputer())),
                ('categorical_imputer',
                 TransformerWrapper(include=['gender'...
                                    transformer=OneHotEncoder(cols=['country'],
                                                              handle_missing='return_nan',
                                                              use_cat_names=True))),
                ('remove_multicollinearity',
                 TransformerWrapper(exclude=[],
                                    transformer=RemoveMulticollinearity(threshold=0.9))),
                ('balance',
                 TransformerWrapper(transformer=FixImbalancer(estimator=SMOTE(random_state=42)))),
                ('actual_estimator',
                 <catboost.core.CatBoostClassifier object at 0x000001A071289350>)]), probability_threshold=None, encoded_labels=False, raw_score=False, round=4, verbose=True, ml_usecase=None, preprocess=True, encode_labels=<function _SupervisedExperiment.predict_model.<locals>.encode_labels at 0x000001A02B18CE00>)
2026-01-30 00:45:19,722:INFO:Checking exceptions
2026-01-30 00:45:19,722:INFO:Preloading libraries
2026-01-30 00:45:19,722:INFO:Set up data.
2026-01-30 00:45:19,722:INFO:Set up index.
2026-01-30 00:45:23,622:INFO:Initializing predict_model()
2026-01-30 00:45:23,622:INFO:predict_model(self=<pycaret.classification.oop.ClassificationExperiment object at 0x000001A0718842D0>, estimator=Pipeline(memory=Memory(location=None),
         steps=[('numerical_imputer',
                 TransformerWrapper(include=['credit_score', 'age', 'tenure',
                                             'balance', 'products_number',
                                             'estimated_salary',
                                             'balance_salary_ratio',
                                             'tenure_age_ratio',
                                             'credit_score_age_ratio',
                                             'balance_per_product'],
                                    transformer=SimpleImputer())),
                ('categorical_imputer',
                 TransformerWrapper(include=['gender'...
                                    transformer=OneHotEncoder(cols=['country'],
                                                              handle_missing='return_nan',
                                                              use_cat_names=True))),
                ('remove_multicollinearity',
                 TransformerWrapper(exclude=[],
                                    transformer=RemoveMulticollinearity(threshold=0.9))),
                ('balance',
                 TransformerWrapper(transformer=FixImbalancer(estimator=SMOTE(random_state=42)))),
                ('actual_estimator',
                 <catboost.core.CatBoostClassifier object at 0x000001A071289350>)]), probability_threshold=None, encoded_labels=False, raw_score=False, round=4, verbose=True, ml_usecase=None, preprocess=True, encode_labels=<function _SupervisedExperiment.predict_model.<locals>.encode_labels at 0x000001A071BA2700>)
2026-01-30 00:45:23,622:INFO:Checking exceptions
2026-01-30 00:45:23,622:INFO:Preloading libraries
2026-01-30 00:45:23,623:INFO:Set up data.
2026-01-30 00:45:23,624:INFO:Set up index.
2026-01-30 00:45:26,538:INFO:Initializing predict_model()
2026-01-30 00:45:26,538:INFO:predict_model(self=<pycaret.classification.oop.ClassificationExperiment object at 0x000001A071C40610>, estimator=Pipeline(memory=Memory(location=None),
         steps=[('numerical_imputer',
                 TransformerWrapper(include=['credit_score', 'age', 'tenure',
                                             'balance', 'products_number',
                                             'estimated_salary',
                                             'balance_salary_ratio',
                                             'tenure_age_ratio',
                                             'credit_score_age_ratio',
                                             'balance_per_product'],
                                    transformer=SimpleImputer())),
                ('categorical_imputer',
                 TransformerWrapper(include=['gender'...
                                    transformer=OneHotEncoder(cols=['country'],
                                                              handle_missing='return_nan',
                                                              use_cat_names=True))),
                ('remove_multicollinearity',
                 TransformerWrapper(exclude=[],
                                    transformer=RemoveMulticollinearity(threshold=0.9))),
                ('balance',
                 TransformerWrapper(transformer=FixImbalancer(estimator=SMOTE(random_state=42)))),
                ('actual_estimator',
                 <catboost.core.CatBoostClassifier object at 0x000001A071289350>)]), probability_threshold=None, encoded_labels=False, raw_score=False, round=4, verbose=True, ml_usecase=None, preprocess=True, encode_labels=<function _SupervisedExperiment.predict_model.<locals>.encode_labels at 0x000001A027B7C180>)
2026-01-30 00:45:26,538:INFO:Checking exceptions
2026-01-30 00:45:26,538:INFO:Preloading libraries
2026-01-30 00:45:26,538:INFO:Set up data.
2026-01-30 00:45:26,538:INFO:Set up index.
2026-01-30 00:45:31,083:INFO:Initializing predict_model()
2026-01-30 00:45:31,083:INFO:predict_model(self=<pycaret.classification.oop.ClassificationExperiment object at 0x000001A071BDE0D0>, estimator=Pipeline(memory=Memory(location=None),
         steps=[('numerical_imputer',
                 TransformerWrapper(include=['credit_score', 'age', 'tenure',
                                             'balance', 'products_number',
                                             'estimated_salary',
                                             'balance_salary_ratio',
                                             'tenure_age_ratio',
                                             'credit_score_age_ratio',
                                             'balance_per_product'],
                                    transformer=SimpleImputer())),
                ('categorical_imputer',
                 TransformerWrapper(include=['gender'...
                                    transformer=OneHotEncoder(cols=['country'],
                                                              handle_missing='return_nan',
                                                              use_cat_names=True))),
                ('remove_multicollinearity',
                 TransformerWrapper(exclude=[],
                                    transformer=RemoveMulticollinearity(threshold=0.9))),
                ('balance',
                 TransformerWrapper(transformer=FixImbalancer(estimator=SMOTE(random_state=42)))),
                ('actual_estimator',
                 <catboost.core.CatBoostClassifier object at 0x000001A071289350>)]), probability_threshold=None, encoded_labels=False, raw_score=False, round=4, verbose=True, ml_usecase=None, preprocess=True, encode_labels=<function _SupervisedExperiment.predict_model.<locals>.encode_labels at 0x000001A071BA27A0>)
2026-01-30 00:45:31,083:INFO:Checking exceptions
2026-01-30 00:45:31,083:INFO:Preloading libraries
2026-01-30 00:45:31,083:INFO:Set up data.
2026-01-30 00:45:31,089:INFO:Set up index.
2026-01-30 00:45:37,302:INFO:Initializing predict_model()
2026-01-30 00:45:37,302:INFO:predict_model(self=<pycaret.classification.oop.ClassificationExperiment object at 0x000001A071C0BD90>, estimator=Pipeline(memory=Memory(location=None),
         steps=[('numerical_imputer',
                 TransformerWrapper(include=['credit_score', 'age', 'tenure',
                                             'balance', 'products_number',
                                             'estimated_salary',
                                             'balance_salary_ratio',
                                             'tenure_age_ratio',
                                             'credit_score_age_ratio',
                                             'balance_per_product'],
                                    transformer=SimpleImputer())),
                ('categorical_imputer',
                 TransformerWrapper(include=['gender'...
                                    transformer=OneHotEncoder(cols=['country'],
                                                              handle_missing='return_nan',
                                                              use_cat_names=True))),
                ('remove_multicollinearity',
                 TransformerWrapper(exclude=[],
                                    transformer=RemoveMulticollinearity(threshold=0.9))),
                ('balance',
                 TransformerWrapper(transformer=FixImbalancer(estimator=SMOTE(random_state=42)))),
                ('actual_estimator',
                 <catboost.core.CatBoostClassifier object at 0x000001A071289350>)]), probability_threshold=None, encoded_labels=False, raw_score=False, round=4, verbose=True, ml_usecase=None, preprocess=True, encode_labels=<function _SupervisedExperiment.predict_model.<locals>.encode_labels at 0x000001A071BA3100>)
2026-01-30 00:45:37,302:INFO:Checking exceptions
2026-01-30 00:45:37,302:INFO:Preloading libraries
2026-01-30 00:45:37,302:INFO:Set up data.
2026-01-30 00:45:37,312:INFO:Set up index.
2026-01-30 00:45:42,883:INFO:Initializing predict_model()
2026-01-30 00:45:42,883:INFO:predict_model(self=<pycaret.classification.oop.ClassificationExperiment object at 0x000001A071C42950>, estimator=Pipeline(memory=Memory(location=None),
         steps=[('numerical_imputer',
                 TransformerWrapper(include=['credit_score', 'age', 'tenure',
                                             'balance', 'products_number',
                                             'estimated_salary',
                                             'balance_salary_ratio',
                                             'tenure_age_ratio',
                                             'credit_score_age_ratio',
                                             'balance_per_product'],
                                    transformer=SimpleImputer())),
                ('categorical_imputer',
                 TransformerWrapper(include=['gender'...
                                    transformer=OneHotEncoder(cols=['country'],
                                                              handle_missing='return_nan',
                                                              use_cat_names=True))),
                ('remove_multicollinearity',
                 TransformerWrapper(exclude=[],
                                    transformer=RemoveMulticollinearity(threshold=0.9))),
                ('balance',
                 TransformerWrapper(transformer=FixImbalancer(estimator=SMOTE(random_state=42)))),
                ('actual_estimator',
                 <catboost.core.CatBoostClassifier object at 0x000001A071289350>)]), probability_threshold=None, encoded_labels=False, raw_score=False, round=4, verbose=True, ml_usecase=None, preprocess=True, encode_labels=<function _SupervisedExperiment.predict_model.<locals>.encode_labels at 0x000001A071BA2A20>)
2026-01-30 00:45:42,883:INFO:Checking exceptions
2026-01-30 00:45:42,883:INFO:Preloading libraries
2026-01-30 00:45:42,883:INFO:Set up data.
2026-01-30 00:45:42,887:INFO:Set up index.
2026-01-30 00:45:46,185:INFO:Initializing predict_model()
2026-01-30 00:45:46,185:INFO:predict_model(self=<pycaret.classification.oop.ClassificationExperiment object at 0x000001A071C09F90>, estimator=Pipeline(memory=Memory(location=None),
         steps=[('numerical_imputer',
                 TransformerWrapper(include=['credit_score', 'age', 'tenure',
                                             'balance', 'products_number',
                                             'estimated_salary',
                                             'balance_salary_ratio',
                                             'tenure_age_ratio',
                                             'credit_score_age_ratio',
                                             'balance_per_product'],
                                    transformer=SimpleImputer())),
                ('categorical_imputer',
                 TransformerWrapper(include=['gender'...
                                    transformer=OneHotEncoder(cols=['country'],
                                                              handle_missing='return_nan',
                                                              use_cat_names=True))),
                ('remove_multicollinearity',
                 TransformerWrapper(exclude=[],
                                    transformer=RemoveMulticollinearity(threshold=0.9))),
                ('balance',
                 TransformerWrapper(transformer=FixImbalancer(estimator=SMOTE(random_state=42)))),
                ('actual_estimator',
                 <catboost.core.CatBoostClassifier object at 0x000001A071289350>)]), probability_threshold=None, encoded_labels=False, raw_score=False, round=4, verbose=True, ml_usecase=None, preprocess=True, encode_labels=<function _SupervisedExperiment.predict_model.<locals>.encode_labels at 0x000001A071BA1F80>)
2026-01-30 00:45:46,185:INFO:Checking exceptions
2026-01-30 00:45:46,185:INFO:Preloading libraries
2026-01-30 00:45:46,185:INFO:Set up data.
2026-01-30 00:45:46,192:INFO:Set up index.
2026-01-30 00:45:51,596:INFO:Initializing predict_model()
2026-01-30 00:45:51,596:INFO:predict_model(self=<pycaret.classification.oop.ClassificationExperiment object at 0x000001A071BFD5D0>, estimator=Pipeline(memory=Memory(location=None),
         steps=[('numerical_imputer',
                 TransformerWrapper(include=['credit_score', 'age', 'tenure',
                                             'balance', 'products_number',
                                             'estimated_salary',
                                             'balance_salary_ratio',
                                             'tenure_age_ratio',
                                             'credit_score_age_ratio',
                                             'balance_per_product'],
                                    transformer=SimpleImputer())),
                ('categorical_imputer',
                 TransformerWrapper(include=['gender'...
                                    transformer=OneHotEncoder(cols=['country'],
                                                              handle_missing='return_nan',
                                                              use_cat_names=True))),
                ('remove_multicollinearity',
                 TransformerWrapper(exclude=[],
                                    transformer=RemoveMulticollinearity(threshold=0.9))),
                ('balance',
                 TransformerWrapper(transformer=FixImbalancer(estimator=SMOTE(random_state=42)))),
                ('actual_estimator',
                 <catboost.core.CatBoostClassifier object at 0x000001A071289350>)]), probability_threshold=None, encoded_labels=False, raw_score=False, round=4, verbose=True, ml_usecase=None, preprocess=True, encode_labels=<function _SupervisedExperiment.predict_model.<locals>.encode_labels at 0x000001A071BA2660>)
2026-01-30 00:45:51,596:INFO:Checking exceptions
2026-01-30 00:45:51,596:INFO:Preloading libraries
2026-01-30 00:45:51,596:INFO:Set up data.
2026-01-30 00:45:51,600:INFO:Set up index.
2026-01-30 00:45:54,729:INFO:Initializing predict_model()
2026-01-30 00:45:54,729:INFO:predict_model(self=<pycaret.classification.oop.ClassificationExperiment object at 0x000001A07182E250>, estimator=Pipeline(memory=Memory(location=None),
         steps=[('numerical_imputer',
                 TransformerWrapper(include=['credit_score', 'age', 'tenure',
                                             'balance', 'products_number',
                                             'estimated_salary',
                                             'balance_salary_ratio',
                                             'tenure_age_ratio',
                                             'credit_score_age_ratio',
                                             'balance_per_product'],
                                    transformer=SimpleImputer())),
                ('categorical_imputer',
                 TransformerWrapper(include=['gender'...
                                    transformer=OneHotEncoder(cols=['country'],
                                                              handle_missing='return_nan',
                                                              use_cat_names=True))),
                ('remove_multicollinearity',
                 TransformerWrapper(exclude=[],
                                    transformer=RemoveMulticollinearity(threshold=0.9))),
                ('balance',
                 TransformerWrapper(transformer=FixImbalancer(estimator=SMOTE(random_state=42)))),
                ('actual_estimator',
                 <catboost.core.CatBoostClassifier object at 0x000001A071289350>)]), probability_threshold=None, encoded_labels=False, raw_score=False, round=4, verbose=True, ml_usecase=None, preprocess=True, encode_labels=<function _SupervisedExperiment.predict_model.<locals>.encode_labels at 0x000001A071BA2480>)
2026-01-30 00:45:54,729:INFO:Checking exceptions
2026-01-30 00:45:54,729:INFO:Preloading libraries
2026-01-30 00:45:54,730:INFO:Set up data.
2026-01-30 00:45:54,734:INFO:Set up index.
2026-01-30 00:45:58,349:INFO:Initializing predict_model()
2026-01-30 00:45:58,349:INFO:predict_model(self=<pycaret.classification.oop.ClassificationExperiment object at 0x000001A071BDE010>, estimator=Pipeline(memory=Memory(location=None),
         steps=[('numerical_imputer',
                 TransformerWrapper(include=['credit_score', 'age', 'tenure',
                                             'balance', 'products_number',
                                             'estimated_salary',
                                             'balance_salary_ratio',
                                             'tenure_age_ratio',
                                             'credit_score_age_ratio',
                                             'balance_per_product'],
                                    transformer=SimpleImputer())),
                ('categorical_imputer',
                 TransformerWrapper(include=['gender'...
                                    transformer=OneHotEncoder(cols=['country'],
                                                              handle_missing='return_nan',
                                                              use_cat_names=True))),
                ('remove_multicollinearity',
                 TransformerWrapper(exclude=[],
                                    transformer=RemoveMulticollinearity(threshold=0.9))),
                ('balance',
                 TransformerWrapper(transformer=FixImbalancer(estimator=SMOTE(random_state=42)))),
                ('actual_estimator',
                 <catboost.core.CatBoostClassifier object at 0x000001A071289350>)]), probability_threshold=None, encoded_labels=False, raw_score=False, round=4, verbose=True, ml_usecase=None, preprocess=True, encode_labels=<function _SupervisedExperiment.predict_model.<locals>.encode_labels at 0x000001A071BA2C00>)
2026-01-30 00:45:58,349:INFO:Checking exceptions
2026-01-30 00:45:58,349:INFO:Preloading libraries
2026-01-30 00:45:58,349:INFO:Set up data.
2026-01-30 00:45:58,352:INFO:Set up index.
2026-01-30 00:46:04,713:INFO:Initializing predict_model()
2026-01-30 00:46:04,713:INFO:predict_model(self=<pycaret.classification.oop.ClassificationExperiment object at 0x000001A071C7B050>, estimator=Pipeline(memory=Memory(location=None),
         steps=[('numerical_imputer',
                 TransformerWrapper(include=['credit_score', 'age', 'tenure',
                                             'balance', 'products_number',
                                             'estimated_salary',
                                             'balance_salary_ratio',
                                             'tenure_age_ratio',
                                             'credit_score_age_ratio',
                                             'balance_per_product'],
                                    transformer=SimpleImputer())),
                ('categorical_imputer',
                 TransformerWrapper(include=['gender'...
                                    transformer=OneHotEncoder(cols=['country'],
                                                              handle_missing='return_nan',
                                                              use_cat_names=True))),
                ('remove_multicollinearity',
                 TransformerWrapper(exclude=[],
                                    transformer=RemoveMulticollinearity(threshold=0.9))),
                ('balance',
                 TransformerWrapper(transformer=FixImbalancer(estimator=SMOTE(random_state=42)))),
                ('actual_estimator',
                 <catboost.core.CatBoostClassifier object at 0x000001A071289350>)]), probability_threshold=None, encoded_labels=False, raw_score=False, round=4, verbose=True, ml_usecase=None, preprocess=True, encode_labels=<function _SupervisedExperiment.predict_model.<locals>.encode_labels at 0x000001A071BA0F40>)
2026-01-30 00:46:04,714:INFO:Checking exceptions
2026-01-30 00:46:04,714:INFO:Preloading libraries
2026-01-30 00:46:04,714:INFO:Set up data.
2026-01-30 00:46:04,716:INFO:Set up index.
2026-01-30 00:46:09,333:INFO:Initializing predict_model()
2026-01-30 00:46:09,333:INFO:predict_model(self=<pycaret.classification.oop.ClassificationExperiment object at 0x000001A071BFCBD0>, estimator=Pipeline(memory=Memory(location=None),
         steps=[('numerical_imputer',
                 TransformerWrapper(include=['credit_score', 'age', 'tenure',
                                             'balance', 'products_number',
                                             'estimated_salary',
                                             'balance_salary_ratio',
                                             'tenure_age_ratio',
                                             'credit_score_age_ratio',
                                             'balance_per_product'],
                                    transformer=SimpleImputer())),
                ('categorical_imputer',
                 TransformerWrapper(include=['gender'...
                                    transformer=OneHotEncoder(cols=['country'],
                                                              handle_missing='return_nan',
                                                              use_cat_names=True))),
                ('remove_multicollinearity',
                 TransformerWrapper(exclude=[],
                                    transformer=RemoveMulticollinearity(threshold=0.9))),
                ('balance',
                 TransformerWrapper(transformer=FixImbalancer(estimator=SMOTE(random_state=42)))),
                ('actual_estimator',
                 <catboost.core.CatBoostClassifier object at 0x000001A071289350>)]), probability_threshold=None, encoded_labels=False, raw_score=False, round=4, verbose=True, ml_usecase=None, preprocess=True, encode_labels=<function _SupervisedExperiment.predict_model.<locals>.encode_labels at 0x000001A071843240>)
2026-01-30 00:46:09,333:INFO:Checking exceptions
2026-01-30 00:46:09,333:INFO:Preloading libraries
2026-01-30 00:46:09,333:INFO:Set up data.
2026-01-30 00:46:09,333:INFO:Set up index.
2026-01-30 00:46:16,712:INFO:Initializing predict_model()
2026-01-30 00:46:16,712:INFO:predict_model(self=<pycaret.classification.oop.ClassificationExperiment object at 0x000001A071CBD3D0>, estimator=Pipeline(memory=Memory(location=None),
         steps=[('numerical_imputer',
                 TransformerWrapper(include=['credit_score', 'age', 'tenure',
                                             'balance', 'products_number',
                                             'estimated_salary',
                                             'balance_salary_ratio',
                                             'tenure_age_ratio',
                                             'credit_score_age_ratio',
                                             'balance_per_product'],
                                    transformer=SimpleImputer())),
                ('categorical_imputer',
                 TransformerWrapper(include=['gender'...
                                    transformer=OneHotEncoder(cols=['country'],
                                                              handle_missing='return_nan',
                                                              use_cat_names=True))),
                ('remove_multicollinearity',
                 TransformerWrapper(exclude=[],
                                    transformer=RemoveMulticollinearity(threshold=0.9))),
                ('balance',
                 TransformerWrapper(transformer=FixImbalancer(estimator=SMOTE(random_state=42)))),
                ('actual_estimator',
                 <catboost.core.CatBoostClassifier object at 0x000001A071289350>)]), probability_threshold=None, encoded_labels=False, raw_score=False, round=4, verbose=True, ml_usecase=None, preprocess=True, encode_labels=<function _SupervisedExperiment.predict_model.<locals>.encode_labels at 0x000001A071BA2CA0>)
2026-01-30 00:46:16,712:INFO:Checking exceptions
2026-01-30 00:46:16,712:INFO:Preloading libraries
2026-01-30 00:46:16,712:INFO:Set up data.
2026-01-30 00:46:16,721:INFO:Set up index.
2026-01-30 00:48:31,639:INFO:Initializing predict_model()
2026-01-30 00:48:31,639:INFO:predict_model(self=<pycaret.classification.oop.ClassificationExperiment object at 0x000001A0B709F9D0>, estimator=Pipeline(memory=Memory(location=None),
         steps=[('numerical_imputer',
                 TransformerWrapper(include=['credit_score', 'age', 'tenure',
                                             'balance', 'products_number',
                                             'estimated_salary',
                                             'balance_salary_ratio',
                                             'tenure_age_ratio',
                                             'credit_score_age_ratio',
                                             'balance_per_product'],
                                    transformer=SimpleImputer())),
                ('categorical_imputer',
                 TransformerWrapper(include=['gender'...
                                    transformer=OneHotEncoder(cols=['country'],
                                                              handle_missing='return_nan',
                                                              use_cat_names=True))),
                ('remove_multicollinearity',
                 TransformerWrapper(exclude=[],
                                    transformer=RemoveMulticollinearity(threshold=0.9))),
                ('balance',
                 TransformerWrapper(transformer=FixImbalancer(estimator=SMOTE(random_state=42)))),
                ('actual_estimator',
                 <catboost.core.CatBoostClassifier object at 0x000001A071289350>)]), probability_threshold=None, encoded_labels=False, raw_score=False, round=4, verbose=True, ml_usecase=None, preprocess=True, encode_labels=<function _SupervisedExperiment.predict_model.<locals>.encode_labels at 0x000001A071BA2160>)
2026-01-30 00:48:31,639:INFO:Checking exceptions
2026-01-30 00:48:31,639:INFO:Preloading libraries
2026-01-30 00:48:31,639:INFO:Set up data.
2026-01-30 00:48:31,646:INFO:Set up index.
2026-01-30 00:52:14,605:INFO:Initializing predict_model()
2026-01-30 00:52:14,605:INFO:predict_model(self=<pycaret.classification.oop.ClassificationExperiment object at 0x000001A0B70F1190>, estimator=Pipeline(memory=Memory(location=None),
         steps=[('numerical_imputer',
                 TransformerWrapper(include=['credit_score', 'age', 'tenure',
                                             'balance', 'products_number',
                                             'estimated_salary',
                                             'balance_salary_ratio',
                                             'tenure_age_ratio',
                                             'credit_score_age_ratio',
                                             'balance_per_product'],
                                    transformer=SimpleImputer())),
                ('categorical_imputer',
                 TransformerWrapper(include=['gender'...
                                    transformer=OneHotEncoder(cols=['country'],
                                                              handle_missing='return_nan',
                                                              use_cat_names=True))),
                ('remove_multicollinearity',
                 TransformerWrapper(exclude=[],
                                    transformer=RemoveMulticollinearity(threshold=0.9))),
                ('balance',
                 TransformerWrapper(transformer=FixImbalancer(estimator=SMOTE(random_state=42)))),
                ('actual_estimator',
                 <catboost.core.CatBoostClassifier object at 0x000001A071289350>)]), probability_threshold=None, encoded_labels=False, raw_score=False, round=4, verbose=True, ml_usecase=None, preprocess=True, encode_labels=<function _SupervisedExperiment.predict_model.<locals>.encode_labels at 0x000001A02B17B600>)
2026-01-30 00:52:14,611:INFO:Checking exceptions
2026-01-30 00:52:14,611:INFO:Preloading libraries
2026-01-30 00:52:14,611:INFO:Set up data.
2026-01-30 00:52:14,613:INFO:Set up index.
2026-01-30 00:55:56,927:INFO:Initializing load_model()
2026-01-30 00:55:56,927:INFO:load_model(model_name=models/catboost_classifier_model, platform=None, authentication=None, verbose=True)
2026-01-30 00:57:03,214:WARNING:
'cuml' is a soft dependency and not included in the pycaret installation. Please run: `pip install cuml` to install.
2026-01-30 00:57:03,214:WARNING:
'cuml' is a soft dependency and not included in the pycaret installation. Please run: `pip install cuml` to install.
2026-01-30 00:57:03,214:WARNING:
'cuml' is a soft dependency and not included in the pycaret installation. Please run: `pip install cuml` to install.
2026-01-30 00:57:03,214:WARNING:
'cuml' is a soft dependency and not included in the pycaret installation. Please run: `pip install cuml` to install.
2026-01-30 00:57:04,583:INFO:Initializing load_model()
2026-01-30 00:57:04,583:INFO:load_model(model_name=models/catboost_classifier_model, platform=None, authentication=None, verbose=True)
2026-01-30 00:59:16,995:INFO:Initializing predict_model()
2026-01-30 00:59:16,995:INFO:predict_model(self=<pycaret.classification.oop.ClassificationExperiment object at 0x00000239050666D0>, estimator=Pipeline(memory=Memory(location=None),
         steps=[('numerical_imputer',
                 TransformerWrapper(include=['credit_score', 'age', 'tenure',
                                             'balance', 'products_number',
                                             'estimated_salary',
                                             'balance_salary_ratio',
                                             'tenure_age_ratio',
                                             'credit_score_age_ratio',
                                             'balance_per_product'],
                                    transformer=SimpleImputer())),
                ('categorical_imputer',
                 TransformerWrapper(include=['gender'...
                                    transformer=OneHotEncoder(cols=['country'],
                                                              handle_missing='return_nan',
                                                              use_cat_names=True))),
                ('remove_multicollinearity',
                 TransformerWrapper(exclude=[],
                                    transformer=RemoveMulticollinearity(threshold=0.9))),
                ('balance',
                 TransformerWrapper(transformer=FixImbalancer(estimator=SMOTE(random_state=42)))),
                ('actual_estimator',
                 <catboost.core.CatBoostClassifier object at 0x00000239055D0610>)]), probability_threshold=None, encoded_labels=False, raw_score=False, round=4, verbose=True, ml_usecase=None, preprocess=True, encode_labels=<function _SupervisedExperiment.predict_model.<locals>.encode_labels at 0x00000238BEF7BEC0>)
2026-01-30 00:59:16,996:INFO:Checking exceptions
2026-01-30 00:59:16,996:INFO:Preloading libraries
2026-01-30 00:59:16,996:INFO:Set up data.
2026-01-30 00:59:17,001:INFO:Set up index.
2026-01-30 00:59:29,301:INFO:Initializing predict_model()
2026-01-30 00:59:29,301:INFO:predict_model(self=<pycaret.classification.oop.ClassificationExperiment object at 0x00000239059C6710>, estimator=Pipeline(memory=Memory(location=None),
         steps=[('numerical_imputer',
                 TransformerWrapper(include=['credit_score', 'age', 'tenure',
                                             'balance', 'products_number',
                                             'estimated_salary',
                                             'balance_salary_ratio',
                                             'tenure_age_ratio',
                                             'credit_score_age_ratio',
                                             'balance_per_product'],
                                    transformer=SimpleImputer())),
                ('categorical_imputer',
                 TransformerWrapper(include=['gender'...
                                    transformer=OneHotEncoder(cols=['country'],
                                                              handle_missing='return_nan',
                                                              use_cat_names=True))),
                ('remove_multicollinearity',
                 TransformerWrapper(exclude=[],
                                    transformer=RemoveMulticollinearity(threshold=0.9))),
                ('balance',
                 TransformerWrapper(transformer=FixImbalancer(estimator=SMOTE(random_state=42)))),
                ('actual_estimator',
                 <catboost.core.CatBoostClassifier object at 0x00000239055D0610>)]), probability_threshold=None, encoded_labels=False, raw_score=False, round=4, verbose=True, ml_usecase=None, preprocess=True, encode_labels=<function _SupervisedExperiment.predict_model.<locals>.encode_labels at 0x0000023905981EE0>)
2026-01-30 00:59:29,301:INFO:Checking exceptions
2026-01-30 00:59:29,301:INFO:Preloading libraries
2026-01-30 00:59:29,301:INFO:Set up data.
2026-01-30 00:59:29,304:INFO:Set up index.
2026-01-30 01:07:21,610:INFO:Initializing predict_model()
2026-01-30 01:07:21,610:INFO:predict_model(self=<pycaret.classification.oop.ClassificationExperiment object at 0x0000023905B71110>, estimator=Pipeline(memory=Memory(location=None),
         steps=[('numerical_imputer',
                 TransformerWrapper(include=['credit_score', 'age', 'tenure',
                                             'balance', 'products_number',
                                             'estimated_salary',
                                             'balance_salary_ratio',
                                             'tenure_age_ratio',
                                             'credit_score_age_ratio',
                                             'balance_per_product'],
                                    transformer=SimpleImputer())),
                ('categorical_imputer',
                 TransformerWrapper(include=['gender'...
                                    transformer=OneHotEncoder(cols=['country'],
                                                              handle_missing='return_nan',
                                                              use_cat_names=True))),
                ('remove_multicollinearity',
                 TransformerWrapper(exclude=[],
                                    transformer=RemoveMulticollinearity(threshold=0.9))),
                ('balance',
                 TransformerWrapper(transformer=FixImbalancer(estimator=SMOTE(random_state=42)))),
                ('actual_estimator',
                 <catboost.core.CatBoostClassifier object at 0x00000239055D0610>)]), probability_threshold=None, encoded_labels=False, raw_score=False, round=4, verbose=True, ml_usecase=None, preprocess=True, encode_labels=<function _SupervisedExperiment.predict_model.<locals>.encode_labels at 0x0000023905896340>)
2026-01-30 01:07:21,610:INFO:Checking exceptions
2026-01-30 01:07:21,610:INFO:Preloading libraries
2026-01-30 01:07:21,610:INFO:Set up data.
2026-01-30 01:07:21,616:INFO:Set up index.
2026-01-30 01:07:33,308:INFO:Initializing predict_model()
2026-01-30 01:07:33,308:INFO:predict_model(self=<pycaret.classification.oop.ClassificationExperiment object at 0x0000023905A94F50>, estimator=Pipeline(memory=Memory(location=None),
         steps=[('numerical_imputer',
                 TransformerWrapper(include=['credit_score', 'age', 'tenure',
                                             'balance', 'products_number',
                                             'estimated_salary',
                                             'balance_salary_ratio',
                                             'tenure_age_ratio',
                                             'credit_score_age_ratio',
                                             'balance_per_product'],
                                    transformer=SimpleImputer())),
                ('categorical_imputer',
                 TransformerWrapper(include=['gender'...
                                    transformer=OneHotEncoder(cols=['country'],
                                                              handle_missing='return_nan',
                                                              use_cat_names=True))),
                ('remove_multicollinearity',
                 TransformerWrapper(exclude=[],
                                    transformer=RemoveMulticollinearity(threshold=0.9))),
                ('balance',
                 TransformerWrapper(transformer=FixImbalancer(estimator=SMOTE(random_state=42)))),
                ('actual_estimator',
                 <catboost.core.CatBoostClassifier object at 0x00000239055D0610>)]), probability_threshold=None, encoded_labels=False, raw_score=False, round=4, verbose=True, ml_usecase=None, preprocess=True, encode_labels=<function _SupervisedExperiment.predict_model.<locals>.encode_labels at 0x00000239059539C0>)
2026-01-30 01:07:33,308:INFO:Checking exceptions
2026-01-30 01:07:33,308:INFO:Preloading libraries
2026-01-30 01:07:33,308:INFO:Set up data.
2026-01-30 01:07:33,316:INFO:Set up index.
2026-01-30 01:07:38,655:INFO:Initializing predict_model()
2026-01-30 01:07:38,655:INFO:predict_model(self=<pycaret.classification.oop.ClassificationExperiment object at 0x0000023905A593D0>, estimator=Pipeline(memory=Memory(location=None),
         steps=[('numerical_imputer',
                 TransformerWrapper(include=['credit_score', 'age', 'tenure',
                                             'balance', 'products_number',
                                             'estimated_salary',
                                             'balance_salary_ratio',
                                             'tenure_age_ratio',
                                             'credit_score_age_ratio',
                                             'balance_per_product'],
                                    transformer=SimpleImputer())),
                ('categorical_imputer',
                 TransformerWrapper(include=['gender'...
                                    transformer=OneHotEncoder(cols=['country'],
                                                              handle_missing='return_nan',
                                                              use_cat_names=True))),
                ('remove_multicollinearity',
                 TransformerWrapper(exclude=[],
                                    transformer=RemoveMulticollinearity(threshold=0.9))),
                ('balance',
                 TransformerWrapper(transformer=FixImbalancer(estimator=SMOTE(random_state=42)))),
                ('actual_estimator',
                 <catboost.core.CatBoostClassifier object at 0x00000239055D0610>)]), probability_threshold=None, encoded_labels=False, raw_score=False, round=4, verbose=True, ml_usecase=None, preprocess=True, encode_labels=<function _SupervisedExperiment.predict_model.<locals>.encode_labels at 0x00000238E13793A0>)
2026-01-30 01:07:38,655:INFO:Checking exceptions
2026-01-30 01:07:38,655:INFO:Preloading libraries
2026-01-30 01:07:38,655:INFO:Set up data.
2026-01-30 01:07:38,665:INFO:Set up index.
2026-01-30 01:07:45,244:INFO:Initializing predict_model()
2026-01-30 01:07:45,244:INFO:predict_model(self=<pycaret.classification.oop.ClassificationExperiment object at 0x0000023905DF37D0>, estimator=Pipeline(memory=Memory(location=None),
         steps=[('numerical_imputer',
                 TransformerWrapper(include=['credit_score', 'age', 'tenure',
                                             'balance', 'products_number',
                                             'estimated_salary',
                                             'balance_salary_ratio',
                                             'tenure_age_ratio',
                                             'credit_score_age_ratio',
                                             'balance_per_product'],
                                    transformer=SimpleImputer())),
                ('categorical_imputer',
                 TransformerWrapper(include=['gender'...
                                    transformer=OneHotEncoder(cols=['country'],
                                                              handle_missing='return_nan',
                                                              use_cat_names=True))),
                ('remove_multicollinearity',
                 TransformerWrapper(exclude=[],
                                    transformer=RemoveMulticollinearity(threshold=0.9))),
                ('balance',
                 TransformerWrapper(transformer=FixImbalancer(estimator=SMOTE(random_state=42)))),
                ('actual_estimator',
                 <catboost.core.CatBoostClassifier object at 0x00000239055D0610>)]), probability_threshold=None, encoded_labels=False, raw_score=False, round=4, verbose=True, ml_usecase=None, preprocess=True, encode_labels=<function _SupervisedExperiment.predict_model.<locals>.encode_labels at 0x00000239058BB4C0>)
2026-01-30 01:07:45,244:INFO:Checking exceptions
2026-01-30 01:07:45,244:INFO:Preloading libraries
2026-01-30 01:07:45,244:INFO:Set up data.
2026-01-30 01:07:45,245:INFO:Set up index.
2026-01-30 01:09:40,692:INFO:Initializing predict_model()
2026-01-30 01:09:40,692:INFO:predict_model(self=<pycaret.classification.oop.ClassificationExperiment object at 0x0000023905AF9190>, estimator=Pipeline(memory=Memory(location=None),
         steps=[('numerical_imputer',
                 TransformerWrapper(include=['credit_score', 'age', 'tenure',
                                             'balance', 'products_number',
                                             'estimated_salary',
                                             'balance_salary_ratio',
                                             'tenure_age_ratio',
                                             'credit_score_age_ratio',
                                             'balance_per_product'],
                                    transformer=SimpleImputer())),
                ('categorical_imputer',
                 TransformerWrapper(include=['gender'...
                                    transformer=OneHotEncoder(cols=['country'],
                                                              handle_missing='return_nan',
                                                              use_cat_names=True))),
                ('remove_multicollinearity',
                 TransformerWrapper(exclude=[],
                                    transformer=RemoveMulticollinearity(threshold=0.9))),
                ('balance',
                 TransformerWrapper(transformer=FixImbalancer(estimator=SMOTE(random_state=42)))),
                ('actual_estimator',
                 <catboost.core.CatBoostClassifier object at 0x00000239055D0610>)]), probability_threshold=None, encoded_labels=False, raw_score=False, round=4, verbose=True, ml_usecase=None, preprocess=True, encode_labels=<function _SupervisedExperiment.predict_model.<locals>.encode_labels at 0x0000023905983A60>)
2026-01-30 01:09:40,692:INFO:Checking exceptions
2026-01-30 01:09:40,692:INFO:Preloading libraries
2026-01-30 01:09:40,692:INFO:Set up data.
2026-01-30 01:09:40,698:INFO:Set up index.
2026-01-30 01:09:47,139:INFO:Initializing predict_model()
2026-01-30 01:09:47,139:INFO:predict_model(self=<pycaret.classification.oop.ClassificationExperiment object at 0x0000023905A3CF10>, estimator=Pipeline(memory=Memory(location=None),
         steps=[('numerical_imputer',
                 TransformerWrapper(include=['credit_score', 'age', 'tenure',
                                             'balance', 'products_number',
                                             'estimated_salary',
                                             'balance_salary_ratio',
                                             'tenure_age_ratio',
                                             'credit_score_age_ratio',
                                             'balance_per_product'],
                                    transformer=SimpleImputer())),
                ('categorical_imputer',
                 TransformerWrapper(include=['gender'...
                                    transformer=OneHotEncoder(cols=['country'],
                                                              handle_missing='return_nan',
                                                              use_cat_names=True))),
                ('remove_multicollinearity',
                 TransformerWrapper(exclude=[],
                                    transformer=RemoveMulticollinearity(threshold=0.9))),
                ('balance',
                 TransformerWrapper(transformer=FixImbalancer(estimator=SMOTE(random_state=42)))),
                ('actual_estimator',
                 <catboost.core.CatBoostClassifier object at 0x00000239055D0610>)]), probability_threshold=None, encoded_labels=False, raw_score=False, round=4, verbose=True, ml_usecase=None, preprocess=True, encode_labels=<function _SupervisedExperiment.predict_model.<locals>.encode_labels at 0x00000238BEF8C900>)
2026-01-30 01:09:47,139:INFO:Checking exceptions
2026-01-30 01:09:47,139:INFO:Preloading libraries
2026-01-30 01:09:47,139:INFO:Set up data.
2026-01-30 01:09:47,147:INFO:Set up index.
2026-01-30 01:09:52,865:INFO:Initializing predict_model()
2026-01-30 01:09:52,865:INFO:predict_model(self=<pycaret.classification.oop.ClassificationExperiment object at 0x0000023905ACD350>, estimator=Pipeline(memory=Memory(location=None),
         steps=[('numerical_imputer',
                 TransformerWrapper(include=['credit_score', 'age', 'tenure',
                                             'balance', 'products_number',
                                             'estimated_salary',
                                             'balance_salary_ratio',
                                             'tenure_age_ratio',
                                             'credit_score_age_ratio',
                                             'balance_per_product'],
                                    transformer=SimpleImputer())),
                ('categorical_imputer',
                 TransformerWrapper(include=['gender'...
                                    transformer=OneHotEncoder(cols=['country'],
                                                              handle_missing='return_nan',
                                                              use_cat_names=True))),
                ('remove_multicollinearity',
                 TransformerWrapper(exclude=[],
                                    transformer=RemoveMulticollinearity(threshold=0.9))),
                ('balance',
                 TransformerWrapper(transformer=FixImbalancer(estimator=SMOTE(random_state=42)))),
                ('actual_estimator',
                 <catboost.core.CatBoostClassifier object at 0x00000239055D0610>)]), probability_threshold=None, encoded_labels=False, raw_score=False, round=4, verbose=True, ml_usecase=None, preprocess=True, encode_labels=<function _SupervisedExperiment.predict_model.<locals>.encode_labels at 0x00000239059811C0>)
2026-01-30 01:09:52,865:INFO:Checking exceptions
2026-01-30 01:09:52,865:INFO:Preloading libraries
2026-01-30 01:09:52,865:INFO:Set up data.
2026-01-30 01:09:52,879:INFO:Set up index.
2026-01-30 01:10:19,152:INFO:Initializing predict_model()
2026-01-30 01:10:19,152:INFO:predict_model(self=<pycaret.classification.oop.ClassificationExperiment object at 0x0000023905A453D0>, estimator=Pipeline(memory=Memory(location=None),
         steps=[('numerical_imputer',
                 TransformerWrapper(include=['credit_score', 'age', 'tenure',
                                             'balance', 'products_number',
                                             'estimated_salary',
                                             'balance_salary_ratio',
                                             'tenure_age_ratio',
                                             'credit_score_age_ratio',
                                             'balance_per_product'],
                                    transformer=SimpleImputer())),
                ('categorical_imputer',
                 TransformerWrapper(include=['gender'...
                                    transformer=OneHotEncoder(cols=['country'],
                                                              handle_missing='return_nan',
                                                              use_cat_names=True))),
                ('remove_multicollinearity',
                 TransformerWrapper(exclude=[],
                                    transformer=RemoveMulticollinearity(threshold=0.9))),
                ('balance',
                 TransformerWrapper(transformer=FixImbalancer(estimator=SMOTE(random_state=42)))),
                ('actual_estimator',
                 <catboost.core.CatBoostClassifier object at 0x00000239055D0610>)]), probability_threshold=None, encoded_labels=False, raw_score=False, round=4, verbose=True, ml_usecase=None, preprocess=True, encode_labels=<function _SupervisedExperiment.predict_model.<locals>.encode_labels at 0x0000023905982340>)
2026-01-30 01:10:19,152:INFO:Checking exceptions
2026-01-30 01:10:19,152:INFO:Preloading libraries
2026-01-30 01:10:19,152:INFO:Set up data.
2026-01-30 01:10:19,157:INFO:Set up index.
2026-01-30 01:14:25,351:INFO:Initializing predict_model()
2026-01-30 01:14:25,351:INFO:predict_model(self=<pycaret.classification.oop.ClassificationExperiment object at 0x0000023905E1BE50>, estimator=Pipeline(memory=Memory(location=None),
         steps=[('numerical_imputer',
                 TransformerWrapper(include=['credit_score', 'age', 'tenure',
                                             'balance', 'products_number',
                                             'estimated_salary',
                                             'balance_salary_ratio',
                                             'tenure_age_ratio',
                                             'credit_score_age_ratio',
                                             'balance_per_product'],
                                    transformer=SimpleImputer())),
                ('categorical_imputer',
                 TransformerWrapper(include=['gender'...
                                    transformer=OneHotEncoder(cols=['country'],
                                                              handle_missing='return_nan',
                                                              use_cat_names=True))),
                ('remove_multicollinearity',
                 TransformerWrapper(exclude=[],
                                    transformer=RemoveMulticollinearity(threshold=0.9))),
                ('balance',
                 TransformerWrapper(transformer=FixImbalancer(estimator=SMOTE(random_state=42)))),
                ('actual_estimator',
                 <catboost.core.CatBoostClassifier object at 0x00000239055D0610>)]), probability_threshold=None, encoded_labels=False, raw_score=False, round=4, verbose=True, ml_usecase=None, preprocess=True, encode_labels=<function _SupervisedExperiment.predict_model.<locals>.encode_labels at 0x00000239059D53A0>)
2026-01-30 01:14:25,351:INFO:Checking exceptions
2026-01-30 01:14:25,351:INFO:Preloading libraries
2026-01-30 01:14:25,351:INFO:Set up data.
2026-01-30 01:14:25,360:INFO:Set up index.
2026-01-30 01:14:31,892:INFO:Initializing predict_model()
2026-01-30 01:14:31,892:INFO:predict_model(self=<pycaret.classification.oop.ClassificationExperiment object at 0x0000023905ACF550>, estimator=Pipeline(memory=Memory(location=None),
         steps=[('numerical_imputer',
                 TransformerWrapper(include=['credit_score', 'age', 'tenure',
                                             'balance', 'products_number',
                                             'estimated_salary',
                                             'balance_salary_ratio',
                                             'tenure_age_ratio',
                                             'credit_score_age_ratio',
                                             'balance_per_product'],
                                    transformer=SimpleImputer())),
                ('categorical_imputer',
                 TransformerWrapper(include=['gender'...
                                    transformer=OneHotEncoder(cols=['country'],
                                                              handle_missing='return_nan',
                                                              use_cat_names=True))),
                ('remove_multicollinearity',
                 TransformerWrapper(exclude=[],
                                    transformer=RemoveMulticollinearity(threshold=0.9))),
                ('balance',
                 TransformerWrapper(transformer=FixImbalancer(estimator=SMOTE(random_state=42)))),
                ('actual_estimator',
                 <catboost.core.CatBoostClassifier object at 0x00000239055D0610>)]), probability_threshold=None, encoded_labels=False, raw_score=False, round=4, verbose=True, ml_usecase=None, preprocess=True, encode_labels=<function _SupervisedExperiment.predict_model.<locals>.encode_labels at 0x00000239059823E0>)
2026-01-30 01:14:31,892:INFO:Checking exceptions
2026-01-30 01:14:31,892:INFO:Preloading libraries
2026-01-30 01:14:31,892:INFO:Set up data.
2026-01-30 01:14:31,892:INFO:Set up index.
2026-01-30 01:14:39,280:INFO:Initializing predict_model()
2026-01-30 01:14:39,280:INFO:predict_model(self=<pycaret.classification.oop.ClassificationExperiment object at 0x0000023905C4CC90>, estimator=Pipeline(memory=Memory(location=None),
         steps=[('numerical_imputer',
                 TransformerWrapper(include=['credit_score', 'age', 'tenure',
                                             'balance', 'products_number',
                                             'estimated_salary',
                                             'balance_salary_ratio',
                                             'tenure_age_ratio',
                                             'credit_score_age_ratio',
                                             'balance_per_product'],
                                    transformer=SimpleImputer())),
                ('categorical_imputer',
                 TransformerWrapper(include=['gender'...
                                    transformer=OneHotEncoder(cols=['country'],
                                                              handle_missing='return_nan',
                                                              use_cat_names=True))),
                ('remove_multicollinearity',
                 TransformerWrapper(exclude=[],
                                    transformer=RemoveMulticollinearity(threshold=0.9))),
                ('balance',
                 TransformerWrapper(transformer=FixImbalancer(estimator=SMOTE(random_state=42)))),
                ('actual_estimator',
                 <catboost.core.CatBoostClassifier object at 0x00000239055D0610>)]), probability_threshold=None, encoded_labels=False, raw_score=False, round=4, verbose=True, ml_usecase=None, preprocess=True, encode_labels=<function _SupervisedExperiment.predict_model.<locals>.encode_labels at 0x00000239059825C0>)
2026-01-30 01:14:39,280:INFO:Checking exceptions
2026-01-30 01:14:39,280:INFO:Preloading libraries
2026-01-30 01:14:39,280:INFO:Set up data.
2026-01-30 01:14:39,280:INFO:Set up index.
2026-01-30 01:14:41,913:INFO:Initializing predict_model()
2026-01-30 01:14:41,913:INFO:predict_model(self=<pycaret.classification.oop.ClassificationExperiment object at 0x0000023905971DD0>, estimator=Pipeline(memory=Memory(location=None),
         steps=[('numerical_imputer',
                 TransformerWrapper(include=['credit_score', 'age', 'tenure',
                                             'balance', 'products_number',
                                             'estimated_salary',
                                             'balance_salary_ratio',
                                             'tenure_age_ratio',
                                             'credit_score_age_ratio',
                                             'balance_per_product'],
                                    transformer=SimpleImputer())),
                ('categorical_imputer',
                 TransformerWrapper(include=['gender'...
                                    transformer=OneHotEncoder(cols=['country'],
                                                              handle_missing='return_nan',
                                                              use_cat_names=True))),
                ('remove_multicollinearity',
                 TransformerWrapper(exclude=[],
                                    transformer=RemoveMulticollinearity(threshold=0.9))),
                ('balance',
                 TransformerWrapper(transformer=FixImbalancer(estimator=SMOTE(random_state=42)))),
                ('actual_estimator',
                 <catboost.core.CatBoostClassifier object at 0x00000239055D0610>)]), probability_threshold=None, encoded_labels=False, raw_score=False, round=4, verbose=True, ml_usecase=None, preprocess=True, encode_labels=<function _SupervisedExperiment.predict_model.<locals>.encode_labels at 0x0000023905982480>)
2026-01-30 01:14:41,913:INFO:Checking exceptions
2026-01-30 01:14:41,913:INFO:Preloading libraries
2026-01-30 01:14:41,913:INFO:Set up data.
2026-01-30 01:14:41,913:INFO:Set up index.
2026-01-30 01:14:44,538:INFO:Initializing predict_model()
2026-01-30 01:14:44,538:INFO:predict_model(self=<pycaret.classification.oop.ClassificationExperiment object at 0x0000023905E18D50>, estimator=Pipeline(memory=Memory(location=None),
         steps=[('numerical_imputer',
                 TransformerWrapper(include=['credit_score', 'age', 'tenure',
                                             'balance', 'products_number',
                                             'estimated_salary',
                                             'balance_salary_ratio',
                                             'tenure_age_ratio',
                                             'credit_score_age_ratio',
                                             'balance_per_product'],
                                    transformer=SimpleImputer())),
                ('categorical_imputer',
                 TransformerWrapper(include=['gender'...
                                    transformer=OneHotEncoder(cols=['country'],
                                                              handle_missing='return_nan',
                                                              use_cat_names=True))),
                ('remove_multicollinearity',
                 TransformerWrapper(exclude=[],
                                    transformer=RemoveMulticollinearity(threshold=0.9))),
                ('balance',
                 TransformerWrapper(transformer=FixImbalancer(estimator=SMOTE(random_state=42)))),
                ('actual_estimator',
                 <catboost.core.CatBoostClassifier object at 0x00000239055D0610>)]), probability_threshold=None, encoded_labels=False, raw_score=False, round=4, verbose=True, ml_usecase=None, preprocess=True, encode_labels=<function _SupervisedExperiment.predict_model.<locals>.encode_labels at 0x00000238BEFA3C40>)
2026-01-30 01:14:44,538:INFO:Checking exceptions
2026-01-30 01:14:44,538:INFO:Preloading libraries
2026-01-30 01:14:44,538:INFO:Set up data.
2026-01-30 01:14:44,544:INFO:Set up index.
2026-01-30 01:14:47,348:INFO:Initializing predict_model()
2026-01-30 01:14:47,348:INFO:predict_model(self=<pycaret.classification.oop.ClassificationExperiment object at 0x0000023905E1A010>, estimator=Pipeline(memory=Memory(location=None),
         steps=[('numerical_imputer',
                 TransformerWrapper(include=['credit_score', 'age', 'tenure',
                                             'balance', 'products_number',
                                             'estimated_salary',
                                             'balance_salary_ratio',
                                             'tenure_age_ratio',
                                             'credit_score_age_ratio',
                                             'balance_per_product'],
                                    transformer=SimpleImputer())),
                ('categorical_imputer',
                 TransformerWrapper(include=['gender'...
                                    transformer=OneHotEncoder(cols=['country'],
                                                              handle_missing='return_nan',
                                                              use_cat_names=True))),
                ('remove_multicollinearity',
                 TransformerWrapper(exclude=[],
                                    transformer=RemoveMulticollinearity(threshold=0.9))),
                ('balance',
                 TransformerWrapper(transformer=FixImbalancer(estimator=SMOTE(random_state=42)))),
                ('actual_estimator',
                 <catboost.core.CatBoostClassifier object at 0x00000239055D0610>)]), probability_threshold=None, encoded_labels=False, raw_score=False, round=4, verbose=True, ml_usecase=None, preprocess=True, encode_labels=<function _SupervisedExperiment.predict_model.<locals>.encode_labels at 0x00000239059522A0>)
2026-01-30 01:14:47,350:INFO:Checking exceptions
2026-01-30 01:14:47,350:INFO:Preloading libraries
2026-01-30 01:14:47,350:INFO:Set up data.
2026-01-30 01:14:47,351:INFO:Set up index.
2026-01-30 01:14:50,160:INFO:Initializing predict_model()
2026-01-30 01:14:50,160:INFO:predict_model(self=<pycaret.classification.oop.ClassificationExperiment object at 0x0000023905C4EAD0>, estimator=Pipeline(memory=Memory(location=None),
         steps=[('numerical_imputer',
                 TransformerWrapper(include=['credit_score', 'age', 'tenure',
                                             'balance', 'products_number',
                                             'estimated_salary',
                                             'balance_salary_ratio',
                                             'tenure_age_ratio',
                                             'credit_score_age_ratio',
                                             'balance_per_product'],
                                    transformer=SimpleImputer())),
                ('categorical_imputer',
                 TransformerWrapper(include=['gender'...
                                    transformer=OneHotEncoder(cols=['country'],
                                                              handle_missing='return_nan',
                                                              use_cat_names=True))),
                ('remove_multicollinearity',
                 TransformerWrapper(exclude=[],
                                    transformer=RemoveMulticollinearity(threshold=0.9))),
                ('balance',
                 TransformerWrapper(transformer=FixImbalancer(estimator=SMOTE(random_state=42)))),
                ('actual_estimator',
                 <catboost.core.CatBoostClassifier object at 0x00000239055D0610>)]), probability_threshold=None, encoded_labels=False, raw_score=False, round=4, verbose=True, ml_usecase=None, preprocess=True, encode_labels=<function _SupervisedExperiment.predict_model.<locals>.encode_labels at 0x00000239058BA340>)
2026-01-30 01:14:50,160:INFO:Checking exceptions
2026-01-30 01:14:50,160:INFO:Preloading libraries
2026-01-30 01:14:50,160:INFO:Set up data.
2026-01-30 01:14:50,163:INFO:Set up index.
2026-01-30 01:17:30,734:INFO:Initializing predict_model()
2026-01-30 01:17:30,736:INFO:predict_model(self=<pycaret.classification.oop.ClassificationExperiment object at 0x0000023905A66B10>, estimator=Pipeline(memory=Memory(location=None),
         steps=[('numerical_imputer',
                 TransformerWrapper(include=['credit_score', 'age', 'tenure',
                                             'balance', 'products_number',
                                             'estimated_salary',
                                             'balance_salary_ratio',
                                             'tenure_age_ratio',
                                             'credit_score_age_ratio',
                                             'balance_per_product'],
                                    transformer=SimpleImputer())),
                ('categorical_imputer',
                 TransformerWrapper(include=['gender'...
                                    transformer=OneHotEncoder(cols=['country'],
                                                              handle_missing='return_nan',
                                                              use_cat_names=True))),
                ('remove_multicollinearity',
                 TransformerWrapper(exclude=[],
                                    transformer=RemoveMulticollinearity(threshold=0.9))),
                ('balance',
                 TransformerWrapper(transformer=FixImbalancer(estimator=SMOTE(random_state=42)))),
                ('actual_estimator',
                 <catboost.core.CatBoostClassifier object at 0x00000239055D0610>)]), probability_threshold=None, encoded_labels=False, raw_score=False, round=4, verbose=True, ml_usecase=None, preprocess=True, encode_labels=<function _SupervisedExperiment.predict_model.<locals>.encode_labels at 0x0000023905D0B060>)
2026-01-30 01:17:30,736:INFO:Checking exceptions
2026-01-30 01:17:30,736:INFO:Preloading libraries
2026-01-30 01:17:30,736:INFO:Set up data.
2026-01-30 01:17:30,738:INFO:Set up index.
2026-01-30 01:17:33,780:INFO:Initializing predict_model()
2026-01-30 01:17:33,780:INFO:predict_model(self=<pycaret.classification.oop.ClassificationExperiment object at 0x0000023905ACF890>, estimator=Pipeline(memory=Memory(location=None),
         steps=[('numerical_imputer',
                 TransformerWrapper(include=['credit_score', 'age', 'tenure',
                                             'balance', 'products_number',
                                             'estimated_salary',
                                             'balance_salary_ratio',
                                             'tenure_age_ratio',
                                             'credit_score_age_ratio',
                                             'balance_per_product'],
                                    transformer=SimpleImputer())),
                ('categorical_imputer',
                 TransformerWrapper(include=['gender'...
                                    transformer=OneHotEncoder(cols=['country'],
                                                              handle_missing='return_nan',
                                                              use_cat_names=True))),
                ('remove_multicollinearity',
                 TransformerWrapper(exclude=[],
                                    transformer=RemoveMulticollinearity(threshold=0.9))),
                ('balance',
                 TransformerWrapper(transformer=FixImbalancer(estimator=SMOTE(random_state=42)))),
                ('actual_estimator',
                 <catboost.core.CatBoostClassifier object at 0x00000239055D0610>)]), probability_threshold=None, encoded_labels=False, raw_score=False, round=4, verbose=True, ml_usecase=None, preprocess=True, encode_labels=<function _SupervisedExperiment.predict_model.<locals>.encode_labels at 0x0000023905D0A5C0>)
2026-01-30 01:17:33,780:INFO:Checking exceptions
2026-01-30 01:17:33,780:INFO:Preloading libraries
2026-01-30 01:17:33,780:INFO:Set up data.
2026-01-30 01:17:33,788:INFO:Set up index.
2026-01-30 01:17:37,033:INFO:Initializing predict_model()
2026-01-30 01:17:37,033:INFO:predict_model(self=<pycaret.classification.oop.ClassificationExperiment object at 0x00000239059C4DD0>, estimator=Pipeline(memory=Memory(location=None),
         steps=[('numerical_imputer',
                 TransformerWrapper(include=['credit_score', 'age', 'tenure',
                                             'balance', 'products_number',
                                             'estimated_salary',
                                             'balance_salary_ratio',
                                             'tenure_age_ratio',
                                             'credit_score_age_ratio',
                                             'balance_per_product'],
                                    transformer=SimpleImputer())),
                ('categorical_imputer',
                 TransformerWrapper(include=['gender'...
                                    transformer=OneHotEncoder(cols=['country'],
                                                              handle_missing='return_nan',
                                                              use_cat_names=True))),
                ('remove_multicollinearity',
                 TransformerWrapper(exclude=[],
                                    transformer=RemoveMulticollinearity(threshold=0.9))),
                ('balance',
                 TransformerWrapper(transformer=FixImbalancer(estimator=SMOTE(random_state=42)))),
                ('actual_estimator',
                 <catboost.core.CatBoostClassifier object at 0x00000239055D0610>)]), probability_threshold=None, encoded_labels=False, raw_score=False, round=4, verbose=True, ml_usecase=None, preprocess=True, encode_labels=<function _SupervisedExperiment.predict_model.<locals>.encode_labels at 0x00000238BEF7BF60>)
2026-01-30 01:17:37,033:INFO:Checking exceptions
2026-01-30 01:17:37,033:INFO:Preloading libraries
2026-01-30 01:17:37,033:INFO:Set up data.
2026-01-30 01:17:37,038:INFO:Set up index.
2026-01-30 01:17:43,711:INFO:Initializing predict_model()
2026-01-30 01:17:43,711:INFO:predict_model(self=<pycaret.classification.oop.ClassificationExperiment object at 0x0000023905A92A90>, estimator=Pipeline(memory=Memory(location=None),
         steps=[('numerical_imputer',
                 TransformerWrapper(include=['credit_score', 'age', 'tenure',
                                             'balance', 'products_number',
                                             'estimated_salary',
                                             'balance_salary_ratio',
                                             'tenure_age_ratio',
                                             'credit_score_age_ratio',
                                             'balance_per_product'],
                                    transformer=SimpleImputer())),
                ('categorical_imputer',
                 TransformerWrapper(include=['gender'...
                                    transformer=OneHotEncoder(cols=['country'],
                                                              handle_missing='return_nan',
                                                              use_cat_names=True))),
                ('remove_multicollinearity',
                 TransformerWrapper(exclude=[],
                                    transformer=RemoveMulticollinearity(threshold=0.9))),
                ('balance',
                 TransformerWrapper(transformer=FixImbalancer(estimator=SMOTE(random_state=42)))),
                ('actual_estimator',
                 <catboost.core.CatBoostClassifier object at 0x00000239055D0610>)]), probability_threshold=None, encoded_labels=False, raw_score=False, round=4, verbose=True, ml_usecase=None, preprocess=True, encode_labels=<function _SupervisedExperiment.predict_model.<locals>.encode_labels at 0x000002390560EC00>)
2026-01-30 01:17:43,720:INFO:Checking exceptions
2026-01-30 01:17:43,720:INFO:Preloading libraries
2026-01-30 01:17:43,720:INFO:Set up data.
2026-01-30 01:17:43,723:INFO:Set up index.
2026-01-30 01:17:47,297:INFO:Initializing predict_model()
2026-01-30 01:17:47,297:INFO:predict_model(self=<pycaret.classification.oop.ClassificationExperiment object at 0x0000023905ACDAD0>, estimator=Pipeline(memory=Memory(location=None),
         steps=[('numerical_imputer',
                 TransformerWrapper(include=['credit_score', 'age', 'tenure',
                                             'balance', 'products_number',
                                             'estimated_salary',
                                             'balance_salary_ratio',
                                             'tenure_age_ratio',
                                             'credit_score_age_ratio',
                                             'balance_per_product'],
                                    transformer=SimpleImputer())),
                ('categorical_imputer',
                 TransformerWrapper(include=['gender'...
                                    transformer=OneHotEncoder(cols=['country'],
                                                              handle_missing='return_nan',
                                                              use_cat_names=True))),
                ('remove_multicollinearity',
                 TransformerWrapper(exclude=[],
                                    transformer=RemoveMulticollinearity(threshold=0.9))),
                ('balance',
                 TransformerWrapper(transformer=FixImbalancer(estimator=SMOTE(random_state=42)))),
                ('actual_estimator',
                 <catboost.core.CatBoostClassifier object at 0x00000239055D0610>)]), probability_threshold=None, encoded_labels=False, raw_score=False, round=4, verbose=True, ml_usecase=None, preprocess=True, encode_labels=<function _SupervisedExperiment.predict_model.<locals>.encode_labels at 0x00000238BEF7BCE0>)
2026-01-30 01:17:47,297:INFO:Checking exceptions
2026-01-30 01:17:47,297:INFO:Preloading libraries
2026-01-30 01:17:47,297:INFO:Set up data.
2026-01-30 01:17:47,301:INFO:Set up index.
2026-01-30 01:18:12,858:INFO:Initializing predict_model()
2026-01-30 01:18:12,858:INFO:predict_model(self=<pycaret.classification.oop.ClassificationExperiment object at 0x0000023905F2CF90>, estimator=Pipeline(memory=Memory(location=None),
         steps=[('numerical_imputer',
                 TransformerWrapper(include=['credit_score', 'age', 'tenure',
                                             'balance', 'products_number',
                                             'estimated_salary',
                                             'balance_salary_ratio',
                                             'tenure_age_ratio',
                                             'credit_score_age_ratio',
                                             'balance_per_product'],
                                    transformer=SimpleImputer())),
                ('categorical_imputer',
                 TransformerWrapper(include=['gender'...
                                    transformer=OneHotEncoder(cols=['country'],
                                                              handle_missing='return_nan',
                                                              use_cat_names=True))),
                ('remove_multicollinearity',
                 TransformerWrapper(exclude=[],
                                    transformer=RemoveMulticollinearity(threshold=0.9))),
                ('balance',
                 TransformerWrapper(transformer=FixImbalancer(estimator=SMOTE(random_state=42)))),
                ('actual_estimator',
                 <catboost.core.CatBoostClassifier object at 0x00000239055D0610>)]), probability_threshold=None, encoded_labels=False, raw_score=False, round=4, verbose=True, ml_usecase=None, preprocess=True, encode_labels=<function _SupervisedExperiment.predict_model.<locals>.encode_labels at 0x0000023905D0BF60>)
2026-01-30 01:18:12,861:INFO:Checking exceptions
2026-01-30 01:18:12,861:INFO:Preloading libraries
2026-01-30 01:18:12,861:INFO:Set up data.
2026-01-30 01:18:12,861:INFO:Set up index.
2026-01-30 01:20:55,485:INFO:Initializing predict_model()
2026-01-30 01:20:55,485:INFO:predict_model(self=<pycaret.classification.oop.ClassificationExperiment object at 0x0000023905995DD0>, estimator=Pipeline(memory=Memory(location=None),
         steps=[('numerical_imputer',
                 TransformerWrapper(include=['credit_score', 'age', 'tenure',
                                             'balance', 'products_number',
                                             'estimated_salary',
                                             'balance_salary_ratio',
                                             'tenure_age_ratio',
                                             'credit_score_age_ratio',
                                             'balance_per_product'],
                                    transformer=SimpleImputer())),
                ('categorical_imputer',
                 TransformerWrapper(include=['gender'...
                                    transformer=OneHotEncoder(cols=['country'],
                                                              handle_missing='return_nan',
                                                              use_cat_names=True))),
                ('remove_multicollinearity',
                 TransformerWrapper(exclude=[],
                                    transformer=RemoveMulticollinearity(threshold=0.9))),
                ('balance',
                 TransformerWrapper(transformer=FixImbalancer(estimator=SMOTE(random_state=42)))),
                ('actual_estimator',
                 <catboost.core.CatBoostClassifier object at 0x00000239055D0610>)]), probability_threshold=None, encoded_labels=False, raw_score=False, round=4, verbose=True, ml_usecase=None, preprocess=True, encode_labels=<function _SupervisedExperiment.predict_model.<locals>.encode_labels at 0x00000239059D4D60>)
2026-01-30 01:20:55,485:INFO:Checking exceptions
2026-01-30 01:20:55,485:INFO:Preloading libraries
2026-01-30 01:20:55,485:INFO:Set up data.
2026-01-30 01:20:55,488:INFO:Set up index.
2026-01-30 01:21:02,047:INFO:Initializing predict_model()
2026-01-30 01:21:02,047:INFO:predict_model(self=<pycaret.classification.oop.ClassificationExperiment object at 0x0000023905A677D0>, estimator=Pipeline(memory=Memory(location=None),
         steps=[('numerical_imputer',
                 TransformerWrapper(include=['credit_score', 'age', 'tenure',
                                             'balance', 'products_number',
                                             'estimated_salary',
                                             'balance_salary_ratio',
                                             'tenure_age_ratio',
                                             'credit_score_age_ratio',
                                             'balance_per_product'],
                                    transformer=SimpleImputer())),
                ('categorical_imputer',
                 TransformerWrapper(include=['gender'...
                                    transformer=OneHotEncoder(cols=['country'],
                                                              handle_missing='return_nan',
                                                              use_cat_names=True))),
                ('remove_multicollinearity',
                 TransformerWrapper(exclude=[],
                                    transformer=RemoveMulticollinearity(threshold=0.9))),
                ('balance',
                 TransformerWrapper(transformer=FixImbalancer(estimator=SMOTE(random_state=42)))),
                ('actual_estimator',
                 <catboost.core.CatBoostClassifier object at 0x00000239055D0610>)]), probability_threshold=None, encoded_labels=False, raw_score=False, round=4, verbose=True, ml_usecase=None, preprocess=True, encode_labels=<function _SupervisedExperiment.predict_model.<locals>.encode_labels at 0x00000238BEF7B4C0>)
2026-01-30 01:21:02,047:INFO:Checking exceptions
2026-01-30 01:21:02,047:INFO:Preloading libraries
2026-01-30 01:21:02,048:INFO:Set up data.
2026-01-30 01:21:02,054:INFO:Set up index.
2026-01-30 01:21:06,444:INFO:Initializing predict_model()
2026-01-30 01:21:06,444:INFO:predict_model(self=<pycaret.classification.oop.ClassificationExperiment object at 0x0000023905A67ED0>, estimator=Pipeline(memory=Memory(location=None),
         steps=[('numerical_imputer',
                 TransformerWrapper(include=['credit_score', 'age', 'tenure',
                                             'balance', 'products_number',
                                             'estimated_salary',
                                             'balance_salary_ratio',
                                             'tenure_age_ratio',
                                             'credit_score_age_ratio',
                                             'balance_per_product'],
                                    transformer=SimpleImputer())),
                ('categorical_imputer',
                 TransformerWrapper(include=['gender'...
                                    transformer=OneHotEncoder(cols=['country'],
                                                              handle_missing='return_nan',
                                                              use_cat_names=True))),
                ('remove_multicollinearity',
                 TransformerWrapper(exclude=[],
                                    transformer=RemoveMulticollinearity(threshold=0.9))),
                ('balance',
                 TransformerWrapper(transformer=FixImbalancer(estimator=SMOTE(random_state=42)))),
                ('actual_estimator',
                 <catboost.core.CatBoostClassifier object at 0x00000239055D0610>)]), probability_threshold=None, encoded_labels=False, raw_score=False, round=4, verbose=True, ml_usecase=None, preprocess=True, encode_labels=<function _SupervisedExperiment.predict_model.<locals>.encode_labels at 0x0000023905D0ACA0>)
2026-01-30 01:21:06,444:INFO:Checking exceptions
2026-01-30 01:21:06,444:INFO:Preloading libraries
2026-01-30 01:21:06,444:INFO:Set up data.
2026-01-30 01:21:06,444:INFO:Set up index.
2026-01-30 01:21:09,910:INFO:Initializing predict_model()
2026-01-30 01:21:09,910:INFO:predict_model(self=<pycaret.classification.oop.ClassificationExperiment object at 0x0000023905A7EC90>, estimator=Pipeline(memory=Memory(location=None),
         steps=[('numerical_imputer',
                 TransformerWrapper(include=['credit_score', 'age', 'tenure',
                                             'balance', 'products_number',
                                             'estimated_salary',
                                             'balance_salary_ratio',
                                             'tenure_age_ratio',
                                             'credit_score_age_ratio',
                                             'balance_per_product'],
                                    transformer=SimpleImputer())),
                ('categorical_imputer',
                 TransformerWrapper(include=['gender'...
                                    transformer=OneHotEncoder(cols=['country'],
                                                              handle_missing='return_nan',
                                                              use_cat_names=True))),
                ('remove_multicollinearity',
                 TransformerWrapper(exclude=[],
                                    transformer=RemoveMulticollinearity(threshold=0.9))),
                ('balance',
                 TransformerWrapper(transformer=FixImbalancer(estimator=SMOTE(random_state=42)))),
                ('actual_estimator',
                 <catboost.core.CatBoostClassifier object at 0x00000239055D0610>)]), probability_threshold=None, encoded_labels=False, raw_score=False, round=4, verbose=True, ml_usecase=None, preprocess=True, encode_labels=<function _SupervisedExperiment.predict_model.<locals>.encode_labels at 0x0000023905D0B240>)
2026-01-30 01:21:09,910:INFO:Checking exceptions
2026-01-30 01:21:09,910:INFO:Preloading libraries
2026-01-30 01:21:09,910:INFO:Set up data.
2026-01-30 01:21:09,918:INFO:Set up index.
2026-01-30 01:21:14,000:INFO:Initializing predict_model()
2026-01-30 01:21:14,001:INFO:predict_model(self=<pycaret.classification.oop.ClassificationExperiment object at 0x0000023905ACE950>, estimator=Pipeline(memory=Memory(location=None),
         steps=[('numerical_imputer',
                 TransformerWrapper(include=['credit_score', 'age', 'tenure',
                                             'balance', 'products_number',
                                             'estimated_salary',
                                             'balance_salary_ratio',
                                             'tenure_age_ratio',
                                             'credit_score_age_ratio',
                                             'balance_per_product'],
                                    transformer=SimpleImputer())),
                ('categorical_imputer',
                 TransformerWrapper(include=['gender'...
                                    transformer=OneHotEncoder(cols=['country'],
                                                              handle_missing='return_nan',
                                                              use_cat_names=True))),
                ('remove_multicollinearity',
                 TransformerWrapper(exclude=[],
                                    transformer=RemoveMulticollinearity(threshold=0.9))),
                ('balance',
                 TransformerWrapper(transformer=FixImbalancer(estimator=SMOTE(random_state=42)))),
                ('actual_estimator',
                 <catboost.core.CatBoostClassifier object at 0x00000239055D0610>)]), probability_threshold=None, encoded_labels=False, raw_score=False, round=4, verbose=True, ml_usecase=None, preprocess=True, encode_labels=<function _SupervisedExperiment.predict_model.<locals>.encode_labels at 0x0000023905982C00>)
2026-01-30 01:21:14,001:INFO:Checking exceptions
2026-01-30 01:21:14,001:INFO:Preloading libraries
2026-01-30 01:21:14,001:INFO:Set up data.
2026-01-30 01:21:14,006:INFO:Set up index.
2026-01-30 01:21:17,597:INFO:Initializing predict_model()
2026-01-30 01:21:17,597:INFO:predict_model(self=<pycaret.classification.oop.ClassificationExperiment object at 0x00000239059F8D90>, estimator=Pipeline(memory=Memory(location=None),
         steps=[('numerical_imputer',
                 TransformerWrapper(include=['credit_score', 'age', 'tenure',
                                             'balance', 'products_number',
                                             'estimated_salary',
                                             'balance_salary_ratio',
                                             'tenure_age_ratio',
                                             'credit_score_age_ratio',
                                             'balance_per_product'],
                                    transformer=SimpleImputer())),
                ('categorical_imputer',
                 TransformerWrapper(include=['gender'...
                                    transformer=OneHotEncoder(cols=['country'],
                                                              handle_missing='return_nan',
                                                              use_cat_names=True))),
                ('remove_multicollinearity',
                 TransformerWrapper(exclude=[],
                                    transformer=RemoveMulticollinearity(threshold=0.9))),
                ('balance',
                 TransformerWrapper(transformer=FixImbalancer(estimator=SMOTE(random_state=42)))),
                ('actual_estimator',
                 <catboost.core.CatBoostClassifier object at 0x00000239055D0610>)]), probability_threshold=None, encoded_labels=False, raw_score=False, round=4, verbose=True, ml_usecase=None, preprocess=True, encode_labels=<function _SupervisedExperiment.predict_model.<locals>.encode_labels at 0x000002390560F880>)
2026-01-30 01:21:17,597:INFO:Checking exceptions
2026-01-30 01:21:17,597:INFO:Preloading libraries
2026-01-30 01:21:17,597:INFO:Set up data.
2026-01-30 01:21:17,600:INFO:Set up index.
2026-01-30 01:21:21,227:INFO:Initializing predict_model()
2026-01-30 01:21:21,227:INFO:predict_model(self=<pycaret.classification.oop.ClassificationExperiment object at 0x0000023905A7D290>, estimator=Pipeline(memory=Memory(location=None),
         steps=[('numerical_imputer',
                 TransformerWrapper(include=['credit_score', 'age', 'tenure',
                                             'balance', 'products_number',
                                             'estimated_salary',
                                             'balance_salary_ratio',
                                             'tenure_age_ratio',
                                             'credit_score_age_ratio',
                                             'balance_per_product'],
                                    transformer=SimpleImputer())),
                ('categorical_imputer',
                 TransformerWrapper(include=['gender'...
                                    transformer=OneHotEncoder(cols=['country'],
                                                              handle_missing='return_nan',
                                                              use_cat_names=True))),
                ('remove_multicollinearity',
                 TransformerWrapper(exclude=[],
                                    transformer=RemoveMulticollinearity(threshold=0.9))),
                ('balance',
                 TransformerWrapper(transformer=FixImbalancer(estimator=SMOTE(random_state=42)))),
                ('actual_estimator',
                 <catboost.core.CatBoostClassifier object at 0x00000239055D0610>)]), probability_threshold=None, encoded_labels=False, raw_score=False, round=4, verbose=True, ml_usecase=None, preprocess=True, encode_labels=<function _SupervisedExperiment.predict_model.<locals>.encode_labels at 0x0000023905D0BF60>)
2026-01-30 01:21:21,227:INFO:Checking exceptions
2026-01-30 01:21:21,228:INFO:Preloading libraries
2026-01-30 01:21:21,228:INFO:Set up data.
2026-01-30 01:21:21,228:INFO:Set up index.
2026-01-30 01:21:27,472:INFO:Initializing predict_model()
2026-01-30 01:21:27,472:INFO:predict_model(self=<pycaret.classification.oop.ClassificationExperiment object at 0x0000023905A66FD0>, estimator=Pipeline(memory=Memory(location=None),
         steps=[('numerical_imputer',
                 TransformerWrapper(include=['credit_score', 'age', 'tenure',
                                             'balance', 'products_number',
                                             'estimated_salary',
                                             'balance_salary_ratio',
                                             'tenure_age_ratio',
                                             'credit_score_age_ratio',
                                             'balance_per_product'],
                                    transformer=SimpleImputer())),
                ('categorical_imputer',
                 TransformerWrapper(include=['gender'...
                                    transformer=OneHotEncoder(cols=['country'],
                                                              handle_missing='return_nan',
                                                              use_cat_names=True))),
                ('remove_multicollinearity',
                 TransformerWrapper(exclude=[],
                                    transformer=RemoveMulticollinearity(threshold=0.9))),
                ('balance',
                 TransformerWrapper(transformer=FixImbalancer(estimator=SMOTE(random_state=42)))),
                ('actual_estimator',
                 <catboost.core.CatBoostClassifier object at 0x00000239055D0610>)]), probability_threshold=None, encoded_labels=False, raw_score=False, round=4, verbose=True, ml_usecase=None, preprocess=True, encode_labels=<function _SupervisedExperiment.predict_model.<locals>.encode_labels at 0x0000023905D0AE80>)
2026-01-30 01:21:27,472:INFO:Checking exceptions
2026-01-30 01:21:27,472:INFO:Preloading libraries
2026-01-30 01:21:27,472:INFO:Set up data.
2026-01-30 01:21:27,478:INFO:Set up index.
2026-01-30 01:22:07,302:INFO:Initializing predict_model()
2026-01-30 01:22:07,302:INFO:predict_model(self=<pycaret.classification.oop.ClassificationExperiment object at 0x0000023905A47590>, estimator=Pipeline(memory=Memory(location=None),
         steps=[('numerical_imputer',
                 TransformerWrapper(include=['credit_score', 'age', 'tenure',
                                             'balance', 'products_number',
                                             'estimated_salary',
                                             'balance_salary_ratio',
                                             'tenure_age_ratio',
                                             'credit_score_age_ratio',
                                             'balance_per_product'],
                                    transformer=SimpleImputer())),
                ('categorical_imputer',
                 TransformerWrapper(include=['gender'...
                                    transformer=OneHotEncoder(cols=['country'],
                                                              handle_missing='return_nan',
                                                              use_cat_names=True))),
                ('remove_multicollinearity',
                 TransformerWrapper(exclude=[],
                                    transformer=RemoveMulticollinearity(threshold=0.9))),
                ('balance',
                 TransformerWrapper(transformer=FixImbalancer(estimator=SMOTE(random_state=42)))),
                ('actual_estimator',
                 <catboost.core.CatBoostClassifier object at 0x00000239055D0610>)]), probability_threshold=None, encoded_labels=False, raw_score=False, round=4, verbose=True, ml_usecase=None, preprocess=True, encode_labels=<function _SupervisedExperiment.predict_model.<locals>.encode_labels at 0x0000023905D0A660>)
2026-01-30 01:22:07,302:INFO:Checking exceptions
2026-01-30 01:22:07,302:INFO:Preloading libraries
2026-01-30 01:22:07,302:INFO:Set up data.
2026-01-30 01:22:07,309:INFO:Set up index.
2026-01-30 01:41:49,633:WARNING:
'cuml' is a soft dependency and not included in the pycaret installation. Please run: `pip install cuml` to install.
2026-01-30 01:41:49,633:WARNING:
'cuml' is a soft dependency and not included in the pycaret installation. Please run: `pip install cuml` to install.
2026-01-30 01:41:49,633:WARNING:
'cuml' is a soft dependency and not included in the pycaret installation. Please run: `pip install cuml` to install.
2026-01-30 01:41:49,633:WARNING:
'cuml' is a soft dependency and not included in the pycaret installation. Please run: `pip install cuml` to install.
2026-01-30 01:41:51,143:INFO:Initializing load_model()
2026-01-30 01:41:51,143:INFO:load_model(model_name=models/catboost_classifier_model, platform=None, authentication=None, verbose=True)
2026-01-30 01:41:55,804:INFO:Initializing predict_model()
2026-01-30 01:41:55,804:INFO:predict_model(self=<pycaret.classification.oop.ClassificationExperiment object at 0x0000019B094EC590>, estimator=Pipeline(memory=Memory(location=None),
         steps=[('numerical_imputer',
                 TransformerWrapper(include=['credit_score', 'age', 'tenure',
                                             'balance', 'products_number',
                                             'estimated_salary',
                                             'balance_salary_ratio',
                                             'tenure_age_ratio',
                                             'credit_score_age_ratio',
                                             'balance_per_product'],
                                    transformer=SimpleImputer())),
                ('categorical_imputer',
                 TransformerWrapper(include=['gender'...
                                    transformer=OneHotEncoder(cols=['country'],
                                                              handle_missing='return_nan',
                                                              use_cat_names=True))),
                ('remove_multicollinearity',
                 TransformerWrapper(exclude=[],
                                    transformer=RemoveMulticollinearity(threshold=0.9))),
                ('balance',
                 TransformerWrapper(transformer=FixImbalancer(estimator=SMOTE(random_state=42)))),
                ('actual_estimator',
                 <catboost.core.CatBoostClassifier object at 0x0000019B094D16D0>)]), probability_threshold=None, encoded_labels=False, raw_score=False, round=4, verbose=True, ml_usecase=None, preprocess=True, encode_labels=<function _SupervisedExperiment.predict_model.<locals>.encode_labels at 0x0000019B7E41A020>)
2026-01-30 01:41:55,804:INFO:Checking exceptions
2026-01-30 01:41:55,804:INFO:Preloading libraries
2026-01-30 01:41:55,804:INFO:Set up data.
2026-01-30 01:41:55,813:INFO:Set up index.
2026-01-30 11:54:09,126:WARNING:
'cuml' is a soft dependency and not included in the pycaret installation. Please run: `pip install cuml` to install.
2026-01-30 11:54:09,126:WARNING:
'cuml' is a soft dependency and not included in the pycaret installation. Please run: `pip install cuml` to install.
2026-01-30 11:54:09,126:WARNING:
'cuml' is a soft dependency and not included in the pycaret installation. Please run: `pip install cuml` to install.
2026-01-30 11:54:09,126:WARNING:
'cuml' is a soft dependency and not included in the pycaret installation. Please run: `pip install cuml` to install.
2026-01-30 11:54:16,645:INFO:Initializing load_model()
2026-01-30 11:54:16,645:INFO:load_model(model_name=models/catboost_classifier_model, platform=None, authentication=None, verbose=True)
2026-01-30 11:54:26,795:INFO:Initializing predict_model()
2026-01-30 11:54:26,795:INFO:predict_model(self=<pycaret.classification.oop.ClassificationExperiment object at 0x00000209A6D2B050>, estimator=Pipeline(memory=Memory(location=None),
         steps=[('numerical_imputer',
                 TransformerWrapper(include=['credit_score', 'age', 'tenure',
                                             'balance', 'products_number',
                                             'estimated_salary',
                                             'balance_salary_ratio',
                                             'tenure_age_ratio',
                                             'credit_score_age_ratio',
                                             'balance_per_product'],
                                    transformer=SimpleImputer())),
                ('categorical_imputer',
                 TransformerWrapper(include=['gender'...
                                    transformer=OneHotEncoder(cols=['country'],
                                                              handle_missing='return_nan',
                                                              use_cat_names=True))),
                ('remove_multicollinearity',
                 TransformerWrapper(exclude=[],
                                    transformer=RemoveMulticollinearity(threshold=0.9))),
                ('balance',
                 TransformerWrapper(transformer=FixImbalancer(estimator=SMOTE(random_state=42)))),
                ('actual_estimator',
                 <catboost.core.CatBoostClassifier object at 0x00000209A80D8610>)]), probability_threshold=None, encoded_labels=False, raw_score=False, round=4, verbose=True, ml_usecase=None, preprocess=True, encode_labels=<function _SupervisedExperiment.predict_model.<locals>.encode_labels at 0x00000209A1065120>)
2026-01-30 11:54:26,795:INFO:Checking exceptions
2026-01-30 11:54:26,795:INFO:Preloading libraries
2026-01-30 11:54:26,795:INFO:Set up data.
2026-01-30 11:54:26,803:INFO:Set up index.
2026-01-30 11:57:24,377:INFO:Initializing predict_model()
2026-01-30 11:57:24,377:INFO:predict_model(self=<pycaret.classification.oop.ClassificationExperiment object at 0x00000209A846D190>, estimator=Pipeline(memory=Memory(location=None),
         steps=[('numerical_imputer',
                 TransformerWrapper(include=['credit_score', 'age', 'tenure',
                                             'balance', 'products_number',
                                             'estimated_salary',
                                             'balance_salary_ratio',
                                             'tenure_age_ratio',
                                             'credit_score_age_ratio',
                                             'balance_per_product'],
                                    transformer=SimpleImputer())),
                ('categorical_imputer',
                 TransformerWrapper(include=['gender'...
                                    transformer=OneHotEncoder(cols=['country'],
                                                              handle_missing='return_nan',
                                                              use_cat_names=True))),
                ('remove_multicollinearity',
                 TransformerWrapper(exclude=[],
                                    transformer=RemoveMulticollinearity(threshold=0.9))),
                ('balance',
                 TransformerWrapper(transformer=FixImbalancer(estimator=SMOTE(random_state=42)))),
                ('actual_estimator',
                 <catboost.core.CatBoostClassifier object at 0x00000209A80D8610>)]), probability_threshold=None, encoded_labels=False, raw_score=False, round=4, verbose=True, ml_usecase=None, preprocess=True, encode_labels=<function _SupervisedExperiment.predict_model.<locals>.encode_labels at 0x00000209A8475760>)
2026-01-30 11:57:24,377:INFO:Checking exceptions
2026-01-30 11:57:24,377:INFO:Preloading libraries
2026-01-30 11:57:24,377:INFO:Set up data.
2026-01-30 11:57:24,384:INFO:Set up index.
2026-01-30 12:00:35,153:INFO:Initializing predict_model()
2026-01-30 12:00:35,164:INFO:predict_model(self=<pycaret.classification.oop.ClassificationExperiment object at 0x00000209A8394F90>, estimator=Pipeline(memory=Memory(location=None),
         steps=[('numerical_imputer',
                 TransformerWrapper(include=['credit_score', 'age', 'tenure',
                                             'balance', 'products_number',
                                             'estimated_salary',
                                             'balance_salary_ratio',
                                             'tenure_age_ratio',
                                             'credit_score_age_ratio',
                                             'balance_per_product'],
                                    transformer=SimpleImputer())),
                ('categorical_imputer',
                 TransformerWrapper(include=['gender'...
                                    transformer=OneHotEncoder(cols=['country'],
                                                              handle_missing='return_nan',
                                                              use_cat_names=True))),
                ('remove_multicollinearity',
                 TransformerWrapper(exclude=[],
                                    transformer=RemoveMulticollinearity(threshold=0.9))),
                ('balance',
                 TransformerWrapper(transformer=FixImbalancer(estimator=SMOTE(random_state=42)))),
                ('actual_estimator',
                 <catboost.core.CatBoostClassifier object at 0x00000209A80D8610>)]), probability_threshold=None, encoded_labels=False, raw_score=False, round=4, verbose=True, ml_usecase=None, preprocess=True, encode_labels=<function _SupervisedExperiment.predict_model.<locals>.encode_labels at 0x00000209A8477240>)
2026-01-30 12:00:35,164:INFO:Checking exceptions
2026-01-30 12:00:35,165:INFO:Preloading libraries
2026-01-30 12:00:35,165:INFO:Set up data.
2026-01-30 12:00:35,170:INFO:Set up index.
2026-01-30 12:01:14,682:INFO:Initializing predict_model()
2026-01-30 12:01:14,682:INFO:predict_model(self=<pycaret.classification.oop.ClassificationExperiment object at 0x00000209A8414910>, estimator=Pipeline(memory=Memory(location=None),
         steps=[('numerical_imputer',
                 TransformerWrapper(include=['credit_score', 'age', 'tenure',
                                             'balance', 'products_number',
                                             'estimated_salary',
                                             'balance_salary_ratio',
                                             'tenure_age_ratio',
                                             'credit_score_age_ratio',
                                             'balance_per_product'],
                                    transformer=SimpleImputer())),
                ('categorical_imputer',
                 TransformerWrapper(include=['gender'...
                                    transformer=OneHotEncoder(cols=['country'],
                                                              handle_missing='return_nan',
                                                              use_cat_names=True))),
                ('remove_multicollinearity',
                 TransformerWrapper(exclude=[],
                                    transformer=RemoveMulticollinearity(threshold=0.9))),
                ('balance',
                 TransformerWrapper(transformer=FixImbalancer(estimator=SMOTE(random_state=42)))),
                ('actual_estimator',
                 <catboost.core.CatBoostClassifier object at 0x00000209A80D8610>)]), probability_threshold=None, encoded_labels=False, raw_score=False, round=4, verbose=True, ml_usecase=None, preprocess=True, encode_labels=<function _SupervisedExperiment.predict_model.<locals>.encode_labels at 0x00000209A84771A0>)
2026-01-30 12:01:14,682:INFO:Checking exceptions
2026-01-30 12:01:14,682:INFO:Preloading libraries
2026-01-30 12:01:14,682:INFO:Set up data.
2026-01-30 12:01:14,686:INFO:Set up index.
2026-01-30 12:01:58,712:INFO:Initializing predict_model()
2026-01-30 12:01:58,712:INFO:predict_model(self=<pycaret.classification.oop.ClassificationExperiment object at 0x00000209A853D250>, estimator=Pipeline(memory=Memory(location=None),
         steps=[('numerical_imputer',
                 TransformerWrapper(include=['credit_score', 'age', 'tenure',
                                             'balance', 'products_number',
                                             'estimated_salary',
                                             'balance_salary_ratio',
                                             'tenure_age_ratio',
                                             'credit_score_age_ratio',
                                             'balance_per_product'],
                                    transformer=SimpleImputer())),
                ('categorical_imputer',
                 TransformerWrapper(include=['gender'...
                                    transformer=OneHotEncoder(cols=['country'],
                                                              handle_missing='return_nan',
                                                              use_cat_names=True))),
                ('remove_multicollinearity',
                 TransformerWrapper(exclude=[],
                                    transformer=RemoveMulticollinearity(threshold=0.9))),
                ('balance',
                 TransformerWrapper(transformer=FixImbalancer(estimator=SMOTE(random_state=42)))),
                ('actual_estimator',
                 <catboost.core.CatBoostClassifier object at 0x00000209A80D8610>)]), probability_threshold=None, encoded_labels=False, raw_score=False, round=4, verbose=True, ml_usecase=None, preprocess=True, encode_labels=<function _SupervisedExperiment.predict_model.<locals>.encode_labels at 0x0000020981D5AA20>)
2026-01-30 12:01:58,712:INFO:Checking exceptions
2026-01-30 12:01:58,712:INFO:Preloading libraries
2026-01-30 12:01:58,712:INFO:Set up data.
2026-01-30 12:01:58,716:INFO:Set up index.
2026-01-30 12:02:12,771:INFO:Initializing predict_model()
2026-01-30 12:02:12,771:INFO:predict_model(self=<pycaret.classification.oop.ClassificationExperiment object at 0x00000209A85513D0>, estimator=Pipeline(memory=Memory(location=None),
         steps=[('numerical_imputer',
                 TransformerWrapper(include=['credit_score', 'age', 'tenure',
                                             'balance', 'products_number',
                                             'estimated_salary',
                                             'balance_salary_ratio',
                                             'tenure_age_ratio',
                                             'credit_score_age_ratio',
                                             'balance_per_product'],
                                    transformer=SimpleImputer())),
                ('categorical_imputer',
                 TransformerWrapper(include=['gender'...
                                    transformer=OneHotEncoder(cols=['country'],
                                                              handle_missing='return_nan',
                                                              use_cat_names=True))),
                ('remove_multicollinearity',
                 TransformerWrapper(exclude=[],
                                    transformer=RemoveMulticollinearity(threshold=0.9))),
                ('balance',
                 TransformerWrapper(transformer=FixImbalancer(estimator=SMOTE(random_state=42)))),
                ('actual_estimator',
                 <catboost.core.CatBoostClassifier object at 0x00000209A80D8610>)]), probability_threshold=None, encoded_labels=False, raw_score=False, round=4, verbose=True, ml_usecase=None, preprocess=True, encode_labels=<function _SupervisedExperiment.predict_model.<locals>.encode_labels at 0x00000209A8433600>)
2026-01-30 12:02:12,771:INFO:Checking exceptions
2026-01-30 12:02:12,771:INFO:Preloading libraries
2026-01-30 12:02:12,771:INFO:Set up data.
2026-01-30 12:02:12,778:INFO:Set up index.
2026-01-30 12:02:18,430:INFO:Initializing predict_model()
2026-01-30 12:02:18,437:INFO:predict_model(self=<pycaret.classification.oop.ClassificationExperiment object at 0x00000209A85C4F90>, estimator=Pipeline(memory=Memory(location=None),
         steps=[('numerical_imputer',
                 TransformerWrapper(include=['credit_score', 'age', 'tenure',
                                             'balance', 'products_number',
                                             'estimated_salary',
                                             'balance_salary_ratio',
                                             'tenure_age_ratio',
                                             'credit_score_age_ratio',
                                             'balance_per_product'],
                                    transformer=SimpleImputer())),
                ('categorical_imputer',
                 TransformerWrapper(include=['gender'...
                                    transformer=OneHotEncoder(cols=['country'],
                                                              handle_missing='return_nan',
                                                              use_cat_names=True))),
                ('remove_multicollinearity',
                 TransformerWrapper(exclude=[],
                                    transformer=RemoveMulticollinearity(threshold=0.9))),
                ('balance',
                 TransformerWrapper(transformer=FixImbalancer(estimator=SMOTE(random_state=42)))),
                ('actual_estimator',
                 <catboost.core.CatBoostClassifier object at 0x00000209A80D8610>)]), probability_threshold=None, encoded_labels=False, raw_score=False, round=4, verbose=True, ml_usecase=None, preprocess=True, encode_labels=<function _SupervisedExperiment.predict_model.<locals>.encode_labels at 0x00000209A8433B00>)
2026-01-30 12:02:18,438:INFO:Checking exceptions
2026-01-30 12:02:18,438:INFO:Preloading libraries
2026-01-30 12:02:18,438:INFO:Set up data.
2026-01-30 12:02:18,438:INFO:Set up index.
2026-01-30 12:02:22,215:INFO:Initializing predict_model()
2026-01-30 12:02:22,215:INFO:predict_model(self=<pycaret.classification.oop.ClassificationExperiment object at 0x00000209A8609450>, estimator=Pipeline(memory=Memory(location=None),
         steps=[('numerical_imputer',
                 TransformerWrapper(include=['credit_score', 'age', 'tenure',
                                             'balance', 'products_number',
                                             'estimated_salary',
                                             'balance_salary_ratio',
                                             'tenure_age_ratio',
                                             'credit_score_age_ratio',
                                             'balance_per_product'],
                                    transformer=SimpleImputer())),
                ('categorical_imputer',
                 TransformerWrapper(include=['gender'...
                                    transformer=OneHotEncoder(cols=['country'],
                                                              handle_missing='return_nan',
                                                              use_cat_names=True))),
                ('remove_multicollinearity',
                 TransformerWrapper(exclude=[],
                                    transformer=RemoveMulticollinearity(threshold=0.9))),
                ('balance',
                 TransformerWrapper(transformer=FixImbalancer(estimator=SMOTE(random_state=42)))),
                ('actual_estimator',
                 <catboost.core.CatBoostClassifier object at 0x00000209A80D8610>)]), probability_threshold=None, encoded_labels=False, raw_score=False, round=4, verbose=True, ml_usecase=None, preprocess=True, encode_labels=<function _SupervisedExperiment.predict_model.<locals>.encode_labels at 0x00000209A8433CE0>)
2026-01-30 12:02:22,215:INFO:Checking exceptions
2026-01-30 12:02:22,215:INFO:Preloading libraries
2026-01-30 12:02:22,215:INFO:Set up data.
2026-01-30 12:02:22,222:INFO:Set up index.
2026-01-30 12:06:29,478:WARNING:
'cuml' is a soft dependency and not included in the pycaret installation. Please run: `pip install cuml` to install.
2026-01-30 12:06:29,478:WARNING:
'cuml' is a soft dependency and not included in the pycaret installation. Please run: `pip install cuml` to install.
2026-01-30 12:06:29,478:WARNING:
'cuml' is a soft dependency and not included in the pycaret installation. Please run: `pip install cuml` to install.
2026-01-30 12:06:29,478:WARNING:
'cuml' is a soft dependency and not included in the pycaret installation. Please run: `pip install cuml` to install.
2026-01-30 12:06:31,583:INFO:Initializing load_model()
2026-01-30 12:06:31,583:INFO:load_model(model_name=models/catboost_classifier_model, platform=None, authentication=None, verbose=True)
2026-01-30 12:07:04,524:INFO:Initializing predict_model()
2026-01-30 12:07:04,524:INFO:predict_model(self=<pycaret.classification.oop.ClassificationExperiment object at 0x000001756E2FD450>, estimator=Pipeline(memory=Memory(location=None),
         steps=[('numerical_imputer',
                 TransformerWrapper(include=['credit_score', 'age', 'tenure',
                                             'balance', 'products_number',
                                             'estimated_salary',
                                             'balance_salary_ratio',
                                             'tenure_age_ratio',
                                             'credit_score_age_ratio',
                                             'balance_per_product'],
                                    transformer=SimpleImputer())),
                ('categorical_imputer',
                 TransformerWrapper(include=['gender'...
                                    transformer=OneHotEncoder(cols=['country'],
                                                              handle_missing='return_nan',
                                                              use_cat_names=True))),
                ('remove_multicollinearity',
                 TransformerWrapper(exclude=[],
                                    transformer=RemoveMulticollinearity(threshold=0.9))),
                ('balance',
                 TransformerWrapper(transformer=FixImbalancer(estimator=SMOTE(random_state=42)))),
                ('actual_estimator',
                 <catboost.core.CatBoostClassifier object at 0x000001756E2D4310>)]), probability_threshold=None, encoded_labels=False, raw_score=False, round=4, verbose=True, ml_usecase=None, preprocess=True, encode_labels=<function _SupervisedExperiment.predict_model.<locals>.encode_labels at 0x0000017526C89EE0>)
2026-01-30 12:07:04,524:INFO:Checking exceptions
2026-01-30 12:07:04,524:INFO:Preloading libraries
2026-01-30 12:07:04,524:INFO:Set up data.
2026-01-30 12:07:04,530:INFO:Set up index.
2026-01-30 12:07:18,285:INFO:Initializing predict_model()
2026-01-30 12:07:18,285:INFO:predict_model(self=<pycaret.classification.oop.ClassificationExperiment object at 0x000001756E2EC710>, estimator=Pipeline(memory=Memory(location=None),
         steps=[('numerical_imputer',
                 TransformerWrapper(include=['credit_score', 'age', 'tenure',
                                             'balance', 'products_number',
                                             'estimated_salary',
                                             'balance_salary_ratio',
                                             'tenure_age_ratio',
                                             'credit_score_age_ratio',
                                             'balance_per_product'],
                                    transformer=SimpleImputer())),
                ('categorical_imputer',
                 TransformerWrapper(include=['gender'...
                                    transformer=OneHotEncoder(cols=['country'],
                                                              handle_missing='return_nan',
                                                              use_cat_names=True))),
                ('remove_multicollinearity',
                 TransformerWrapper(exclude=[],
                                    transformer=RemoveMulticollinearity(threshold=0.9))),
                ('balance',
                 TransformerWrapper(transformer=FixImbalancer(estimator=SMOTE(random_state=42)))),
                ('actual_estimator',
                 <catboost.core.CatBoostClassifier object at 0x000001756E2D4310>)]), probability_threshold=None, encoded_labels=False, raw_score=False, round=4, verbose=True, ml_usecase=None, preprocess=True, encode_labels=<function _SupervisedExperiment.predict_model.<locals>.encode_labels at 0x000001756E67F740>)
2026-01-30 12:07:18,285:INFO:Checking exceptions
2026-01-30 12:07:18,285:INFO:Preloading libraries
2026-01-30 12:07:18,286:INFO:Set up data.
2026-01-30 12:07:18,290:INFO:Set up index.
2026-01-30 12:07:23,117:INFO:Initializing predict_model()
2026-01-30 12:07:23,117:INFO:predict_model(self=<pycaret.classification.oop.ClassificationExperiment object at 0x000001756E658150>, estimator=Pipeline(memory=Memory(location=None),
         steps=[('numerical_imputer',
                 TransformerWrapper(include=['credit_score', 'age', 'tenure',
                                             'balance', 'products_number',
                                             'estimated_salary',
                                             'balance_salary_ratio',
                                             'tenure_age_ratio',
                                             'credit_score_age_ratio',
                                             'balance_per_product'],
                                    transformer=SimpleImputer())),
                ('categorical_imputer',
                 TransformerWrapper(include=['gender'...
                                    transformer=OneHotEncoder(cols=['country'],
                                                              handle_missing='return_nan',
                                                              use_cat_names=True))),
                ('remove_multicollinearity',
                 TransformerWrapper(exclude=[],
                                    transformer=RemoveMulticollinearity(threshold=0.9))),
                ('balance',
                 TransformerWrapper(transformer=FixImbalancer(estimator=SMOTE(random_state=42)))),
                ('actual_estimator',
                 <catboost.core.CatBoostClassifier object at 0x000001756E2D4310>)]), probability_threshold=None, encoded_labels=False, raw_score=False, round=4, verbose=True, ml_usecase=None, preprocess=True, encode_labels=<function _SupervisedExperiment.predict_model.<locals>.encode_labels at 0x000001756E67F2E0>)
2026-01-30 12:07:23,117:INFO:Checking exceptions
2026-01-30 12:07:23,117:INFO:Preloading libraries
2026-01-30 12:07:23,117:INFO:Set up data.
2026-01-30 12:07:23,123:INFO:Set up index.
2026-01-30 12:07:31,977:INFO:Initializing predict_model()
2026-01-30 12:07:31,977:INFO:predict_model(self=<pycaret.classification.oop.ClassificationExperiment object at 0x000001756E6FD1D0>, estimator=Pipeline(memory=Memory(location=None),
         steps=[('numerical_imputer',
                 TransformerWrapper(include=['credit_score', 'age', 'tenure',
                                             'balance', 'products_number',
                                             'estimated_salary',
                                             'balance_salary_ratio',
                                             'tenure_age_ratio',
                                             'credit_score_age_ratio',
                                             'balance_per_product'],
                                    transformer=SimpleImputer())),
                ('categorical_imputer',
                 TransformerWrapper(include=['gender'...
                                    transformer=OneHotEncoder(cols=['country'],
                                                              handle_missing='return_nan',
                                                              use_cat_names=True))),
                ('remove_multicollinearity',
                 TransformerWrapper(exclude=[],
                                    transformer=RemoveMulticollinearity(threshold=0.9))),
                ('balance',
                 TransformerWrapper(transformer=FixImbalancer(estimator=SMOTE(random_state=42)))),
                ('actual_estimator',
                 <catboost.core.CatBoostClassifier object at 0x000001756E2D4310>)]), probability_threshold=None, encoded_labels=False, raw_score=False, round=4, verbose=True, ml_usecase=None, preprocess=True, encode_labels=<function _SupervisedExperiment.predict_model.<locals>.encode_labels at 0x000001756E67F240>)
2026-01-30 12:07:31,977:INFO:Checking exceptions
2026-01-30 12:07:31,977:INFO:Preloading libraries
2026-01-30 12:07:31,977:INFO:Set up data.
2026-01-30 12:07:31,977:INFO:Set up index.
2026-01-30 12:09:31,281:INFO:Initializing predict_model()
2026-01-30 12:09:31,281:INFO:predict_model(self=<pycaret.classification.oop.ClassificationExperiment object at 0x000001756E6F8A10>, estimator=Pipeline(memory=Memory(location=None),
         steps=[('numerical_imputer',
                 TransformerWrapper(include=['credit_score', 'age', 'tenure',
                                             'balance', 'products_number',
                                             'estimated_salary',
                                             'balance_salary_ratio',
                                             'tenure_age_ratio',
                                             'credit_score_age_ratio',
                                             'balance_per_product'],
                                    transformer=SimpleImputer())),
                ('categorical_imputer',
                 TransformerWrapper(include=['gender'...
                                    transformer=OneHotEncoder(cols=['country'],
                                                              handle_missing='return_nan',
                                                              use_cat_names=True))),
                ('remove_multicollinearity',
                 TransformerWrapper(exclude=[],
                                    transformer=RemoveMulticollinearity(threshold=0.9))),
                ('balance',
                 TransformerWrapper(transformer=FixImbalancer(estimator=SMOTE(random_state=42)))),
                ('actual_estimator',
                 <catboost.core.CatBoostClassifier object at 0x000001756E2D4310>)]), probability_threshold=None, encoded_labels=False, raw_score=False, round=4, verbose=True, ml_usecase=None, preprocess=True, encode_labels=<function _SupervisedExperiment.predict_model.<locals>.encode_labels at 0x000001756E57EC00>)
2026-01-30 12:09:31,281:INFO:Checking exceptions
2026-01-30 12:09:31,281:INFO:Preloading libraries
2026-01-30 12:09:31,281:INFO:Set up data.
2026-01-30 12:09:31,300:INFO:Set up index.
2026-01-30 12:09:47,494:INFO:Initializing predict_model()
2026-01-30 12:09:47,494:INFO:predict_model(self=<pycaret.classification.oop.ClassificationExperiment object at 0x000001756E8012D0>, estimator=Pipeline(memory=Memory(location=None),
         steps=[('numerical_imputer',
                 TransformerWrapper(include=['credit_score', 'age', 'tenure',
                                             'balance', 'products_number',
                                             'estimated_salary',
                                             'balance_salary_ratio',
                                             'tenure_age_ratio',
                                             'credit_score_age_ratio',
                                             'balance_per_product'],
                                    transformer=SimpleImputer())),
                ('categorical_imputer',
                 TransformerWrapper(include=['gender'...
                                    transformer=OneHotEncoder(cols=['country'],
                                                              handle_missing='return_nan',
                                                              use_cat_names=True))),
                ('remove_multicollinearity',
                 TransformerWrapper(exclude=[],
                                    transformer=RemoveMulticollinearity(threshold=0.9))),
                ('balance',
                 TransformerWrapper(transformer=FixImbalancer(estimator=SMOTE(random_state=42)))),
                ('actual_estimator',
                 <catboost.core.CatBoostClassifier object at 0x000001756E2D4310>)]), probability_threshold=None, encoded_labels=False, raw_score=False, round=4, verbose=True, ml_usecase=None, preprocess=True, encode_labels=<function _SupervisedExperiment.predict_model.<locals>.encode_labels at 0x0000017526C885E0>)
2026-01-30 12:09:47,494:INFO:Checking exceptions
2026-01-30 12:09:47,494:INFO:Preloading libraries
2026-01-30 12:09:47,494:INFO:Set up data.
2026-01-30 12:09:47,501:INFO:Set up index.
2026-01-30 12:09:53,050:INFO:Initializing predict_model()
2026-01-30 12:09:53,050:INFO:predict_model(self=<pycaret.classification.oop.ClassificationExperiment object at 0x000001756E805010>, estimator=Pipeline(memory=Memory(location=None),
         steps=[('numerical_imputer',
                 TransformerWrapper(include=['credit_score', 'age', 'tenure',
                                             'balance', 'products_number',
                                             'estimated_salary',
                                             'balance_salary_ratio',
                                             'tenure_age_ratio',
                                             'credit_score_age_ratio',
                                             'balance_per_product'],
                                    transformer=SimpleImputer())),
                ('categorical_imputer',
                 TransformerWrapper(include=['gender'...
                                    transformer=OneHotEncoder(cols=['country'],
                                                              handle_missing='return_nan',
                                                              use_cat_names=True))),
                ('remove_multicollinearity',
                 TransformerWrapper(exclude=[],
                                    transformer=RemoveMulticollinearity(threshold=0.9))),
                ('balance',
                 TransformerWrapper(transformer=FixImbalancer(estimator=SMOTE(random_state=42)))),
                ('actual_estimator',
                 <catboost.core.CatBoostClassifier object at 0x000001756E2D4310>)]), probability_threshold=None, encoded_labels=False, raw_score=False, round=4, verbose=True, ml_usecase=None, preprocess=True, encode_labels=<function _SupervisedExperiment.predict_model.<locals>.encode_labels at 0x000001756E782700>)
2026-01-30 12:09:53,050:INFO:Checking exceptions
2026-01-30 12:09:53,050:INFO:Preloading libraries
2026-01-30 12:09:53,050:INFO:Set up data.
2026-01-30 12:09:53,050:INFO:Set up index.
2026-01-30 12:10:40,188:INFO:Initializing predict_model()
2026-01-30 12:10:40,188:INFO:predict_model(self=<pycaret.classification.oop.ClassificationExperiment object at 0x000001756E8C6350>, estimator=Pipeline(memory=Memory(location=None),
         steps=[('numerical_imputer',
                 TransformerWrapper(include=['credit_score', 'age', 'tenure',
                                             'balance', 'products_number',
                                             'estimated_salary',
                                             'balance_salary_ratio',
                                             'tenure_age_ratio',
                                             'credit_score_age_ratio',
                                             'balance_per_product'],
                                    transformer=SimpleImputer())),
                ('categorical_imputer',
                 TransformerWrapper(include=['gender'...
                                    transformer=OneHotEncoder(cols=['country'],
                                                              handle_missing='return_nan',
                                                              use_cat_names=True))),
                ('remove_multicollinearity',
                 TransformerWrapper(exclude=[],
                                    transformer=RemoveMulticollinearity(threshold=0.9))),
                ('balance',
                 TransformerWrapper(transformer=FixImbalancer(estimator=SMOTE(random_state=42)))),
                ('actual_estimator',
                 <catboost.core.CatBoostClassifier object at 0x000001756E2D4310>)]), probability_threshold=None, encoded_labels=False, raw_score=False, round=4, verbose=True, ml_usecase=None, preprocess=True, encode_labels=<function _SupervisedExperiment.predict_model.<locals>.encode_labels at 0x000001756EA66CA0>)
2026-01-30 12:10:40,195:INFO:Checking exceptions
2026-01-30 12:10:40,195:INFO:Preloading libraries
2026-01-30 12:10:40,195:INFO:Set up data.
2026-01-30 12:10:40,195:INFO:Set up index.
2026-01-30 12:12:30,080:INFO:Initializing predict_model()
2026-01-30 12:12:30,080:INFO:predict_model(self=<pycaret.classification.oop.ClassificationExperiment object at 0x000001756EAA7FD0>, estimator=Pipeline(memory=Memory(location=None),
         steps=[('numerical_imputer',
                 TransformerWrapper(include=['credit_score', 'age', 'tenure',
                                             'balance', 'products_number',
                                             'estimated_salary',
                                             'balance_salary_ratio',
                                             'tenure_age_ratio',
                                             'credit_score_age_ratio',
                                             'balance_per_product'],
                                    transformer=SimpleImputer())),
                ('categorical_imputer',
                 TransformerWrapper(include=['gender'...
                                    transformer=OneHotEncoder(cols=['country'],
                                                              handle_missing='return_nan',
                                                              use_cat_names=True))),
                ('remove_multicollinearity',
                 TransformerWrapper(exclude=[],
                                    transformer=RemoveMulticollinearity(threshold=0.9))),
                ('balance',
                 TransformerWrapper(transformer=FixImbalancer(estimator=SMOTE(random_state=42)))),
                ('actual_estimator',
                 <catboost.core.CatBoostClassifier object at 0x000001756E2D4310>)]), probability_threshold=None, encoded_labels=False, raw_score=False, round=4, verbose=True, ml_usecase=None, preprocess=True, encode_labels=<function _SupervisedExperiment.predict_model.<locals>.encode_labels at 0x000001756EA671A0>)
2026-01-30 12:12:30,080:INFO:Checking exceptions
2026-01-30 12:12:30,080:INFO:Preloading libraries
2026-01-30 12:12:30,080:INFO:Set up data.
2026-01-30 12:12:30,080:INFO:Set up index.
2026-01-30 12:12:39,937:INFO:Initializing predict_model()
2026-01-30 12:12:39,937:INFO:predict_model(self=<pycaret.classification.oop.ClassificationExperiment object at 0x000001756EAAFFD0>, estimator=Pipeline(memory=Memory(location=None),
         steps=[('numerical_imputer',
                 TransformerWrapper(include=['credit_score', 'age', 'tenure',
                                             'balance', 'products_number',
                                             'estimated_salary',
                                             'balance_salary_ratio',
                                             'tenure_age_ratio',
                                             'credit_score_age_ratio',
                                             'balance_per_product'],
                                    transformer=SimpleImputer())),
                ('categorical_imputer',
                 TransformerWrapper(include=['gender'...
                                    transformer=OneHotEncoder(cols=['country'],
                                                              handle_missing='return_nan',
                                                              use_cat_names=True))),
                ('remove_multicollinearity',
                 TransformerWrapper(exclude=[],
                                    transformer=RemoveMulticollinearity(threshold=0.9))),
                ('balance',
                 TransformerWrapper(transformer=FixImbalancer(estimator=SMOTE(random_state=42)))),
                ('actual_estimator',
                 <catboost.core.CatBoostClassifier object at 0x000001756E2D4310>)]), probability_threshold=None, encoded_labels=False, raw_score=False, round=4, verbose=True, ml_usecase=None, preprocess=True, encode_labels=<function _SupervisedExperiment.predict_model.<locals>.encode_labels at 0x0000017526C882C0>)
2026-01-30 12:12:39,937:INFO:Checking exceptions
2026-01-30 12:12:39,937:INFO:Preloading libraries
2026-01-30 12:12:39,937:INFO:Set up data.
2026-01-30 12:12:39,940:INFO:Set up index.
2026-01-30 12:12:43,322:INFO:Initializing predict_model()
2026-01-30 12:12:43,322:INFO:predict_model(self=<pycaret.classification.oop.ClassificationExperiment object at 0x000001756EA25F50>, estimator=Pipeline(memory=Memory(location=None),
         steps=[('numerical_imputer',
                 TransformerWrapper(include=['credit_score', 'age', 'tenure',
                                             'balance', 'products_number',
                                             'estimated_salary',
                                             'balance_salary_ratio',
                                             'tenure_age_ratio',
                                             'credit_score_age_ratio',
                                             'balance_per_product'],
                                    transformer=SimpleImputer())),
                ('categorical_imputer',
                 TransformerWrapper(include=['gender'...
                                    transformer=OneHotEncoder(cols=['country'],
                                                              handle_missing='return_nan',
                                                              use_cat_names=True))),
                ('remove_multicollinearity',
                 TransformerWrapper(exclude=[],
                                    transformer=RemoveMulticollinearity(threshold=0.9))),
                ('balance',
                 TransformerWrapper(transformer=FixImbalancer(estimator=SMOTE(random_state=42)))),
                ('actual_estimator',
                 <catboost.core.CatBoostClassifier object at 0x000001756E2D4310>)]), probability_threshold=None, encoded_labels=False, raw_score=False, round=4, verbose=True, ml_usecase=None, preprocess=True, encode_labels=<function _SupervisedExperiment.predict_model.<locals>.encode_labels at 0x000001756E80BD80>)
2026-01-30 12:12:43,322:INFO:Checking exceptions
2026-01-30 12:12:43,322:INFO:Preloading libraries
2026-01-30 12:12:43,322:INFO:Set up data.
2026-01-30 12:12:43,322:INFO:Set up index.
2026-01-30 12:16:07,752:WARNING:
'cuml' is a soft dependency and not included in the pycaret installation. Please run: `pip install cuml` to install.
2026-01-30 12:16:07,752:WARNING:
'cuml' is a soft dependency and not included in the pycaret installation. Please run: `pip install cuml` to install.
2026-01-30 12:16:07,752:WARNING:
'cuml' is a soft dependency and not included in the pycaret installation. Please run: `pip install cuml` to install.
2026-01-30 12:16:07,752:WARNING:
'cuml' is a soft dependency and not included in the pycaret installation. Please run: `pip install cuml` to install.
2026-01-30 12:16:09,571:INFO:Initializing load_model()
2026-01-30 12:16:09,571:INFO:load_model(model_name=models/catboost_classifier_model, platform=None, authentication=None, verbose=True)
2026-01-30 12:16:18,393:INFO:Initializing predict_model()
2026-01-30 12:16:18,399:INFO:predict_model(self=<pycaret.classification.oop.ClassificationExperiment object at 0x000001EDE19B4A10>, estimator=Pipeline(memory=Memory(location=None),
         steps=[('numerical_imputer',
                 TransformerWrapper(include=['credit_score', 'age', 'tenure',
                                             'balance', 'products_number',
                                             'estimated_salary',
                                             'balance_salary_ratio',
                                             'tenure_age_ratio',
                                             'credit_score_age_ratio',
                                             'balance_per_product'],
                                    transformer=SimpleImputer())),
                ('categorical_imputer',
                 TransformerWrapper(include=['gender'...
                                    transformer=OneHotEncoder(cols=['country'],
                                                              handle_missing='return_nan',
                                                              use_cat_names=True))),
                ('remove_multicollinearity',
                 TransformerWrapper(exclude=[],
                                    transformer=RemoveMulticollinearity(threshold=0.9))),
                ('balance',
                 TransformerWrapper(transformer=FixImbalancer(estimator=SMOTE(random_state=42)))),
                ('actual_estimator',
                 <catboost.core.CatBoostClassifier object at 0x000001EDE193CCD0>)]), probability_threshold=None, encoded_labels=False, raw_score=False, round=4, verbose=True, ml_usecase=None, preprocess=True, encode_labels=<function _SupervisedExperiment.predict_model.<locals>.encode_labels at 0x000001EDC381AAC0>)
2026-01-30 12:16:18,399:INFO:Checking exceptions
2026-01-30 12:16:18,399:INFO:Preloading libraries
2026-01-30 12:16:18,400:INFO:Set up data.
2026-01-30 12:16:18,400:INFO:Set up index.
2026-01-30 12:17:07,119:INFO:Initializing predict_model()
2026-01-30 12:17:07,119:INFO:predict_model(self=<pycaret.classification.oop.ClassificationExperiment object at 0x000001EDE1D0D090>, estimator=Pipeline(memory=Memory(location=None),
         steps=[('numerical_imputer',
                 TransformerWrapper(include=['credit_score', 'age', 'tenure',
                                             'balance', 'products_number',
                                             'estimated_salary',
                                             'balance_salary_ratio',
                                             'tenure_age_ratio',
                                             'credit_score_age_ratio',
                                             'balance_per_product'],
                                    transformer=SimpleImputer())),
                ('categorical_imputer',
                 TransformerWrapper(include=['gender'...
                                    transformer=OneHotEncoder(cols=['country'],
                                                              handle_missing='return_nan',
                                                              use_cat_names=True))),
                ('remove_multicollinearity',
                 TransformerWrapper(exclude=[],
                                    transformer=RemoveMulticollinearity(threshold=0.9))),
                ('balance',
                 TransformerWrapper(transformer=FixImbalancer(estimator=SMOTE(random_state=42)))),
                ('actual_estimator',
                 <catboost.core.CatBoostClassifier object at 0x000001EDE193CCD0>)]), probability_threshold=None, encoded_labels=False, raw_score=False, round=4, verbose=True, ml_usecase=None, preprocess=True, encode_labels=<function _SupervisedExperiment.predict_model.<locals>.encode_labels at 0x000001EDE1D15B20>)
2026-01-30 12:17:07,119:INFO:Checking exceptions
2026-01-30 12:17:07,119:INFO:Preloading libraries
2026-01-30 12:17:07,119:INFO:Set up data.
2026-01-30 12:17:07,119:INFO:Set up index.
2026-01-30 12:17:10,386:INFO:Initializing predict_model()
2026-01-30 12:17:10,386:INFO:predict_model(self=<pycaret.classification.oop.ClassificationExperiment object at 0x000001EDE194A3D0>, estimator=Pipeline(memory=Memory(location=None),
         steps=[('numerical_imputer',
                 TransformerWrapper(include=['credit_score', 'age', 'tenure',
                                             'balance', 'products_number',
                                             'estimated_salary',
                                             'balance_salary_ratio',
                                             'tenure_age_ratio',
                                             'credit_score_age_ratio',
                                             'balance_per_product'],
                                    transformer=SimpleImputer())),
                ('categorical_imputer',
                 TransformerWrapper(include=['gender'...
                                    transformer=OneHotEncoder(cols=['country'],
                                                              handle_missing='return_nan',
                                                              use_cat_names=True))),
                ('remove_multicollinearity',
                 TransformerWrapper(exclude=[],
                                    transformer=RemoveMulticollinearity(threshold=0.9))),
                ('balance',
                 TransformerWrapper(transformer=FixImbalancer(estimator=SMOTE(random_state=42)))),
                ('actual_estimator',
                 <catboost.core.CatBoostClassifier object at 0x000001EDE193CCD0>)]), probability_threshold=None, encoded_labels=False, raw_score=False, round=4, verbose=True, ml_usecase=None, preprocess=True, encode_labels=<function _SupervisedExperiment.predict_model.<locals>.encode_labels at 0x000001EDE1D16AC0>)
2026-01-30 12:17:10,386:INFO:Checking exceptions
2026-01-30 12:17:10,386:INFO:Preloading libraries
2026-01-30 12:17:10,386:INFO:Set up data.
2026-01-30 12:17:10,388:INFO:Set up index.
2026-01-30 12:17:10,767:INFO:Initializing predict_model()
2026-01-30 12:17:10,767:INFO:predict_model(self=<pycaret.classification.oop.ClassificationExperiment object at 0x000001EDE1D0CFD0>, estimator=Pipeline(memory=Memory(location=None),
         steps=[('numerical_imputer',
                 TransformerWrapper(include=['credit_score', 'age', 'tenure',
                                             'balance', 'products_number',
                                             'estimated_salary',
                                             'balance_salary_ratio',
                                             'tenure_age_ratio',
                                             'credit_score_age_ratio',
                                             'balance_per_product'],
                                    transformer=SimpleImputer())),
                ('categorical_imputer',
                 TransformerWrapper(include=['gender'...
                                    transformer=OneHotEncoder(cols=['country'],
                                                              handle_missing='return_nan',
                                                              use_cat_names=True))),
                ('remove_multicollinearity',
                 TransformerWrapper(exclude=[],
                                    transformer=RemoveMulticollinearity(threshold=0.9))),
                ('balance',
                 TransformerWrapper(transformer=FixImbalancer(estimator=SMOTE(random_state=42)))),
                ('actual_estimator',
                 <catboost.core.CatBoostClassifier object at 0x000001EDE193CCD0>)]), probability_threshold=None, encoded_labels=False, raw_score=False, round=4, verbose=True, ml_usecase=None, preprocess=True, encode_labels=<function _SupervisedExperiment.predict_model.<locals>.encode_labels at 0x000001EDE1D3B600>)
2026-01-30 12:17:10,767:INFO:Checking exceptions
2026-01-30 12:17:10,773:INFO:Preloading libraries
2026-01-30 12:17:10,773:INFO:Set up data.
2026-01-30 12:17:10,780:INFO:Set up index.
2026-01-30 12:17:11,003:INFO:Initializing predict_model()
2026-01-30 12:17:11,003:INFO:predict_model(self=<pycaret.classification.oop.ClassificationExperiment object at 0x000001EDE1DB0510>, estimator=Pipeline(memory=Memory(location=None),
         steps=[('numerical_imputer',
                 TransformerWrapper(include=['credit_score', 'age', 'tenure',
                                             'balance', 'products_number',
                                             'estimated_salary',
                                             'balance_salary_ratio',
                                             'tenure_age_ratio',
                                             'credit_score_age_ratio',
                                             'balance_per_product'],
                                    transformer=SimpleImputer())),
                ('categorical_imputer',
                 TransformerWrapper(include=['gender'...
                                    transformer=OneHotEncoder(cols=['country'],
                                                              handle_missing='return_nan',
                                                              use_cat_names=True))),
                ('remove_multicollinearity',
                 TransformerWrapper(exclude=[],
                                    transformer=RemoveMulticollinearity(threshold=0.9))),
                ('balance',
                 TransformerWrapper(transformer=FixImbalancer(estimator=SMOTE(random_state=42)))),
                ('actual_estimator',
                 <catboost.core.CatBoostClassifier object at 0x000001EDE193CCD0>)]), probability_threshold=None, encoded_labels=False, raw_score=False, round=4, verbose=True, ml_usecase=None, preprocess=True, encode_labels=<function _SupervisedExperiment.predict_model.<locals>.encode_labels at 0x000001EDE1D3B2E0>)
2026-01-30 12:17:11,093:INFO:Checking exceptions
2026-01-30 12:17:11,093:INFO:Preloading libraries
2026-01-30 12:17:11,093:INFO:Set up data.
2026-01-30 12:17:11,099:INFO:Set up index.
2026-01-30 12:17:27,474:INFO:Initializing predict_model()
2026-01-30 12:17:27,474:INFO:predict_model(self=<pycaret.classification.oop.ClassificationExperiment object at 0x000001EDE1D04F90>, estimator=Pipeline(memory=Memory(location=None),
         steps=[('numerical_imputer',
                 TransformerWrapper(include=['credit_score', 'age', 'tenure',
                                             'balance', 'products_number',
                                             'estimated_salary',
                                             'balance_salary_ratio',
                                             'tenure_age_ratio',
                                             'credit_score_age_ratio',
                                             'balance_per_product'],
                                    transformer=SimpleImputer())),
                ('categorical_imputer',
                 TransformerWrapper(include=['gender'...
                                    transformer=OneHotEncoder(cols=['country'],
                                                              handle_missing='return_nan',
                                                              use_cat_names=True))),
                ('remove_multicollinearity',
                 TransformerWrapper(exclude=[],
                                    transformer=RemoveMulticollinearity(threshold=0.9))),
                ('balance',
                 TransformerWrapper(transformer=FixImbalancer(estimator=SMOTE(random_state=42)))),
                ('actual_estimator',
                 <catboost.core.CatBoostClassifier object at 0x000001EDE193CCD0>)]), probability_threshold=None, encoded_labels=False, raw_score=False, round=4, verbose=True, ml_usecase=None, preprocess=True, encode_labels=<function _SupervisedExperiment.predict_model.<locals>.encode_labels at 0x000001EDE1C3E8E0>)
2026-01-30 12:17:27,474:INFO:Checking exceptions
2026-01-30 12:17:27,474:INFO:Preloading libraries
2026-01-30 12:17:27,474:INFO:Set up data.
2026-01-30 12:17:27,481:INFO:Set up index.
2026-01-30 12:17:36,802:INFO:Initializing predict_model()
2026-01-30 12:17:36,802:INFO:predict_model(self=<pycaret.classification.oop.ClassificationExperiment object at 0x000001EDE1D2B5D0>, estimator=Pipeline(memory=Memory(location=None),
         steps=[('numerical_imputer',
                 TransformerWrapper(include=['credit_score', 'age', 'tenure',
                                             'balance', 'products_number',
                                             'estimated_salary',
                                             'balance_salary_ratio',
                                             'tenure_age_ratio',
                                             'credit_score_age_ratio',
                                             'balance_per_product'],
                                    transformer=SimpleImputer())),
                ('categorical_imputer',
                 TransformerWrapper(include=['gender'...
                                    transformer=OneHotEncoder(cols=['country'],
                                                              handle_missing='return_nan',
                                                              use_cat_names=True))),
                ('remove_multicollinearity',
                 TransformerWrapper(exclude=[],
                                    transformer=RemoveMulticollinearity(threshold=0.9))),
                ('balance',
                 TransformerWrapper(transformer=FixImbalancer(estimator=SMOTE(random_state=42)))),
                ('actual_estimator',
                 <catboost.core.CatBoostClassifier object at 0x000001EDE193CCD0>)]), probability_threshold=None, encoded_labels=False, raw_score=False, round=4, verbose=True, ml_usecase=None, preprocess=True, encode_labels=<function _SupervisedExperiment.predict_model.<locals>.encode_labels at 0x000001EDE1D172E0>)
2026-01-30 12:17:36,802:INFO:Checking exceptions
2026-01-30 12:17:36,802:INFO:Preloading libraries
2026-01-30 12:17:36,802:INFO:Set up data.
2026-01-30 12:17:36,807:INFO:Set up index.
2026-01-30 12:17:40,614:INFO:Initializing predict_model()
2026-01-30 12:17:40,614:INFO:predict_model(self=<pycaret.classification.oop.ClassificationExperiment object at 0x000001EDE1CACED0>, estimator=Pipeline(memory=Memory(location=None),
         steps=[('numerical_imputer',
                 TransformerWrapper(include=['credit_score', 'age', 'tenure',
                                             'balance', 'products_number',
                                             'estimated_salary',
                                             'balance_salary_ratio',
                                             'tenure_age_ratio',
                                             'credit_score_age_ratio',
                                             'balance_per_product'],
                                    transformer=SimpleImputer())),
                ('categorical_imputer',
                 TransformerWrapper(include=['gender'...
                                    transformer=OneHotEncoder(cols=['country'],
                                                              handle_missing='return_nan',
                                                              use_cat_names=True))),
                ('remove_multicollinearity',
                 TransformerWrapper(exclude=[],
                                    transformer=RemoveMulticollinearity(threshold=0.9))),
                ('balance',
                 TransformerWrapper(transformer=FixImbalancer(estimator=SMOTE(random_state=42)))),
                ('actual_estimator',
                 <catboost.core.CatBoostClassifier object at 0x000001EDE193CCD0>)]), probability_threshold=None, encoded_labels=False, raw_score=False, round=4, verbose=True, ml_usecase=None, preprocess=True, encode_labels=<function _SupervisedExperiment.predict_model.<locals>.encode_labels at 0x000001EDE1D3BEC0>)
2026-01-30 12:17:40,614:INFO:Checking exceptions
2026-01-30 12:17:40,614:INFO:Preloading libraries
2026-01-30 12:17:40,614:INFO:Set up data.
2026-01-30 12:17:40,615:INFO:Set up index.
2026-01-30 12:18:39,155:INFO:Initializing load_model()
2026-01-30 12:18:39,155:INFO:load_model(model_name=models/catboost_classifier_model, platform=None, authentication=None, verbose=True)
2026-01-30 12:22:18,279:INFO:Initializing predict_model()
2026-01-30 12:22:18,279:INFO:predict_model(self=<pycaret.classification.oop.ClassificationExperiment object at 0x000001756EB32ED0>, estimator=Pipeline(memory=Memory(location=None),
         steps=[('numerical_imputer',
                 TransformerWrapper(include=['credit_score', 'age', 'tenure',
                                             'balance', 'products_number',
                                             'estimated_salary',
                                             'balance_salary_ratio',
                                             'tenure_age_ratio',
                                             'credit_score_age_ratio',
                                             'balance_per_product'],
                                    transformer=SimpleImputer())),
                ('categorical_imputer',
                 TransformerWrapper(include=['gender'...
                                    transformer=OneHotEncoder(cols=['country'],
                                                              handle_missing='return_nan',
                                                              use_cat_names=True))),
                ('remove_multicollinearity',
                 TransformerWrapper(exclude=[],
                                    transformer=RemoveMulticollinearity(threshold=0.9))),
                ('balance',
                 TransformerWrapper(transformer=FixImbalancer(estimator=SMOTE(random_state=42)))),
                ('actual_estimator',
                 <catboost.core.CatBoostClassifier object at 0x000001756E2D4310>)]), probability_threshold=None, encoded_labels=False, raw_score=False, round=4, verbose=True, ml_usecase=None, preprocess=True, encode_labels=<function _SupervisedExperiment.predict_model.<locals>.encode_labels at 0x000001756EA66AC0>)
2026-01-30 12:22:18,279:INFO:Checking exceptions
2026-01-30 12:22:18,279:INFO:Preloading libraries
2026-01-30 12:22:18,279:INFO:Set up data.
2026-01-30 12:22:18,295:INFO:Set up index.
2026-01-30 12:22:53,533:WARNING:
'cuml' is a soft dependency and not included in the pycaret installation. Please run: `pip install cuml` to install.
2026-01-30 12:22:53,533:WARNING:
'cuml' is a soft dependency and not included in the pycaret installation. Please run: `pip install cuml` to install.
2026-01-30 12:22:53,533:WARNING:
'cuml' is a soft dependency and not included in the pycaret installation. Please run: `pip install cuml` to install.
2026-01-30 12:22:53,533:WARNING:
'cuml' is a soft dependency and not included in the pycaret installation. Please run: `pip install cuml` to install.
2026-01-30 12:22:55,153:INFO:Initializing load_model()
2026-01-30 12:22:55,153:INFO:load_model(model_name=models/catboost_classifier_model, platform=None, authentication=None, verbose=True)
2026-01-30 12:23:09,860:INFO:Initializing predict_model()
2026-01-30 12:23:09,860:INFO:predict_model(self=<pycaret.classification.oop.ClassificationExperiment object at 0x00000240E1C3FD10>, estimator=Pipeline(memory=Memory(location=None),
         steps=[('numerical_imputer',
                 TransformerWrapper(include=['credit_score', 'age', 'tenure',
                                             'balance', 'products_number',
                                             'estimated_salary',
                                             'balance_salary_ratio',
                                             'tenure_age_ratio',
                                             'credit_score_age_ratio',
                                             'balance_per_product'],
                                    transformer=SimpleImputer())),
                ('categorical_imputer',
                 TransformerWrapper(include=['gender'...
                                    transformer=OneHotEncoder(cols=['country'],
                                                              handle_missing='return_nan',
                                                              use_cat_names=True))),
                ('remove_multicollinearity',
                 TransformerWrapper(exclude=[],
                                    transformer=RemoveMulticollinearity(threshold=0.9))),
                ('balance',
                 TransformerWrapper(transformer=FixImbalancer(estimator=SMOTE(random_state=42)))),
                ('actual_estimator',
                 <catboost.core.CatBoostClassifier object at 0x00000240E1C24910>)]), probability_threshold=None, encoded_labels=False, raw_score=False, round=4, verbose=True, ml_usecase=None, preprocess=True, encode_labels=<function _SupervisedExperiment.predict_model.<locals>.encode_labels at 0x00000240BCAD5A80>)
2026-01-30 12:23:09,860:INFO:Checking exceptions
2026-01-30 12:23:09,860:INFO:Preloading libraries
2026-01-30 12:23:09,860:INFO:Set up data.
2026-01-30 12:23:09,866:INFO:Set up index.
2026-01-30 12:23:24,039:INFO:Initializing predict_model()
2026-01-30 12:23:24,041:INFO:predict_model(self=<pycaret.classification.oop.ClassificationExperiment object at 0x00000240E3063950>, estimator=Pipeline(memory=Memory(location=None),
         steps=[('numerical_imputer',
                 TransformerWrapper(include=['credit_score', 'age', 'tenure',
                                             'balance', 'products_number',
                                             'estimated_salary',
                                             'balance_salary_ratio',
                                             'tenure_age_ratio',
                                             'credit_score_age_ratio',
                                             'balance_per_product'],
                                    transformer=SimpleImputer())),
                ('categorical_imputer',
                 TransformerWrapper(include=['gender'...
                                    transformer=OneHotEncoder(cols=['country'],
                                                              handle_missing='return_nan',
                                                              use_cat_names=True))),
                ('remove_multicollinearity',
                 TransformerWrapper(exclude=[],
                                    transformer=RemoveMulticollinearity(threshold=0.9))),
                ('balance',
                 TransformerWrapper(transformer=FixImbalancer(estimator=SMOTE(random_state=42)))),
                ('actual_estimator',
                 <catboost.core.CatBoostClassifier object at 0x00000240E1C24910>)]), probability_threshold=None, encoded_labels=False, raw_score=False, round=4, verbose=True, ml_usecase=None, preprocess=True, encode_labels=<function _SupervisedExperiment.predict_model.<locals>.encode_labels at 0x00000240E3075580>)
2026-01-30 12:23:24,041:INFO:Checking exceptions
2026-01-30 12:23:24,041:INFO:Preloading libraries
2026-01-30 12:23:24,041:INFO:Set up data.
2026-01-30 12:23:24,043:INFO:Set up index.
2026-01-30 12:23:30,193:INFO:Initializing predict_model()
2026-01-30 12:23:30,193:INFO:predict_model(self=<pycaret.classification.oop.ClassificationExperiment object at 0x00000240E300AD10>, estimator=Pipeline(memory=Memory(location=None),
         steps=[('numerical_imputer',
                 TransformerWrapper(include=['credit_score', 'age', 'tenure',
                                             'balance', 'products_number',
                                             'estimated_salary',
                                             'balance_salary_ratio',
                                             'tenure_age_ratio',
                                             'credit_score_age_ratio',
                                             'balance_per_product'],
                                    transformer=SimpleImputer())),
                ('categorical_imputer',
                 TransformerWrapper(include=['gender'...
                                    transformer=OneHotEncoder(cols=['country'],
                                                              handle_missing='return_nan',
                                                              use_cat_names=True))),
                ('remove_multicollinearity',
                 TransformerWrapper(exclude=[],
                                    transformer=RemoveMulticollinearity(threshold=0.9))),
                ('balance',
                 TransformerWrapper(transformer=FixImbalancer(estimator=SMOTE(random_state=42)))),
                ('actual_estimator',
                 <catboost.core.CatBoostClassifier object at 0x00000240E1C24910>)]), probability_threshold=None, encoded_labels=False, raw_score=False, round=4, verbose=True, ml_usecase=None, preprocess=True, encode_labels=<function _SupervisedExperiment.predict_model.<locals>.encode_labels at 0x00000240E30765C0>)
2026-01-30 12:23:30,194:INFO:Checking exceptions
2026-01-30 12:23:30,194:INFO:Preloading libraries
2026-01-30 12:23:30,194:INFO:Set up data.
2026-01-30 12:23:30,195:INFO:Set up index.
2026-01-30 12:23:34,817:INFO:Initializing predict_model()
2026-01-30 12:23:34,817:INFO:predict_model(self=<pycaret.classification.oop.ClassificationExperiment object at 0x00000240E3062D50>, estimator=Pipeline(memory=Memory(location=None),
         steps=[('numerical_imputer',
                 TransformerWrapper(include=['credit_score', 'age', 'tenure',
                                             'balance', 'products_number',
                                             'estimated_salary',
                                             'balance_salary_ratio',
                                             'tenure_age_ratio',
                                             'credit_score_age_ratio',
                                             'balance_per_product'],
                                    transformer=SimpleImputer())),
                ('categorical_imputer',
                 TransformerWrapper(include=['gender'...
                                    transformer=OneHotEncoder(cols=['country'],
                                                              handle_missing='return_nan',
                                                              use_cat_names=True))),
                ('remove_multicollinearity',
                 TransformerWrapper(exclude=[],
                                    transformer=RemoveMulticollinearity(threshold=0.9))),
                ('balance',
                 TransformerWrapper(transformer=FixImbalancer(estimator=SMOTE(random_state=42)))),
                ('actual_estimator',
                 <catboost.core.CatBoostClassifier object at 0x00000240E1C24910>)]), probability_threshold=None, encoded_labels=False, raw_score=False, round=4, verbose=True, ml_usecase=None, preprocess=True, encode_labels=<function _SupervisedExperiment.predict_model.<locals>.encode_labels at 0x00000240E3076020>)
2026-01-30 12:23:34,817:INFO:Checking exceptions
2026-01-30 12:23:34,817:INFO:Preloading libraries
2026-01-30 12:23:34,817:INFO:Set up data.
2026-01-30 12:23:34,817:INFO:Set up index.
2026-01-30 12:23:38,040:INFO:Initializing predict_model()
2026-01-30 12:23:38,040:INFO:predict_model(self=<pycaret.classification.oop.ClassificationExperiment object at 0x00000240E3071AD0>, estimator=Pipeline(memory=Memory(location=None),
         steps=[('numerical_imputer',
                 TransformerWrapper(include=['credit_score', 'age', 'tenure',
                                             'balance', 'products_number',
                                             'estimated_salary',
                                             'balance_salary_ratio',
                                             'tenure_age_ratio',
                                             'credit_score_age_ratio',
                                             'balance_per_product'],
                                    transformer=SimpleImputer())),
                ('categorical_imputer',
                 TransformerWrapper(include=['gender'...
                                    transformer=OneHotEncoder(cols=['country'],
                                                              handle_missing='return_nan',
                                                              use_cat_names=True))),
                ('remove_multicollinearity',
                 TransformerWrapper(exclude=[],
                                    transformer=RemoveMulticollinearity(threshold=0.9))),
                ('balance',
                 TransformerWrapper(transformer=FixImbalancer(estimator=SMOTE(random_state=42)))),
                ('actual_estimator',
                 <catboost.core.CatBoostClassifier object at 0x00000240E1C24910>)]), probability_threshold=None, encoded_labels=False, raw_score=False, round=4, verbose=True, ml_usecase=None, preprocess=True, encode_labels=<function _SupervisedExperiment.predict_model.<locals>.encode_labels at 0x00000240BC8D3380>)
2026-01-30 12:23:38,040:INFO:Checking exceptions
2026-01-30 12:23:38,040:INFO:Preloading libraries
2026-01-30 12:23:38,040:INFO:Set up data.
2026-01-30 12:23:38,046:INFO:Set up index.
2026-01-30 12:23:40,797:INFO:Initializing predict_model()
2026-01-30 12:23:40,798:INFO:predict_model(self=<pycaret.classification.oop.ClassificationExperiment object at 0x00000240E1C26CD0>, estimator=Pipeline(memory=Memory(location=None),
         steps=[('numerical_imputer',
                 TransformerWrapper(include=['credit_score', 'age', 'tenure',
                                             'balance', 'products_number',
                                             'estimated_salary',
                                             'balance_salary_ratio',
                                             'tenure_age_ratio',
                                             'credit_score_age_ratio',
                                             'balance_per_product'],
                                    transformer=SimpleImputer())),
                ('categorical_imputer',
                 TransformerWrapper(include=['gender'...
                                    transformer=OneHotEncoder(cols=['country'],
                                                              handle_missing='return_nan',
                                                              use_cat_names=True))),
                ('remove_multicollinearity',
                 TransformerWrapper(exclude=[],
                                    transformer=RemoveMulticollinearity(threshold=0.9))),
                ('balance',
                 TransformerWrapper(transformer=FixImbalancer(estimator=SMOTE(random_state=42)))),
                ('actual_estimator',
                 <catboost.core.CatBoostClassifier object at 0x00000240E1C24910>)]), probability_threshold=None, encoded_labels=False, raw_score=False, round=4, verbose=True, ml_usecase=None, preprocess=True, encode_labels=<function _SupervisedExperiment.predict_model.<locals>.encode_labels at 0x00000240E1DC3D80>)
2026-01-30 12:23:40,798:INFO:Checking exceptions
2026-01-30 12:23:40,798:INFO:Preloading libraries
2026-01-30 12:23:40,798:INFO:Set up data.
2026-01-30 12:23:40,799:INFO:Set up index.
2026-01-30 12:23:42,695:INFO:Initializing predict_model()
2026-01-30 12:23:42,695:INFO:predict_model(self=<pycaret.classification.oop.ClassificationExperiment object at 0x00000240E305DE50>, estimator=Pipeline(memory=Memory(location=None),
         steps=[('numerical_imputer',
                 TransformerWrapper(include=['credit_score', 'age', 'tenure',
                                             'balance', 'products_number',
                                             'estimated_salary',
                                             'balance_salary_ratio',
                                             'tenure_age_ratio',
                                             'credit_score_age_ratio',
                                             'balance_per_product'],
                                    transformer=SimpleImputer())),
                ('categorical_imputer',
                 TransformerWrapper(include=['gender'...
                                    transformer=OneHotEncoder(cols=['country'],
                                                              handle_missing='return_nan',
                                                              use_cat_names=True))),
                ('remove_multicollinearity',
                 TransformerWrapper(exclude=[],
                                    transformer=RemoveMulticollinearity(threshold=0.9))),
                ('balance',
                 TransformerWrapper(transformer=FixImbalancer(estimator=SMOTE(random_state=42)))),
                ('actual_estimator',
                 <catboost.core.CatBoostClassifier object at 0x00000240E1C24910>)]), probability_threshold=None, encoded_labels=False, raw_score=False, round=4, verbose=True, ml_usecase=None, preprocess=True, encode_labels=<function _SupervisedExperiment.predict_model.<locals>.encode_labels at 0x00000240E3075BC0>)
2026-01-30 12:23:42,695:INFO:Checking exceptions
2026-01-30 12:23:42,695:INFO:Preloading libraries
2026-01-30 12:23:42,695:INFO:Set up data.
2026-01-30 12:23:42,699:INFO:Set up index.
2026-01-30 12:23:45,664:INFO:Initializing predict_model()
2026-01-30 12:23:45,664:INFO:predict_model(self=<pycaret.classification.oop.ClassificationExperiment object at 0x00000240E1CA1FD0>, estimator=Pipeline(memory=Memory(location=None),
         steps=[('numerical_imputer',
                 TransformerWrapper(include=['credit_score', 'age', 'tenure',
                                             'balance', 'products_number',
                                             'estimated_salary',
                                             'balance_salary_ratio',
                                             'tenure_age_ratio',
                                             'credit_score_age_ratio',
                                             'balance_per_product'],
                                    transformer=SimpleImputer())),
                ('categorical_imputer',
                 TransformerWrapper(include=['gender'...
                                    transformer=OneHotEncoder(cols=['country'],
                                                              handle_missing='return_nan',
                                                              use_cat_names=True))),
                ('remove_multicollinearity',
                 TransformerWrapper(exclude=[],
                                    transformer=RemoveMulticollinearity(threshold=0.9))),
                ('balance',
                 TransformerWrapper(transformer=FixImbalancer(estimator=SMOTE(random_state=42)))),
                ('actual_estimator',
                 <catboost.core.CatBoostClassifier object at 0x00000240E1C24910>)]), probability_threshold=None, encoded_labels=False, raw_score=False, round=4, verbose=True, ml_usecase=None, preprocess=True, encode_labels=<function _SupervisedExperiment.predict_model.<locals>.encode_labels at 0x00000240E30754E0>)
2026-01-30 12:23:45,664:INFO:Checking exceptions
2026-01-30 12:23:45,664:INFO:Preloading libraries
2026-01-30 12:23:45,664:INFO:Set up data.
2026-01-30 12:23:45,668:INFO:Set up index.
2026-01-30 12:23:47,962:INFO:Initializing predict_model()
2026-01-30 12:23:47,962:INFO:predict_model(self=<pycaret.classification.oop.ClassificationExperiment object at 0x000002409B686510>, estimator=Pipeline(memory=Memory(location=None),
         steps=[('numerical_imputer',
                 TransformerWrapper(include=['credit_score', 'age', 'tenure',
                                             'balance', 'products_number',
                                             'estimated_salary',
                                             'balance_salary_ratio',
                                             'tenure_age_ratio',
                                             'credit_score_age_ratio',
                                             'balance_per_product'],
                                    transformer=SimpleImputer())),
                ('categorical_imputer',
                 TransformerWrapper(include=['gender'...
                                    transformer=OneHotEncoder(cols=['country'],
                                                              handle_missing='return_nan',
                                                              use_cat_names=True))),
                ('remove_multicollinearity',
                 TransformerWrapper(exclude=[],
                                    transformer=RemoveMulticollinearity(threshold=0.9))),
                ('balance',
                 TransformerWrapper(transformer=FixImbalancer(estimator=SMOTE(random_state=42)))),
                ('actual_estimator',
                 <catboost.core.CatBoostClassifier object at 0x00000240E1C24910>)]), probability_threshold=None, encoded_labels=False, raw_score=False, round=4, verbose=True, ml_usecase=None, preprocess=True, encode_labels=<function _SupervisedExperiment.predict_model.<locals>.encode_labels at 0x00000240E3076200>)
2026-01-30 12:23:47,962:INFO:Checking exceptions
2026-01-30 12:23:47,962:INFO:Preloading libraries
2026-01-30 12:23:47,962:INFO:Set up data.
2026-01-30 12:23:47,962:INFO:Set up index.
2026-01-30 12:23:50,066:INFO:Initializing predict_model()
2026-01-30 12:23:50,066:INFO:predict_model(self=<pycaret.classification.oop.ClassificationExperiment object at 0x00000240E3060ED0>, estimator=Pipeline(memory=Memory(location=None),
         steps=[('numerical_imputer',
                 TransformerWrapper(include=['credit_score', 'age', 'tenure',
                                             'balance', 'products_number',
                                             'estimated_salary',
                                             'balance_salary_ratio',
                                             'tenure_age_ratio',
                                             'credit_score_age_ratio',
                                             'balance_per_product'],
                                    transformer=SimpleImputer())),
                ('categorical_imputer',
                 TransformerWrapper(include=['gender'...
                                    transformer=OneHotEncoder(cols=['country'],
                                                              handle_missing='return_nan',
                                                              use_cat_names=True))),
                ('remove_multicollinearity',
                 TransformerWrapper(exclude=[],
                                    transformer=RemoveMulticollinearity(threshold=0.9))),
                ('balance',
                 TransformerWrapper(transformer=FixImbalancer(estimator=SMOTE(random_state=42)))),
                ('actual_estimator',
                 <catboost.core.CatBoostClassifier object at 0x00000240E1C24910>)]), probability_threshold=None, encoded_labels=False, raw_score=False, round=4, verbose=True, ml_usecase=None, preprocess=True, encode_labels=<function _SupervisedExperiment.predict_model.<locals>.encode_labels at 0x00000240E3075800>)
2026-01-30 12:23:50,066:INFO:Checking exceptions
2026-01-30 12:23:50,066:INFO:Preloading libraries
2026-01-30 12:23:50,066:INFO:Set up data.
2026-01-30 12:23:50,066:INFO:Set up index.
2026-01-30 12:23:59,401:INFO:Initializing predict_model()
2026-01-30 12:23:59,401:INFO:predict_model(self=<pycaret.classification.oop.ClassificationExperiment object at 0x00000240E1C38D90>, estimator=Pipeline(memory=Memory(location=None),
         steps=[('numerical_imputer',
                 TransformerWrapper(include=['credit_score', 'age', 'tenure',
                                             'balance', 'products_number',
                                             'estimated_salary',
                                             'balance_salary_ratio',
                                             'tenure_age_ratio',
                                             'credit_score_age_ratio',
                                             'balance_per_product'],
                                    transformer=SimpleImputer())),
                ('categorical_imputer',
                 TransformerWrapper(include=['gender'...
                                    transformer=OneHotEncoder(cols=['country'],
                                                              handle_missing='return_nan',
                                                              use_cat_names=True))),
                ('remove_multicollinearity',
                 TransformerWrapper(exclude=[],
                                    transformer=RemoveMulticollinearity(threshold=0.9))),
                ('balance',
                 TransformerWrapper(transformer=FixImbalancer(estimator=SMOTE(random_state=42)))),
                ('actual_estimator',
                 <catboost.core.CatBoostClassifier object at 0x00000240E1C24910>)]), probability_threshold=None, encoded_labels=False, raw_score=False, round=4, verbose=True, ml_usecase=None, preprocess=True, encode_labels=<function _SupervisedExperiment.predict_model.<locals>.encode_labels at 0x00000240E3077EC0>)
2026-01-30 12:23:59,401:INFO:Checking exceptions
2026-01-30 12:23:59,401:INFO:Preloading libraries
2026-01-30 12:23:59,401:INFO:Set up data.
2026-01-30 12:23:59,407:INFO:Set up index.
2026-01-30 12:24:06,407:INFO:Initializing predict_model()
2026-01-30 12:24:06,407:INFO:predict_model(self=<pycaret.classification.oop.ClassificationExperiment object at 0x00000240E1CA12D0>, estimator=Pipeline(memory=Memory(location=None),
         steps=[('numerical_imputer',
                 TransformerWrapper(include=['credit_score', 'age', 'tenure',
                                             'balance', 'products_number',
                                             'estimated_salary',
                                             'balance_salary_ratio',
                                             'tenure_age_ratio',
                                             'credit_score_age_ratio',
                                             'balance_per_product'],
                                    transformer=SimpleImputer())),
                ('categorical_imputer',
                 TransformerWrapper(include=['gender'...
                                    transformer=OneHotEncoder(cols=['country'],
                                                              handle_missing='return_nan',
                                                              use_cat_names=True))),
                ('remove_multicollinearity',
                 TransformerWrapper(exclude=[],
                                    transformer=RemoveMulticollinearity(threshold=0.9))),
                ('balance',
                 TransformerWrapper(transformer=FixImbalancer(estimator=SMOTE(random_state=42)))),
                ('actual_estimator',
                 <catboost.core.CatBoostClassifier object at 0x00000240E1C24910>)]), probability_threshold=None, encoded_labels=False, raw_score=False, round=4, verbose=True, ml_usecase=None, preprocess=True, encode_labels=<function _SupervisedExperiment.predict_model.<locals>.encode_labels at 0x00000240E3077D80>)
2026-01-30 12:24:06,407:INFO:Checking exceptions
2026-01-30 12:24:06,407:INFO:Preloading libraries
2026-01-30 12:24:06,407:INFO:Set up data.
2026-01-30 12:24:06,414:INFO:Set up index.
2026-01-30 12:24:11,781:INFO:Initializing predict_model()
2026-01-30 12:24:11,781:INFO:predict_model(self=<pycaret.classification.oop.ClassificationExperiment object at 0x00000240E1CA0550>, estimator=Pipeline(memory=Memory(location=None),
         steps=[('numerical_imputer',
                 TransformerWrapper(include=['credit_score', 'age', 'tenure',
                                             'balance', 'products_number',
                                             'estimated_salary',
                                             'balance_salary_ratio',
                                             'tenure_age_ratio',
                                             'credit_score_age_ratio',
                                             'balance_per_product'],
                                    transformer=SimpleImputer())),
                ('categorical_imputer',
                 TransformerWrapper(include=['gender'...
                                    transformer=OneHotEncoder(cols=['country'],
                                                              handle_missing='return_nan',
                                                              use_cat_names=True))),
                ('remove_multicollinearity',
                 TransformerWrapper(exclude=[],
                                    transformer=RemoveMulticollinearity(threshold=0.9))),
                ('balance',
                 TransformerWrapper(transformer=FixImbalancer(estimator=SMOTE(random_state=42)))),
                ('actual_estimator',
                 <catboost.core.CatBoostClassifier object at 0x00000240E1C24910>)]), probability_threshold=None, encoded_labels=False, raw_score=False, round=4, verbose=True, ml_usecase=None, preprocess=True, encode_labels=<function _SupervisedExperiment.predict_model.<locals>.encode_labels at 0x00000240E3076520>)
2026-01-30 12:24:11,781:INFO:Checking exceptions
2026-01-30 12:24:11,781:INFO:Preloading libraries
2026-01-30 12:24:11,781:INFO:Set up data.
2026-01-30 12:24:11,788:INFO:Set up index.
2026-01-30 12:24:15,205:INFO:Initializing predict_model()
2026-01-30 12:24:15,205:INFO:predict_model(self=<pycaret.classification.oop.ClassificationExperiment object at 0x00000240E3034B90>, estimator=Pipeline(memory=Memory(location=None),
         steps=[('numerical_imputer',
                 TransformerWrapper(include=['credit_score', 'age', 'tenure',
                                             'balance', 'products_number',
                                             'estimated_salary',
                                             'balance_salary_ratio',
                                             'tenure_age_ratio',
                                             'credit_score_age_ratio',
                                             'balance_per_product'],
                                    transformer=SimpleImputer())),
                ('categorical_imputer',
                 TransformerWrapper(include=['gender'...
                                    transformer=OneHotEncoder(cols=['country'],
                                                              handle_missing='return_nan',
                                                              use_cat_names=True))),
                ('remove_multicollinearity',
                 TransformerWrapper(exclude=[],
                                    transformer=RemoveMulticollinearity(threshold=0.9))),
                ('balance',
                 TransformerWrapper(transformer=FixImbalancer(estimator=SMOTE(random_state=42)))),
                ('actual_estimator',
                 <catboost.core.CatBoostClassifier object at 0x00000240E1C24910>)]), probability_threshold=None, encoded_labels=False, raw_score=False, round=4, verbose=True, ml_usecase=None, preprocess=True, encode_labels=<function _SupervisedExperiment.predict_model.<locals>.encode_labels at 0x00000240E30762A0>)
2026-01-30 12:24:15,205:INFO:Checking exceptions
2026-01-30 12:24:15,205:INFO:Preloading libraries
2026-01-30 12:24:15,205:INFO:Set up data.
2026-01-30 12:24:15,209:INFO:Set up index.
2026-01-30 12:24:17,740:INFO:Initializing predict_model()
2026-01-30 12:24:17,740:INFO:predict_model(self=<pycaret.classification.oop.ClassificationExperiment object at 0x00000240E3035A90>, estimator=Pipeline(memory=Memory(location=None),
         steps=[('numerical_imputer',
                 TransformerWrapper(include=['credit_score', 'age', 'tenure',
                                             'balance', 'products_number',
                                             'estimated_salary',
                                             'balance_salary_ratio',
                                             'tenure_age_ratio',
                                             'credit_score_age_ratio',
                                             'balance_per_product'],
                                    transformer=SimpleImputer())),
                ('categorical_imputer',
                 TransformerWrapper(include=['gender'...
                                    transformer=OneHotEncoder(cols=['country'],
                                                              handle_missing='return_nan',
                                                              use_cat_names=True))),
                ('remove_multicollinearity',
                 TransformerWrapper(exclude=[],
                                    transformer=RemoveMulticollinearity(threshold=0.9))),
                ('balance',
                 TransformerWrapper(transformer=FixImbalancer(estimator=SMOTE(random_state=42)))),
                ('actual_estimator',
                 <catboost.core.CatBoostClassifier object at 0x00000240E1C24910>)]), probability_threshold=None, encoded_labels=False, raw_score=False, round=4, verbose=True, ml_usecase=None, preprocess=True, encode_labels=<function _SupervisedExperiment.predict_model.<locals>.encode_labels at 0x00000240E3076FC0>)
2026-01-30 12:24:17,740:INFO:Checking exceptions
2026-01-30 12:24:17,740:INFO:Preloading libraries
2026-01-30 12:24:17,740:INFO:Set up data.
2026-01-30 12:24:17,747:INFO:Set up index.
2026-01-30 12:24:22,013:INFO:Initializing predict_model()
2026-01-30 12:24:22,013:INFO:predict_model(self=<pycaret.classification.oop.ClassificationExperiment object at 0x00000240E3071710>, estimator=Pipeline(memory=Memory(location=None),
         steps=[('numerical_imputer',
                 TransformerWrapper(include=['credit_score', 'age', 'tenure',
                                             'balance', 'products_number',
                                             'estimated_salary',
                                             'balance_salary_ratio',
                                             'tenure_age_ratio',
                                             'credit_score_age_ratio',
                                             'balance_per_product'],
                                    transformer=SimpleImputer())),
                ('categorical_imputer',
                 TransformerWrapper(include=['gender'...
                                    transformer=OneHotEncoder(cols=['country'],
                                                              handle_missing='return_nan',
                                                              use_cat_names=True))),
                ('remove_multicollinearity',
                 TransformerWrapper(exclude=[],
                                    transformer=RemoveMulticollinearity(threshold=0.9))),
                ('balance',
                 TransformerWrapper(transformer=FixImbalancer(estimator=SMOTE(random_state=42)))),
                ('actual_estimator',
                 <catboost.core.CatBoostClassifier object at 0x00000240E1C24910>)]), probability_threshold=None, encoded_labels=False, raw_score=False, round=4, verbose=True, ml_usecase=None, preprocess=True, encode_labels=<function _SupervisedExperiment.predict_model.<locals>.encode_labels at 0x00000240E3077EC0>)
2026-01-30 12:24:22,013:INFO:Checking exceptions
2026-01-30 12:24:22,013:INFO:Preloading libraries
2026-01-30 12:24:22,013:INFO:Set up data.
2026-01-30 12:24:22,013:INFO:Set up index.
2026-01-30 12:26:37,803:WARNING:
'cuml' is a soft dependency and not included in the pycaret installation. Please run: `pip install cuml` to install.
2026-01-30 12:26:37,803:WARNING:
'cuml' is a soft dependency and not included in the pycaret installation. Please run: `pip install cuml` to install.
2026-01-30 12:26:37,803:WARNING:
'cuml' is a soft dependency and not included in the pycaret installation. Please run: `pip install cuml` to install.
2026-01-30 12:26:37,803:WARNING:
'cuml' is a soft dependency and not included in the pycaret installation. Please run: `pip install cuml` to install.
2026-01-30 12:26:39,207:INFO:Initializing load_model()
2026-01-30 12:26:39,207:INFO:load_model(model_name=models/catboost_classifier_model, platform=None, authentication=None, verbose=True)
2026-01-30 12:26:44,527:INFO:Initializing predict_model()
2026-01-30 12:26:44,527:INFO:predict_model(self=<pycaret.classification.oop.ClassificationExperiment object at 0x000002A35FBE0810>, estimator=Pipeline(memory=Memory(location=None),
         steps=[('numerical_imputer',
                 TransformerWrapper(include=['credit_score', 'age', 'tenure',
                                             'balance', 'products_number',
                                             'estimated_salary',
                                             'balance_salary_ratio',
                                             'tenure_age_ratio',
                                             'credit_score_age_ratio',
                                             'balance_per_product'],
                                    transformer=SimpleImputer())),
                ('categorical_imputer',
                 TransformerWrapper(include=['gender'...
                                    transformer=OneHotEncoder(cols=['country'],
                                                              handle_missing='return_nan',
                                                              use_cat_names=True))),
                ('remove_multicollinearity',
                 TransformerWrapper(exclude=[],
                                    transformer=RemoveMulticollinearity(threshold=0.9))),
                ('balance',
                 TransformerWrapper(transformer=FixImbalancer(estimator=SMOTE(random_state=42)))),
                ('actual_estimator',
                 <catboost.core.CatBoostClassifier object at 0x000002A35FBE0ED0>)]), probability_threshold=None, encoded_labels=False, raw_score=False, round=4, verbose=True, ml_usecase=None, preprocess=True, encode_labels=<function _SupervisedExperiment.predict_model.<locals>.encode_labels at 0x000002A33AA774C0>)
2026-01-30 12:26:44,527:INFO:Checking exceptions
2026-01-30 12:26:44,527:INFO:Preloading libraries
2026-01-30 12:26:44,527:INFO:Set up data.
2026-01-30 12:26:44,534:INFO:Set up index.
2026-01-30 12:26:48,103:INFO:Initializing predict_model()
2026-01-30 12:26:48,103:INFO:predict_model(self=<pycaret.classification.oop.ClassificationExperiment object at 0x000002A35FBFDB50>, estimator=Pipeline(memory=Memory(location=None),
         steps=[('numerical_imputer',
                 TransformerWrapper(include=['credit_score', 'age', 'tenure',
                                             'balance', 'products_number',
                                             'estimated_salary',
                                             'balance_salary_ratio',
                                             'tenure_age_ratio',
                                             'credit_score_age_ratio',
                                             'balance_per_product'],
                                    transformer=SimpleImputer())),
                ('categorical_imputer',
                 TransformerWrapper(include=['gender'...
                                    transformer=OneHotEncoder(cols=['country'],
                                                              handle_missing='return_nan',
                                                              use_cat_names=True))),
                ('remove_multicollinearity',
                 TransformerWrapper(exclude=[],
                                    transformer=RemoveMulticollinearity(threshold=0.9))),
                ('balance',
                 TransformerWrapper(transformer=FixImbalancer(estimator=SMOTE(random_state=42)))),
                ('actual_estimator',
                 <catboost.core.CatBoostClassifier object at 0x000002A35FBE0ED0>)]), probability_threshold=None, encoded_labels=False, raw_score=False, round=4, verbose=True, ml_usecase=None, preprocess=True, encode_labels=<function _SupervisedExperiment.predict_model.<locals>.encode_labels at 0x000002A361076E80>)
2026-01-30 12:26:48,103:INFO:Checking exceptions
2026-01-30 12:26:48,103:INFO:Preloading libraries
2026-01-30 12:26:48,103:INFO:Set up data.
2026-01-30 12:26:48,103:INFO:Set up index.
2026-01-30 12:26:56,082:INFO:Initializing predict_model()
2026-01-30 12:26:56,082:INFO:predict_model(self=<pycaret.classification.oop.ClassificationExperiment object at 0x000002A35FF43150>, estimator=Pipeline(memory=Memory(location=None),
         steps=[('numerical_imputer',
                 TransformerWrapper(include=['credit_score', 'age', 'tenure',
                                             'balance', 'products_number',
                                             'estimated_salary',
                                             'balance_salary_ratio',
                                             'tenure_age_ratio',
                                             'credit_score_age_ratio',
                                             'balance_per_product'],
                                    transformer=SimpleImputer())),
                ('categorical_imputer',
                 TransformerWrapper(include=['gender'...
                                    transformer=OneHotEncoder(cols=['country'],
                                                              handle_missing='return_nan',
                                                              use_cat_names=True))),
                ('remove_multicollinearity',
                 TransformerWrapper(exclude=[],
                                    transformer=RemoveMulticollinearity(threshold=0.9))),
                ('balance',
                 TransformerWrapper(transformer=FixImbalancer(estimator=SMOTE(random_state=42)))),
                ('actual_estimator',
                 <catboost.core.CatBoostClassifier object at 0x000002A35FBE0ED0>)]), probability_threshold=None, encoded_labels=False, raw_score=False, round=4, verbose=True, ml_usecase=None, preprocess=True, encode_labels=<function _SupervisedExperiment.predict_model.<locals>.encode_labels at 0x000002A35FF2AD40>)
2026-01-30 12:26:56,082:INFO:Checking exceptions
2026-01-30 12:26:56,082:INFO:Preloading libraries
2026-01-30 12:26:56,082:INFO:Set up data.
2026-01-30 12:26:56,089:INFO:Set up index.
2026-01-30 12:26:58,950:INFO:Initializing predict_model()
2026-01-30 12:26:58,950:INFO:predict_model(self=<pycaret.classification.oop.ClassificationExperiment object at 0x000002A3610658D0>, estimator=Pipeline(memory=Memory(location=None),
         steps=[('numerical_imputer',
                 TransformerWrapper(include=['credit_score', 'age', 'tenure',
                                             'balance', 'products_number',
                                             'estimated_salary',
                                             'balance_salary_ratio',
                                             'tenure_age_ratio',
                                             'credit_score_age_ratio',
                                             'balance_per_product'],
                                    transformer=SimpleImputer())),
                ('categorical_imputer',
                 TransformerWrapper(include=['gender'...
                                    transformer=OneHotEncoder(cols=['country'],
                                                              handle_missing='return_nan',
                                                              use_cat_names=True))),
                ('remove_multicollinearity',
                 TransformerWrapper(exclude=[],
                                    transformer=RemoveMulticollinearity(threshold=0.9))),
                ('balance',
                 TransformerWrapper(transformer=FixImbalancer(estimator=SMOTE(random_state=42)))),
                ('actual_estimator',
                 <catboost.core.CatBoostClassifier object at 0x000002A35FBE0ED0>)]), probability_threshold=None, encoded_labels=False, raw_score=False, round=4, verbose=True, ml_usecase=None, preprocess=True, encode_labels=<function _SupervisedExperiment.predict_model.<locals>.encode_labels at 0x000002A361075260>)
2026-01-30 12:26:58,950:INFO:Checking exceptions
2026-01-30 12:26:58,950:INFO:Preloading libraries
2026-01-30 12:26:58,950:INFO:Set up data.
2026-01-30 12:26:58,953:INFO:Set up index.
2026-01-30 12:27:01,464:INFO:Initializing predict_model()
2026-01-30 12:27:01,464:INFO:predict_model(self=<pycaret.classification.oop.ClassificationExperiment object at 0x000002A35FF43850>, estimator=Pipeline(memory=Memory(location=None),
         steps=[('numerical_imputer',
                 TransformerWrapper(include=['credit_score', 'age', 'tenure',
                                             'balance', 'products_number',
                                             'estimated_salary',
                                             'balance_salary_ratio',
                                             'tenure_age_ratio',
                                             'credit_score_age_ratio',
                                             'balance_per_product'],
                                    transformer=SimpleImputer())),
                ('categorical_imputer',
                 TransformerWrapper(include=['gender'...
                                    transformer=OneHotEncoder(cols=['country'],
                                                              handle_missing='return_nan',
                                                              use_cat_names=True))),
                ('remove_multicollinearity',
                 TransformerWrapper(exclude=[],
                                    transformer=RemoveMulticollinearity(threshold=0.9))),
                ('balance',
                 TransformerWrapper(transformer=FixImbalancer(estimator=SMOTE(random_state=42)))),
                ('actual_estimator',
                 <catboost.core.CatBoostClassifier object at 0x000002A35FBE0ED0>)]), probability_threshold=None, encoded_labels=False, raw_score=False, round=4, verbose=True, ml_usecase=None, preprocess=True, encode_labels=<function _SupervisedExperiment.predict_model.<locals>.encode_labels at 0x000002A33A8A8E00>)
2026-01-30 12:27:01,464:INFO:Checking exceptions
2026-01-30 12:27:01,464:INFO:Preloading libraries
2026-01-30 12:27:01,464:INFO:Set up data.
2026-01-30 12:27:01,464:INFO:Set up index.
2026-01-30 12:27:04,631:INFO:Initializing predict_model()
2026-01-30 12:27:04,631:INFO:predict_model(self=<pycaret.classification.oop.ClassificationExperiment object at 0x000002A361067350>, estimator=Pipeline(memory=Memory(location=None),
         steps=[('numerical_imputer',
                 TransformerWrapper(include=['credit_score', 'age', 'tenure',
                                             'balance', 'products_number',
                                             'estimated_salary',
                                             'balance_salary_ratio',
                                             'tenure_age_ratio',
                                             'credit_score_age_ratio',
                                             'balance_per_product'],
                                    transformer=SimpleImputer())),
                ('categorical_imputer',
                 TransformerWrapper(include=['gender'...
                                    transformer=OneHotEncoder(cols=['country'],
                                                              handle_missing='return_nan',
                                                              use_cat_names=True))),
                ('remove_multicollinearity',
                 TransformerWrapper(exclude=[],
                                    transformer=RemoveMulticollinearity(threshold=0.9))),
                ('balance',
                 TransformerWrapper(transformer=FixImbalancer(estimator=SMOTE(random_state=42)))),
                ('actual_estimator',
                 <catboost.core.CatBoostClassifier object at 0x000002A35FBE0ED0>)]), probability_threshold=None, encoded_labels=False, raw_score=False, round=4, verbose=True, ml_usecase=None, preprocess=True, encode_labels=<function _SupervisedExperiment.predict_model.<locals>.encode_labels at 0x000002A3610763E0>)
2026-01-30 12:27:04,631:INFO:Checking exceptions
2026-01-30 12:27:04,632:INFO:Preloading libraries
2026-01-30 12:27:04,632:INFO:Set up data.
2026-01-30 12:27:04,632:INFO:Set up index.
2026-01-30 12:27:37,849:INFO:Initializing predict_model()
2026-01-30 12:27:37,849:INFO:predict_model(self=<pycaret.classification.oop.ClassificationExperiment object at 0x000002A3610723D0>, estimator=Pipeline(memory=Memory(location=None),
         steps=[('numerical_imputer',
                 TransformerWrapper(include=['credit_score', 'age', 'tenure',
                                             'balance', 'products_number',
                                             'estimated_salary',
                                             'balance_salary_ratio',
                                             'tenure_age_ratio',
                                             'credit_score_age_ratio',
                                             'balance_per_product'],
                                    transformer=SimpleImputer())),
                ('categorical_imputer',
                 TransformerWrapper(include=['gender'...
                                    transformer=OneHotEncoder(cols=['country'],
                                                              handle_missing='return_nan',
                                                              use_cat_names=True))),
                ('remove_multicollinearity',
                 TransformerWrapper(exclude=[],
                                    transformer=RemoveMulticollinearity(threshold=0.9))),
                ('balance',
                 TransformerWrapper(transformer=FixImbalancer(estimator=SMOTE(random_state=42)))),
                ('actual_estimator',
                 <catboost.core.CatBoostClassifier object at 0x000002A35FBE0ED0>)]), probability_threshold=None, encoded_labels=False, raw_score=False, round=4, verbose=True, ml_usecase=None, preprocess=True, encode_labels=<function _SupervisedExperiment.predict_model.<locals>.encode_labels at 0x000002A361076340>)
2026-01-30 12:27:37,849:INFO:Checking exceptions
2026-01-30 12:27:37,849:INFO:Preloading libraries
2026-01-30 12:27:37,849:INFO:Set up data.
2026-01-30 12:27:37,849:INFO:Set up index.
2026-01-30 12:29:06,177:WARNING:
'cuml' is a soft dependency and not included in the pycaret installation. Please run: `pip install cuml` to install.
2026-01-30 12:29:06,177:WARNING:
'cuml' is a soft dependency and not included in the pycaret installation. Please run: `pip install cuml` to install.
2026-01-30 12:29:06,177:WARNING:
'cuml' is a soft dependency and not included in the pycaret installation. Please run: `pip install cuml` to install.
2026-01-30 12:29:06,177:WARNING:
'cuml' is a soft dependency and not included in the pycaret installation. Please run: `pip install cuml` to install.
2026-01-30 12:29:07,737:INFO:Initializing load_model()
2026-01-30 12:29:07,737:INFO:load_model(model_name=models/catboost_classifier_model, platform=None, authentication=None, verbose=True)
2026-01-30 12:30:03,119:INFO:Initializing predict_model()
2026-01-30 12:30:03,119:INFO:predict_model(self=<pycaret.classification.oop.ClassificationExperiment object at 0x0000023406389DD0>, estimator=Pipeline(memory=Memory(location=None),
         steps=[('numerical_imputer',
                 TransformerWrapper(include=['credit_score', 'age', 'tenure',
                                             'balance', 'products_number',
                                             'estimated_salary',
                                             'balance_salary_ratio',
                                             'tenure_age_ratio',
                                             'credit_score_age_ratio',
                                             'balance_per_product'],
                                    transformer=SimpleImputer())),
                ('categorical_imputer',
                 TransformerWrapper(include=['gender'...
                                    transformer=OneHotEncoder(cols=['country'],
                                                              handle_missing='return_nan',
                                                              use_cat_names=True))),
                ('remove_multicollinearity',
                 TransformerWrapper(exclude=[],
                                    transformer=RemoveMulticollinearity(threshold=0.9))),
                ('balance',
                 TransformerWrapper(transformer=FixImbalancer(estimator=SMOTE(random_state=42)))),
                ('actual_estimator',
                 <catboost.core.CatBoostClassifier object at 0x00000234060CCD90>)]), probability_threshold=None, encoded_labels=False, raw_score=False, round=4, verbose=True, ml_usecase=None, preprocess=True, encode_labels=<function _SupervisedExperiment.predict_model.<locals>.encode_labels at 0x00000233F1F09120>)
2026-01-30 12:30:03,119:INFO:Checking exceptions
2026-01-30 12:30:03,121:INFO:Preloading libraries
2026-01-30 12:30:03,121:INFO:Set up data.
2026-01-30 12:30:03,123:INFO:Set up index.
2026-01-30 12:32:44,769:WARNING:
'cuml' is a soft dependency and not included in the pycaret installation. Please run: `pip install cuml` to install.
2026-01-30 12:32:44,769:WARNING:
'cuml' is a soft dependency and not included in the pycaret installation. Please run: `pip install cuml` to install.
2026-01-30 12:32:44,769:WARNING:
'cuml' is a soft dependency and not included in the pycaret installation. Please run: `pip install cuml` to install.
2026-01-30 12:32:44,769:WARNING:
'cuml' is a soft dependency and not included in the pycaret installation. Please run: `pip install cuml` to install.
2026-01-30 12:32:46,029:INFO:Initializing load_model()
2026-01-30 12:32:46,029:INFO:load_model(model_name=models/catboost_classifier_model, platform=None, authentication=None, verbose=True)
2026-01-30 12:33:12,227:INFO:Initializing predict_model()
2026-01-30 12:33:12,227:INFO:predict_model(self=<pycaret.classification.oop.ClassificationExperiment object at 0x00000174F2ADD290>, estimator=Pipeline(memory=Memory(location=None),
         steps=[('numerical_imputer',
                 TransformerWrapper(include=['credit_score', 'age', 'tenure',
                                             'balance', 'products_number',
                                             'estimated_salary',
                                             'balance_salary_ratio',
                                             'tenure_age_ratio',
                                             'credit_score_age_ratio',
                                             'balance_per_product'],
                                    transformer=SimpleImputer())),
                ('categorical_imputer',
                 TransformerWrapper(include=['gender'...
                                    transformer=OneHotEncoder(cols=['country'],
                                                              handle_missing='return_nan',
                                                              use_cat_names=True))),
                ('remove_multicollinearity',
                 TransformerWrapper(exclude=[],
                                    transformer=RemoveMulticollinearity(threshold=0.9))),
                ('balance',
                 TransformerWrapper(transformer=FixImbalancer(estimator=SMOTE(random_state=42)))),
                ('actual_estimator',
                 <catboost.core.CatBoostClassifier object at 0x00000174F2AECAD0>)]), probability_threshold=None, encoded_labels=False, raw_score=False, round=4, verbose=True, ml_usecase=None, preprocess=True, encode_labels=<function _SupervisedExperiment.predict_model.<locals>.encode_labels at 0x00000174CEFF8B80>)
2026-01-30 12:33:12,227:INFO:Checking exceptions
2026-01-30 12:33:12,227:INFO:Preloading libraries
2026-01-30 12:33:12,227:INFO:Set up data.
2026-01-30 12:33:12,231:INFO:Set up index.
2026-01-30 12:33:30,883:INFO:Initializing predict_model()
2026-01-30 12:33:30,883:INFO:predict_model(self=<pycaret.classification.oop.ClassificationExperiment object at 0x00000174F2EE8D90>, estimator=Pipeline(memory=Memory(location=None),
         steps=[('numerical_imputer',
                 TransformerWrapper(include=['credit_score', 'age', 'tenure',
                                             'balance', 'products_number',
                                             'estimated_salary',
                                             'balance_salary_ratio',
                                             'tenure_age_ratio',
                                             'credit_score_age_ratio',
                                             'balance_per_product'],
                                    transformer=SimpleImputer())),
                ('categorical_imputer',
                 TransformerWrapper(include=['gender'...
                                    transformer=OneHotEncoder(cols=['country'],
                                                              handle_missing='return_nan',
                                                              use_cat_names=True))),
                ('remove_multicollinearity',
                 TransformerWrapper(exclude=[],
                                    transformer=RemoveMulticollinearity(threshold=0.9))),
                ('balance',
                 TransformerWrapper(transformer=FixImbalancer(estimator=SMOTE(random_state=42)))),
                ('actual_estimator',
                 <catboost.core.CatBoostClassifier object at 0x00000174F2AECAD0>)]), probability_threshold=None, encoded_labels=False, raw_score=False, round=4, verbose=True, ml_usecase=None, preprocess=True, encode_labels=<function _SupervisedExperiment.predict_model.<locals>.encode_labels at 0x00000174F2E1B240>)
2026-01-30 12:33:30,883:INFO:Checking exceptions
2026-01-30 12:33:30,883:INFO:Preloading libraries
2026-01-30 12:33:30,883:INFO:Set up data.
2026-01-30 12:33:30,890:INFO:Set up index.
2026-01-30 12:33:38,896:INFO:Initializing predict_model()
2026-01-30 12:33:38,896:INFO:predict_model(self=<pycaret.classification.oop.ClassificationExperiment object at 0x00000174F2EF97D0>, estimator=Pipeline(memory=Memory(location=None),
         steps=[('numerical_imputer',
                 TransformerWrapper(include=['credit_score', 'age', 'tenure',
                                             'balance', 'products_number',
                                             'estimated_salary',
                                             'balance_salary_ratio',
                                             'tenure_age_ratio',
                                             'credit_score_age_ratio',
                                             'balance_per_product'],
                                    transformer=SimpleImputer())),
                ('categorical_imputer',
                 TransformerWrapper(include=['gender'...
                                    transformer=OneHotEncoder(cols=['country'],
                                                              handle_missing='return_nan',
                                                              use_cat_names=True))),
                ('remove_multicollinearity',
                 TransformerWrapper(exclude=[],
                                    transformer=RemoveMulticollinearity(threshold=0.9))),
                ('balance',
                 TransformerWrapper(transformer=FixImbalancer(estimator=SMOTE(random_state=42)))),
                ('actual_estimator',
                 <catboost.core.CatBoostClassifier object at 0x00000174F2AECAD0>)]), probability_threshold=None, encoded_labels=False, raw_score=False, round=4, verbose=True, ml_usecase=None, preprocess=True, encode_labels=<function _SupervisedExperiment.predict_model.<locals>.encode_labels at 0x00000174F2E1B1A0>)
2026-01-30 12:33:38,896:INFO:Checking exceptions
2026-01-30 12:33:38,896:INFO:Preloading libraries
2026-01-30 12:33:38,896:INFO:Set up data.
2026-01-30 12:33:38,901:INFO:Set up index.
2026-01-30 12:33:48,799:INFO:Initializing predict_model()
2026-01-30 12:33:48,799:INFO:predict_model(self=<pycaret.classification.oop.ClassificationExperiment object at 0x00000174F5049450>, estimator=Pipeline(memory=Memory(location=None),
         steps=[('numerical_imputer',
                 TransformerWrapper(include=['credit_score', 'age', 'tenure',
                                             'balance', 'products_number',
                                             'estimated_salary',
                                             'balance_salary_ratio',
                                             'tenure_age_ratio',
                                             'credit_score_age_ratio',
                                             'balance_per_product'],
                                    transformer=SimpleImputer())),
                ('categorical_imputer',
                 TransformerWrapper(include=['gender'...
                                    transformer=OneHotEncoder(cols=['country'],
                                                              handle_missing='return_nan',
                                                              use_cat_names=True))),
                ('remove_multicollinearity',
                 TransformerWrapper(exclude=[],
                                    transformer=RemoveMulticollinearity(threshold=0.9))),
                ('balance',
                 TransformerWrapper(transformer=FixImbalancer(estimator=SMOTE(random_state=42)))),
                ('actual_estimator',
                 <catboost.core.CatBoostClassifier object at 0x00000174F2AECAD0>)]), probability_threshold=None, encoded_labels=False, raw_score=False, round=4, verbose=True, ml_usecase=None, preprocess=True, encode_labels=<function _SupervisedExperiment.predict_model.<locals>.encode_labels at 0x00000174A85682C0>)
2026-01-30 12:33:48,799:INFO:Checking exceptions
2026-01-30 12:33:48,799:INFO:Preloading libraries
2026-01-30 12:33:48,799:INFO:Set up data.
2026-01-30 12:33:48,806:INFO:Set up index.
2026-01-30 12:34:02,563:INFO:Initializing predict_model()
2026-01-30 12:34:02,563:INFO:predict_model(self=<pycaret.classification.oop.ClassificationExperiment object at 0x00000174F55D3110>, estimator=Pipeline(memory=Memory(location=None),
         steps=[('numerical_imputer',
                 TransformerWrapper(include=['credit_score', 'age', 'tenure',
                                             'balance', 'products_number',
                                             'estimated_salary',
                                             'balance_salary_ratio',
                                             'tenure_age_ratio',
                                             'credit_score_age_ratio',
                                             'balance_per_product'],
                                    transformer=SimpleImputer())),
                ('categorical_imputer',
                 TransformerWrapper(include=['gender'...
                                    transformer=OneHotEncoder(cols=['country'],
                                                              handle_missing='return_nan',
                                                              use_cat_names=True))),
                ('remove_multicollinearity',
                 TransformerWrapper(exclude=[],
                                    transformer=RemoveMulticollinearity(threshold=0.9))),
                ('balance',
                 TransformerWrapper(transformer=FixImbalancer(estimator=SMOTE(random_state=42)))),
                ('actual_estimator',
                 <catboost.core.CatBoostClassifier object at 0x00000174F2AECAD0>)]), probability_threshold=None, encoded_labels=False, raw_score=False, round=4, verbose=True, ml_usecase=None, preprocess=True, encode_labels=<function _SupervisedExperiment.predict_model.<locals>.encode_labels at 0x00000174EF2D0900>)
2026-01-30 12:34:02,563:INFO:Checking exceptions
2026-01-30 12:34:02,563:INFO:Preloading libraries
2026-01-30 12:34:02,563:INFO:Set up data.
2026-01-30 12:34:02,577:INFO:Set up index.
2026-01-30 12:37:08,550:INFO:Initializing predict_model()
2026-01-30 12:37:08,551:INFO:predict_model(self=<pycaret.classification.oop.ClassificationExperiment object at 0x00000174F55D2A90>, estimator=Pipeline(memory=Memory(location=None),
         steps=[('numerical_imputer',
                 TransformerWrapper(include=['credit_score', 'age', 'tenure',
                                             'balance', 'products_number',
                                             'estimated_salary',
                                             'balance_salary_ratio',
                                             'tenure_age_ratio',
                                             'credit_score_age_ratio',
                                             'balance_per_product'],
                                    transformer=SimpleImputer())),
                ('categorical_imputer',
                 TransformerWrapper(include=['gender'...
                                    transformer=OneHotEncoder(cols=['country'],
                                                              handle_missing='return_nan',
                                                              use_cat_names=True))),
                ('remove_multicollinearity',
                 TransformerWrapper(exclude=[],
                                    transformer=RemoveMulticollinearity(threshold=0.9))),
                ('balance',
                 TransformerWrapper(transformer=FixImbalancer(estimator=SMOTE(random_state=42)))),
                ('actual_estimator',
                 <catboost.core.CatBoostClassifier object at 0x00000174F2AECAD0>)]), probability_threshold=None, encoded_labels=False, raw_score=False, round=4, verbose=True, ml_usecase=None, preprocess=True, encode_labels=<function _SupervisedExperiment.predict_model.<locals>.encode_labels at 0x00000174F2E1B240>)
2026-01-30 12:37:08,551:INFO:Checking exceptions
2026-01-30 12:37:08,551:INFO:Preloading libraries
2026-01-30 12:37:08,551:INFO:Set up data.
2026-01-30 12:37:08,557:INFO:Set up index.
2026-01-30 12:40:06,721:WARNING:
'cuml' is a soft dependency and not included in the pycaret installation. Please run: `pip install cuml` to install.
2026-01-30 12:40:06,721:WARNING:
'cuml' is a soft dependency and not included in the pycaret installation. Please run: `pip install cuml` to install.
2026-01-30 12:40:06,722:WARNING:
'cuml' is a soft dependency and not included in the pycaret installation. Please run: `pip install cuml` to install.
2026-01-30 12:40:06,722:WARNING:
'cuml' is a soft dependency and not included in the pycaret installation. Please run: `pip install cuml` to install.
2026-01-30 12:40:08,255:INFO:Initializing load_model()
2026-01-30 12:40:08,255:INFO:load_model(model_name=models/catboost_classifier_model, platform=None, authentication=None, verbose=True)
2026-01-30 12:42:15,626:WARNING:
'cuml' is a soft dependency and not included in the pycaret installation. Please run: `pip install cuml` to install.
2026-01-30 12:42:15,626:WARNING:
'cuml' is a soft dependency and not included in the pycaret installation. Please run: `pip install cuml` to install.
2026-01-30 12:42:15,626:WARNING:
'cuml' is a soft dependency and not included in the pycaret installation. Please run: `pip install cuml` to install.
2026-01-30 12:42:15,627:WARNING:
'cuml' is a soft dependency and not included in the pycaret installation. Please run: `pip install cuml` to install.
2026-01-30 12:42:16,912:INFO:Initializing load_model()
2026-01-30 12:42:16,912:INFO:load_model(model_name=models/catboost_classifier_model, platform=None, authentication=None, verbose=True)
2026-01-30 12:42:22,208:INFO:Initializing predict_model()
2026-01-30 12:42:22,208:INFO:predict_model(self=<pycaret.classification.oop.ClassificationExperiment object at 0x0000023D7F32B590>, estimator=Pipeline(memory=Memory(location=None),
         steps=[('numerical_imputer',
                 TransformerWrapper(include=['credit_score', 'age', 'tenure',
                                             'balance', 'products_number',
                                             'estimated_salary',
                                             'balance_salary_ratio',
                                             'tenure_age_ratio',
                                             'credit_score_age_ratio',
                                             'balance_per_product'],
                                    transformer=SimpleImputer())),
                ('categorical_imputer',
                 TransformerWrapper(include=['gender'...
                                    transformer=OneHotEncoder(cols=['country'],
                                                              handle_missing='return_nan',
                                                              use_cat_names=True))),
                ('remove_multicollinearity',
                 TransformerWrapper(exclude=[],
                                    transformer=RemoveMulticollinearity(threshold=0.9))),
                ('balance',
                 TransformerWrapper(transformer=FixImbalancer(estimator=SMOTE(random_state=42)))),
                ('actual_estimator',
                 <catboost.core.CatBoostClassifier object at 0x0000023D7F309350>)]), probability_threshold=None, encoded_labels=False, raw_score=False, round=4, verbose=True, ml_usecase=None, preprocess=True, encode_labels=<function _SupervisedExperiment.predict_model.<locals>.encode_labels at 0x0000023D7F5EF740>)
2026-01-30 12:42:22,208:INFO:Checking exceptions
2026-01-30 12:42:22,208:INFO:Preloading libraries
2026-01-30 12:42:22,208:INFO:Set up data.
2026-01-30 12:42:22,216:INFO:Set up index.
2026-01-30 12:42:31,041:INFO:Initializing predict_model()
2026-01-30 12:42:31,041:INFO:predict_model(self=<pycaret.classification.oop.ClassificationExperiment object at 0x0000023D7F83C850>, estimator=Pipeline(memory=Memory(location=None),
         steps=[('numerical_imputer',
                 TransformerWrapper(include=['credit_score', 'age', 'tenure',
                                             'balance', 'products_number',
                                             'estimated_salary',
                                             'balance_salary_ratio',
                                             'tenure_age_ratio',
                                             'credit_score_age_ratio',
                                             'balance_per_product'],
                                    transformer=SimpleImputer())),
                ('categorical_imputer',
                 TransformerWrapper(include=['gender'...
                                    transformer=OneHotEncoder(cols=['country'],
                                                              handle_missing='return_nan',
                                                              use_cat_names=True))),
                ('remove_multicollinearity',
                 TransformerWrapper(exclude=[],
                                    transformer=RemoveMulticollinearity(threshold=0.9))),
                ('balance',
                 TransformerWrapper(transformer=FixImbalancer(estimator=SMOTE(random_state=42)))),
                ('actual_estimator',
                 <catboost.core.CatBoostClassifier object at 0x0000023D7F309350>)]), probability_threshold=None, encoded_labels=False, raw_score=False, round=4, verbose=True, ml_usecase=None, preprocess=True, encode_labels=<function _SupervisedExperiment.predict_model.<locals>.encode_labels at 0x0000023D7F82EE80>)
2026-01-30 12:42:31,041:INFO:Checking exceptions
2026-01-30 12:42:31,041:INFO:Preloading libraries
2026-01-30 12:42:31,041:INFO:Set up data.
2026-01-30 12:42:31,049:INFO:Set up index.
2026-01-30 12:42:34,374:INFO:Initializing predict_model()
2026-01-30 12:42:34,374:INFO:predict_model(self=<pycaret.classification.oop.ClassificationExperiment object at 0x0000023D7F5E9250>, estimator=Pipeline(memory=Memory(location=None),
         steps=[('numerical_imputer',
                 TransformerWrapper(include=['credit_score', 'age', 'tenure',
                                             'balance', 'products_number',
                                             'estimated_salary',
                                             'balance_salary_ratio',
                                             'tenure_age_ratio',
                                             'credit_score_age_ratio',
                                             'balance_per_product'],
                                    transformer=SimpleImputer())),
                ('categorical_imputer',
                 TransformerWrapper(include=['gender'...
                                    transformer=OneHotEncoder(cols=['country'],
                                                              handle_missing='return_nan',
                                                              use_cat_names=True))),
                ('remove_multicollinearity',
                 TransformerWrapper(exclude=[],
                                    transformer=RemoveMulticollinearity(threshold=0.9))),
                ('balance',
                 TransformerWrapper(transformer=FixImbalancer(estimator=SMOTE(random_state=42)))),
                ('actual_estimator',
                 <catboost.core.CatBoostClassifier object at 0x0000023D7F309350>)]), probability_threshold=None, encoded_labels=False, raw_score=False, round=4, verbose=True, ml_usecase=None, preprocess=True, encode_labels=<function _SupervisedExperiment.predict_model.<locals>.encode_labels at 0x0000023D3768B100>)
2026-01-30 12:42:34,374:INFO:Checking exceptions
2026-01-30 12:42:34,374:INFO:Preloading libraries
2026-01-30 12:42:34,374:INFO:Set up data.
2026-01-30 12:42:34,381:INFO:Set up index.
2026-01-30 12:42:40,291:INFO:Initializing predict_model()
2026-01-30 12:42:40,291:INFO:predict_model(self=<pycaret.classification.oop.ClassificationExperiment object at 0x0000023D7F308F90>, estimator=Pipeline(memory=Memory(location=None),
         steps=[('numerical_imputer',
                 TransformerWrapper(include=['credit_score', 'age', 'tenure',
                                             'balance', 'products_number',
                                             'estimated_salary',
                                             'balance_salary_ratio',
                                             'tenure_age_ratio',
                                             'credit_score_age_ratio',
                                             'balance_per_product'],
                                    transformer=SimpleImputer())),
                ('categorical_imputer',
                 TransformerWrapper(include=['gender'...
                                    transformer=OneHotEncoder(cols=['country'],
                                                              handle_missing='return_nan',
                                                              use_cat_names=True))),
                ('remove_multicollinearity',
                 TransformerWrapper(exclude=[],
                                    transformer=RemoveMulticollinearity(threshold=0.9))),
                ('balance',
                 TransformerWrapper(transformer=FixImbalancer(estimator=SMOTE(random_state=42)))),
                ('actual_estimator',
                 <catboost.core.CatBoostClassifier object at 0x0000023D7F309350>)]), probability_threshold=None, encoded_labels=False, raw_score=False, round=4, verbose=True, ml_usecase=None, preprocess=True, encode_labels=<function _SupervisedExperiment.predict_model.<locals>.encode_labels at 0x0000023D7F84D760>)
2026-01-30 12:42:40,291:INFO:Checking exceptions
2026-01-30 12:42:40,291:INFO:Preloading libraries
2026-01-30 12:42:40,291:INFO:Set up data.
2026-01-30 12:42:40,294:INFO:Set up index.
2026-01-30 12:42:41,835:INFO:Initializing predict_model()
2026-01-30 12:42:41,837:INFO:predict_model(self=<pycaret.classification.oop.ClassificationExperiment object at 0x0000023D7F30A090>, estimator=Pipeline(memory=Memory(location=None),
         steps=[('numerical_imputer',
                 TransformerWrapper(include=['credit_score', 'age', 'tenure',
                                             'balance', 'products_number',
                                             'estimated_salary',
                                             'balance_salary_ratio',
                                             'tenure_age_ratio',
                                             'credit_score_age_ratio',
                                             'balance_per_product'],
                                    transformer=SimpleImputer())),
                ('categorical_imputer',
                 TransformerWrapper(include=['gender'...
                                    transformer=OneHotEncoder(cols=['country'],
                                                              handle_missing='return_nan',
                                                              use_cat_names=True))),
                ('remove_multicollinearity',
                 TransformerWrapper(exclude=[],
                                    transformer=RemoveMulticollinearity(threshold=0.9))),
                ('balance',
                 TransformerWrapper(transformer=FixImbalancer(estimator=SMOTE(random_state=42)))),
                ('actual_estimator',
                 <catboost.core.CatBoostClassifier object at 0x0000023D7F309350>)]), probability_threshold=None, encoded_labels=False, raw_score=False, round=4, verbose=True, ml_usecase=None, preprocess=True, encode_labels=<function _SupervisedExperiment.predict_model.<locals>.encode_labels at 0x0000023D7A9D16C0>)
2026-01-30 12:42:41,837:INFO:Checking exceptions
2026-01-30 12:42:41,837:INFO:Preloading libraries
2026-01-30 12:42:41,837:INFO:Set up data.
2026-01-30 12:42:41,840:INFO:Set up index.
2026-01-30 12:43:34,284:WARNING:
'cuml' is a soft dependency and not included in the pycaret installation. Please run: `pip install cuml` to install.
2026-01-30 12:43:34,285:WARNING:
'cuml' is a soft dependency and not included in the pycaret installation. Please run: `pip install cuml` to install.
2026-01-30 12:43:34,285:WARNING:
'cuml' is a soft dependency and not included in the pycaret installation. Please run: `pip install cuml` to install.
2026-01-30 12:43:34,285:WARNING:
'cuml' is a soft dependency and not included in the pycaret installation. Please run: `pip install cuml` to install.
2026-01-30 12:43:35,824:INFO:Initializing load_model()
2026-01-30 12:43:35,824:INFO:load_model(model_name=models/catboost_classifier_model, platform=None, authentication=None, verbose=True)
2026-01-30 12:43:42,269:INFO:Initializing predict_model()
2026-01-30 12:43:42,269:INFO:predict_model(self=<pycaret.classification.oop.ClassificationExperiment object at 0x000002A349002250>, estimator=Pipeline(memory=Memory(location=None),
         steps=[('numerical_imputer',
                 TransformerWrapper(include=['credit_score', 'age', 'tenure',
                                             'balance', 'products_number',
                                             'estimated_salary',
                                             'balance_salary_ratio',
                                             'tenure_age_ratio',
                                             'credit_score_age_ratio',
                                             'balance_per_product'],
                                    transformer=SimpleImputer())),
                ('categorical_imputer',
                 TransformerWrapper(include=['gender'...
                                    transformer=OneHotEncoder(cols=['country'],
                                                              handle_missing='return_nan',
                                                              use_cat_names=True))),
                ('remove_multicollinearity',
                 TransformerWrapper(exclude=[],
                                    transformer=RemoveMulticollinearity(threshold=0.9))),
                ('balance',
                 TransformerWrapper(transformer=FixImbalancer(estimator=SMOTE(random_state=42)))),
                ('actual_estimator',
                 <catboost.core.CatBoostClassifier object at 0x000002A347FD5090>)]), probability_threshold=None, encoded_labels=False, raw_score=False, round=4, verbose=True, ml_usecase=None, preprocess=True, encode_labels=<function _SupervisedExperiment.predict_model.<locals>.encode_labels at 0x000002A322E5EB60>)
2026-01-30 12:43:42,269:INFO:Checking exceptions
2026-01-30 12:43:42,270:INFO:Preloading libraries
2026-01-30 12:43:42,270:INFO:Set up data.
2026-01-30 12:43:42,275:INFO:Set up index.
2026-01-30 12:46:34,323:WARNING:
'cuml' is a soft dependency and not included in the pycaret installation. Please run: `pip install cuml` to install.
2026-01-30 12:46:34,323:WARNING:
'cuml' is a soft dependency and not included in the pycaret installation. Please run: `pip install cuml` to install.
2026-01-30 12:46:34,324:WARNING:
'cuml' is a soft dependency and not included in the pycaret installation. Please run: `pip install cuml` to install.
2026-01-30 12:46:34,324:WARNING:
'cuml' is a soft dependency and not included in the pycaret installation. Please run: `pip install cuml` to install.
2026-01-30 12:46:35,946:INFO:Initializing load_model()
2026-01-30 12:46:35,946:INFO:load_model(model_name=models/catboost_classifier_model, platform=None, authentication=None, verbose=True)
2026-01-30 12:46:47,041:INFO:Initializing predict_model()
2026-01-30 12:46:47,041:INFO:predict_model(self=<pycaret.classification.oop.ClassificationExperiment object at 0x0000022E84A3A890>, estimator=Pipeline(memory=Memory(location=None),
         steps=[('numerical_imputer',
                 TransformerWrapper(include=['credit_score', 'age', 'tenure',
                                             'balance', 'products_number',
                                             'estimated_salary',
                                             'balance_salary_ratio',
                                             'tenure_age_ratio',
                                             'credit_score_age_ratio',
                                             'balance_per_product'],
                                    transformer=SimpleImputer())),
                ('categorical_imputer',
                 TransformerWrapper(include=['gender'...
                                    transformer=OneHotEncoder(cols=['country'],
                                                              handle_missing='return_nan',
                                                              use_cat_names=True))),
                ('remove_multicollinearity',
                 TransformerWrapper(exclude=[],
                                    transformer=RemoveMulticollinearity(threshold=0.9))),
                ('balance',
                 TransformerWrapper(transformer=FixImbalancer(estimator=SMOTE(random_state=42)))),
                ('actual_estimator',
                 <catboost.core.CatBoostClassifier object at 0x0000022E84A206D0>)]), probability_threshold=None, encoded_labels=False, raw_score=False, round=4, verbose=True, ml_usecase=None, preprocess=True, encode_labels=<function _SupervisedExperiment.predict_model.<locals>.encode_labels at 0x0000022E7E935A80>)
2026-01-30 12:46:47,041:INFO:Checking exceptions
2026-01-30 12:46:47,041:INFO:Preloading libraries
2026-01-30 12:46:47,041:INFO:Set up data.
2026-01-30 12:46:47,047:INFO:Set up index.
2026-01-30 12:47:13,102:INFO:Initializing predict_model()
2026-01-30 12:47:13,102:INFO:predict_model(self=<pycaret.classification.oop.ClassificationExperiment object at 0x0000022E84A49610>, estimator=Pipeline(memory=Memory(location=None),
         steps=[('numerical_imputer',
                 TransformerWrapper(include=['credit_score', 'age', 'tenure',
                                             'balance', 'products_number',
                                             'estimated_salary',
                                             'balance_salary_ratio',
                                             'tenure_age_ratio',
                                             'credit_score_age_ratio',
                                             'balance_per_product'],
                                    transformer=SimpleImputer())),
                ('categorical_imputer',
                 TransformerWrapper(include=['gender'...
                                    transformer=OneHotEncoder(cols=['country'],
                                                              handle_missing='return_nan',
                                                              use_cat_names=True))),
                ('remove_multicollinearity',
                 TransformerWrapper(exclude=[],
                                    transformer=RemoveMulticollinearity(threshold=0.9))),
                ('balance',
                 TransformerWrapper(transformer=FixImbalancer(estimator=SMOTE(random_state=42)))),
                ('actual_estimator',
                 <catboost.core.CatBoostClassifier object at 0x0000022E84A206D0>)]), probability_threshold=None, encoded_labels=False, raw_score=False, round=4, verbose=True, ml_usecase=None, preprocess=True, encode_labels=<function _SupervisedExperiment.predict_model.<locals>.encode_labels at 0x0000022E84295440>)
2026-01-30 12:47:13,102:INFO:Checking exceptions
2026-01-30 12:47:13,102:INFO:Preloading libraries
2026-01-30 12:47:13,102:INFO:Set up data.
2026-01-30 12:47:13,109:INFO:Set up index.
2026-01-30 12:50:27,416:WARNING:
'cuml' is a soft dependency and not included in the pycaret installation. Please run: `pip install cuml` to install.
2026-01-30 12:50:27,416:WARNING:
'cuml' is a soft dependency and not included in the pycaret installation. Please run: `pip install cuml` to install.
2026-01-30 12:50:27,416:WARNING:
'cuml' is a soft dependency and not included in the pycaret installation. Please run: `pip install cuml` to install.
2026-01-30 12:50:27,416:WARNING:
'cuml' is a soft dependency and not included in the pycaret installation. Please run: `pip install cuml` to install.
2026-01-30 12:50:29,426:INFO:Initializing load_model()
2026-01-30 12:50:29,426:INFO:load_model(model_name=models/catboost_classifier_model, platform=None, authentication=None, verbose=True)
2026-01-30 12:51:49,779:INFO:Initializing predict_model()
2026-01-30 12:51:49,779:INFO:predict_model(self=<pycaret.classification.oop.ClassificationExperiment object at 0x0000022E84D48E50>, estimator=Pipeline(memory=Memory(location=None),
         steps=[('numerical_imputer',
                 TransformerWrapper(include=['credit_score', 'age', 'tenure',
                                             'balance', 'products_number',
                                             'estimated_salary',
                                             'balance_salary_ratio',
                                             'tenure_age_ratio',
                                             'credit_score_age_ratio',
                                             'balance_per_product'],
                                    transformer=SimpleImputer())),
                ('categorical_imputer',
                 TransformerWrapper(include=['gender'...
                                    transformer=OneHotEncoder(cols=['country'],
                                                              handle_missing='return_nan',
                                                              use_cat_names=True))),
                ('remove_multicollinearity',
                 TransformerWrapper(exclude=[],
                                    transformer=RemoveMulticollinearity(threshold=0.9))),
                ('balance',
                 TransformerWrapper(transformer=FixImbalancer(estimator=SMOTE(random_state=42)))),
                ('actual_estimator',
                 <catboost.core.CatBoostClassifier object at 0x0000022E84A206D0>)]), probability_threshold=None, encoded_labels=False, raw_score=False, round=4, verbose=True, ml_usecase=None, preprocess=True, encode_labels=<function _SupervisedExperiment.predict_model.<locals>.encode_labels at 0x0000022E84DE1BC0>)
2026-01-30 12:51:49,779:INFO:Checking exceptions
2026-01-30 12:51:49,779:INFO:Preloading libraries
2026-01-30 12:51:49,779:INFO:Set up data.
2026-01-30 12:51:49,782:INFO:Set up index.
2026-01-30 12:52:00,908:INFO:Initializing predict_model()
2026-01-30 12:52:00,908:INFO:predict_model(self=<pycaret.classification.oop.ClassificationExperiment object at 0x0000022E84E276D0>, estimator=Pipeline(memory=Memory(location=None),
         steps=[('numerical_imputer',
                 TransformerWrapper(include=['credit_score', 'age', 'tenure',
                                             'balance', 'products_number',
                                             'estimated_salary',
                                             'balance_salary_ratio',
                                             'tenure_age_ratio',
                                             'credit_score_age_ratio',
                                             'balance_per_product'],
                                    transformer=SimpleImputer())),
                ('categorical_imputer',
                 TransformerWrapper(include=['gender'...
                                    transformer=OneHotEncoder(cols=['country'],
                                                              handle_missing='return_nan',
                                                              use_cat_names=True))),
                ('remove_multicollinearity',
                 TransformerWrapper(exclude=[],
                                    transformer=RemoveMulticollinearity(threshold=0.9))),
                ('balance',
                 TransformerWrapper(transformer=FixImbalancer(estimator=SMOTE(random_state=42)))),
                ('actual_estimator',
                 <catboost.core.CatBoostClassifier object at 0x0000022E84A206D0>)]), probability_threshold=None, encoded_labels=False, raw_score=False, round=4, verbose=True, ml_usecase=None, preprocess=True, encode_labels=<function _SupervisedExperiment.predict_model.<locals>.encode_labels at 0x0000022E84DE1EE0>)
2026-01-30 12:52:00,908:INFO:Checking exceptions
2026-01-30 12:52:00,908:INFO:Preloading libraries
2026-01-30 12:52:00,908:INFO:Set up data.
2026-01-30 12:52:00,910:INFO:Set up index.
2026-01-30 12:53:42,817:INFO:Initializing predict_model()
2026-01-30 12:53:42,817:INFO:predict_model(self=<pycaret.classification.oop.ClassificationExperiment object at 0x000001E1E77C0710>, estimator=Pipeline(memory=Memory(location=None),
         steps=[('numerical_imputer',
                 TransformerWrapper(include=['credit_score', 'age', 'tenure',
                                             'balance', 'products_number',
                                             'estimated_salary',
                                             'balance_salary_ratio',
                                             'tenure_age_ratio',
                                             'credit_score_age_ratio',
                                             'balance_per_product'],
                                    transformer=SimpleImputer())),
                ('categorical_imputer',
                 TransformerWrapper(include=['gender'...
                                    transformer=OneHotEncoder(cols=['country'],
                                                              handle_missing='return_nan',
                                                              use_cat_names=True))),
                ('remove_multicollinearity',
                 TransformerWrapper(exclude=[],
                                    transformer=RemoveMulticollinearity(threshold=0.9))),
                ('balance',
                 TransformerWrapper(transformer=FixImbalancer(estimator=SMOTE(random_state=42)))),
                ('actual_estimator',
                 <catboost.core.CatBoostClassifier object at 0x000001E1E74CF550>)]), probability_threshold=None, encoded_labels=False, raw_score=False, round=4, verbose=True, ml_usecase=None, preprocess=True, encode_labels=<function _SupervisedExperiment.predict_model.<locals>.encode_labels at 0x000001E1E0365580>)
2026-01-30 12:53:42,817:INFO:Checking exceptions
2026-01-30 12:53:42,817:INFO:Preloading libraries
2026-01-30 12:53:42,817:INFO:Set up data.
2026-01-30 12:53:42,825:INFO:Set up index.
2026-01-30 12:54:45,631:WARNING:
'cuml' is a soft dependency and not included in the pycaret installation. Please run: `pip install cuml` to install.
2026-01-30 12:54:45,631:WARNING:
'cuml' is a soft dependency and not included in the pycaret installation. Please run: `pip install cuml` to install.
2026-01-30 12:54:45,631:WARNING:
'cuml' is a soft dependency and not included in the pycaret installation. Please run: `pip install cuml` to install.
2026-01-30 12:54:45,631:WARNING:
'cuml' is a soft dependency and not included in the pycaret installation. Please run: `pip install cuml` to install.
2026-01-30 12:54:47,457:INFO:Initializing load_model()
2026-01-30 12:54:47,457:INFO:load_model(model_name=models/catboost_classifier_model, platform=None, authentication=None, verbose=True)
2026-01-30 12:54:59,270:INFO:Initializing predict_model()
2026-01-30 12:54:59,270:INFO:predict_model(self=<pycaret.classification.oop.ClassificationExperiment object at 0x00000264E0643410>, estimator=Pipeline(memory=Memory(location=None),
         steps=[('numerical_imputer',
                 TransformerWrapper(include=['credit_score', 'age', 'tenure',
                                             'balance', 'products_number',
                                             'estimated_salary',
                                             'balance_salary_ratio',
                                             'tenure_age_ratio',
                                             'credit_score_age_ratio',
                                             'balance_per_product'],
                                    transformer=SimpleImputer())),
                ('categorical_imputer',
                 TransformerWrapper(include=['gender'...
                                    transformer=OneHotEncoder(cols=['country'],
                                                              handle_missing='return_nan',
                                                              use_cat_names=True))),
                ('remove_multicollinearity',
                 TransformerWrapper(exclude=[],
                                    transformer=RemoveMulticollinearity(threshold=0.9))),
                ('balance',
                 TransformerWrapper(transformer=FixImbalancer(estimator=SMOTE(random_state=42)))),
                ('actual_estimator',
                 <catboost.core.CatBoostClassifier object at 0x00000264E05C4A50>)]), probability_threshold=None, encoded_labels=False, raw_score=False, round=4, verbose=True, ml_usecase=None, preprocess=True, encode_labels=<function _SupervisedExperiment.predict_model.<locals>.encode_labels at 0x00000264D9465120>)
2026-01-30 12:54:59,271:INFO:Checking exceptions
2026-01-30 12:54:59,271:INFO:Preloading libraries
2026-01-30 12:54:59,271:INFO:Set up data.
2026-01-30 12:54:59,274:INFO:Set up index.
2026-01-30 12:58:49,373:INFO:Initializing predict_model()
2026-01-30 12:58:49,373:INFO:predict_model(self=<pycaret.classification.oop.ClassificationExperiment object at 0x000001E1E7A0E990>, estimator=Pipeline(memory=Memory(location=None),
         steps=[('numerical_imputer',
                 TransformerWrapper(include=['credit_score', 'age', 'tenure',
                                             'balance', 'products_number',
                                             'estimated_salary',
                                             'balance_salary_ratio',
                                             'tenure_age_ratio',
                                             'credit_score_age_ratio',
                                             'balance_per_product'],
                                    transformer=SimpleImputer())),
                ('categorical_imputer',
                 TransformerWrapper(include=['gender'...
                                    transformer=OneHotEncoder(cols=['country'],
                                                              handle_missing='return_nan',
                                                              use_cat_names=True))),
                ('remove_multicollinearity',
                 TransformerWrapper(exclude=[],
                                    transformer=RemoveMulticollinearity(threshold=0.9))),
                ('balance',
                 TransformerWrapper(transformer=FixImbalancer(estimator=SMOTE(random_state=42)))),
                ('actual_estimator',
                 <catboost.core.CatBoostClassifier object at 0x000001E1E74CF550>)]), probability_threshold=None, encoded_labels=False, raw_score=False, round=4, verbose=True, ml_usecase=None, preprocess=True, encode_labels=<function _SupervisedExperiment.predict_model.<locals>.encode_labels at 0x000001E19FEA3560>)
2026-01-30 12:58:49,377:INFO:Checking exceptions
2026-01-30 12:58:49,377:INFO:Preloading libraries
2026-01-30 12:58:49,377:INFO:Set up data.
2026-01-30 12:58:49,380:INFO:Set up index.
2026-01-30 13:10:25,935:INFO:Initializing predict_model()
2026-01-30 13:10:25,935:INFO:predict_model(self=<pycaret.classification.oop.ClassificationExperiment object at 0x000001E1E7BA6ED0>, estimator=Pipeline(memory=Memory(location=None),
         steps=[('numerical_imputer',
                 TransformerWrapper(include=['credit_score', 'age', 'tenure',
                                             'balance', 'products_number',
                                             'estimated_salary',
                                             'balance_salary_ratio',
                                             'tenure_age_ratio',
                                             'credit_score_age_ratio',
                                             'balance_per_product'],
                                    transformer=SimpleImputer())),
                ('categorical_imputer',
                 TransformerWrapper(include=['gender'...
                                    transformer=OneHotEncoder(cols=['country'],
                                                              handle_missing='return_nan',
                                                              use_cat_names=True))),
                ('remove_multicollinearity',
                 TransformerWrapper(exclude=[],
                                    transformer=RemoveMulticollinearity(threshold=0.9))),
                ('balance',
                 TransformerWrapper(transformer=FixImbalancer(estimator=SMOTE(random_state=42)))),
                ('actual_estimator',
                 <catboost.core.CatBoostClassifier object at 0x000001E1E74CF550>)]), probability_threshold=None, encoded_labels=False, raw_score=False, round=4, verbose=True, ml_usecase=None, preprocess=True, encode_labels=<function _SupervisedExperiment.predict_model.<locals>.encode_labels at 0x000001E1E713D8A0>)
2026-01-30 13:10:25,935:INFO:Checking exceptions
2026-01-30 13:10:25,935:INFO:Preloading libraries
2026-01-30 13:10:25,935:INFO:Set up data.
2026-01-30 13:10:25,945:INFO:Set up index.
2026-01-30 13:14:52,287:WARNING:
'cuml' is a soft dependency and not included in the pycaret installation. Please run: `pip install cuml` to install.
2026-01-30 13:14:52,287:WARNING:
'cuml' is a soft dependency and not included in the pycaret installation. Please run: `pip install cuml` to install.
2026-01-30 13:14:52,287:WARNING:
'cuml' is a soft dependency and not included in the pycaret installation. Please run: `pip install cuml` to install.
2026-01-30 13:14:52,287:WARNING:
'cuml' is a soft dependency and not included in the pycaret installation. Please run: `pip install cuml` to install.
2026-01-30 13:14:53,915:INFO:Initializing load_model()
2026-01-30 13:14:53,915:INFO:load_model(model_name=models/catboost_classifier_model, platform=None, authentication=None, verbose=True)
2026-01-30 13:15:17,914:INFO:Initializing predict_model()
2026-01-30 13:15:17,914:INFO:predict_model(self=<pycaret.classification.oop.ClassificationExperiment object at 0x000002A44BFBCE50>, estimator=Pipeline(memory=Memory(location=None),
         steps=[('numerical_imputer',
                 TransformerWrapper(include=['credit_score', 'age', 'tenure',
                                             'balance', 'products_number',
                                             'estimated_salary',
                                             'balance_salary_ratio',
                                             'tenure_age_ratio',
                                             'credit_score_age_ratio',
                                             'balance_per_product'],
                                    transformer=SimpleImputer())),
                ('categorical_imputer',
                 TransformerWrapper(include=['gender'...
                                    transformer=OneHotEncoder(cols=['country'],
                                                              handle_missing='return_nan',
                                                              use_cat_names=True))),
                ('remove_multicollinearity',
                 TransformerWrapper(exclude=[],
                                    transformer=RemoveMulticollinearity(threshold=0.9))),
                ('balance',
                 TransformerWrapper(transformer=FixImbalancer(estimator=SMOTE(random_state=42)))),
                ('actual_estimator',
                 <catboost.core.CatBoostClassifier object at 0x000002A44BF94810>)]), probability_threshold=None, encoded_labels=False, raw_score=False, round=4, verbose=True, ml_usecase=None, preprocess=True, encode_labels=<function _SupervisedExperiment.predict_model.<locals>.encode_labels at 0x000002A44D28F4C0>)
2026-01-30 13:15:17,914:INFO:Checking exceptions
2026-01-30 13:15:17,914:INFO:Preloading libraries
2026-01-30 13:15:17,914:INFO:Set up data.
2026-01-30 13:15:17,916:INFO:Set up index.
2026-01-30 13:17:21,595:WARNING:
'cuml' is a soft dependency and not included in the pycaret installation. Please run: `pip install cuml` to install.
2026-01-30 13:17:21,597:WARNING:
'cuml' is a soft dependency and not included in the pycaret installation. Please run: `pip install cuml` to install.
2026-01-30 13:17:21,597:WARNING:
'cuml' is a soft dependency and not included in the pycaret installation. Please run: `pip install cuml` to install.
2026-01-30 13:17:21,597:WARNING:
'cuml' is a soft dependency and not included in the pycaret installation. Please run: `pip install cuml` to install.
2026-01-30 13:17:23,092:INFO:Initializing load_model()
2026-01-30 13:17:23,092:INFO:load_model(model_name=models/catboost_classifier_model, platform=None, authentication=None, verbose=True)
2026-01-30 13:18:38,621:INFO:Initializing predict_model()
2026-01-30 13:18:38,621:INFO:predict_model(self=<pycaret.classification.oop.ClassificationExperiment object at 0x000002CE857DEB10>, estimator=Pipeline(memory=Memory(location=None),
         steps=[('numerical_imputer',
                 TransformerWrapper(include=['credit_score', 'age', 'tenure',
                                             'balance', 'products_number',
                                             'estimated_salary',
                                             'balance_salary_ratio',
                                             'tenure_age_ratio',
                                             'credit_score_age_ratio',
                                             'balance_per_product'],
                                    transformer=SimpleImputer())),
                ('categorical_imputer',
                 TransformerWrapper(include=['gender'...
                                    transformer=OneHotEncoder(cols=['country'],
                                                              handle_missing='return_nan',
                                                              use_cat_names=True))),
                ('remove_multicollinearity',
                 TransformerWrapper(exclude=[],
                                    transformer=RemoveMulticollinearity(threshold=0.9))),
                ('balance',
                 TransformerWrapper(transformer=FixImbalancer(estimator=SMOTE(random_state=42)))),
                ('actual_estimator',
                 <catboost.core.CatBoostClassifier object at 0x000002CE857C8550>)]), probability_threshold=None, encoded_labels=False, raw_score=False, round=4, verbose=True, ml_usecase=None, preprocess=True, encode_labels=<function _SupervisedExperiment.predict_model.<locals>.encode_labels at 0x000002CE7F669120>)
2026-01-30 13:18:38,621:INFO:Checking exceptions
2026-01-30 13:18:38,621:INFO:Preloading libraries
2026-01-30 13:18:38,621:INFO:Set up data.
2026-01-30 13:18:38,626:INFO:Set up index.
2026-01-30 13:23:25,441:INFO:Initializing predict_model()
2026-01-30 13:23:25,441:INFO:predict_model(self=<pycaret.classification.oop.ClassificationExperiment object at 0x000002A405941510>, estimator=Pipeline(memory=Memory(location=None),
         steps=[('numerical_imputer',
                 TransformerWrapper(include=['credit_score', 'age', 'tenure',
                                             'balance', 'products_number',
                                             'estimated_salary',
                                             'balance_salary_ratio',
                                             'tenure_age_ratio',
                                             'credit_score_age_ratio',
                                             'balance_per_product'],
                                    transformer=SimpleImputer())),
                ('categorical_imputer',
                 TransformerWrapper(include=['gender'...
                                    transformer=OneHotEncoder(cols=['country'],
                                                              handle_missing='return_nan',
                                                              use_cat_names=True))),
                ('remove_multicollinearity',
                 TransformerWrapper(exclude=[],
                                    transformer=RemoveMulticollinearity(threshold=0.9))),
                ('balance',
                 TransformerWrapper(transformer=FixImbalancer(estimator=SMOTE(random_state=42)))),
                ('actual_estimator',
                 <catboost.core.CatBoostClassifier object at 0x000002A44BF94810>)]), probability_threshold=None, encoded_labels=False, raw_score=False, round=4, verbose=True, ml_usecase=None, preprocess=True, encode_labels=<function _SupervisedExperiment.predict_model.<locals>.encode_labels at 0x000002A40598D9E0>)
2026-01-30 13:23:25,441:INFO:Checking exceptions
2026-01-30 13:23:25,441:INFO:Preloading libraries
2026-01-30 13:23:25,441:INFO:Set up data.
2026-01-30 13:23:25,448:INFO:Set up index.
2026-01-30 13:23:51,957:INFO:Initializing load_model()
2026-01-30 13:23:51,957:INFO:load_model(model_name=models/catboost_classifier_model, platform=None, authentication=None, verbose=True)
2026-01-30 13:31:32,241:INFO:Initializing predict_model()
2026-01-30 13:31:32,241:INFO:predict_model(self=<pycaret.classification.oop.ClassificationExperiment object at 0x000002CE85F4CE10>, estimator=Pipeline(memory=Memory(location=None),
         steps=[('numerical_imputer',
                 TransformerWrapper(include=['credit_score', 'age', 'tenure',
                                             'balance', 'products_number',
                                             'estimated_salary',
                                             'balance_salary_ratio',
                                             'tenure_age_ratio',
                                             'credit_score_age_ratio',
                                             'balance_per_product'],
                                    transformer=SimpleImputer())),
                ('categorical_imputer',
                 TransformerWrapper(include=['gender'...
                                    transformer=OneHotEncoder(cols=['country'],
                                                              handle_missing='return_nan',
                                                              use_cat_names=True))),
                ('remove_multicollinearity',
                 TransformerWrapper(exclude=[],
                                    transformer=RemoveMulticollinearity(threshold=0.9))),
                ('balance',
                 TransformerWrapper(transformer=FixImbalancer(estimator=SMOTE(random_state=42)))),
                ('actual_estimator',
                 <catboost.core.CatBoostClassifier object at 0x000002CE857C8550>)]), probability_threshold=None, encoded_labels=False, raw_score=False, round=4, verbose=True, ml_usecase=None, preprocess=True, encode_labels=<function _SupervisedExperiment.predict_model.<locals>.encode_labels at 0x000002CE85B71C60>)
2026-01-30 13:31:32,241:INFO:Checking exceptions
2026-01-30 13:31:32,241:INFO:Preloading libraries
2026-01-30 13:31:32,241:INFO:Set up data.
2026-01-30 13:31:32,254:INFO:Set up index.
2026-01-30 13:31:40,373:INFO:Initializing predict_model()
2026-01-30 13:31:40,373:INFO:predict_model(self=<pycaret.classification.oop.ClassificationExperiment object at 0x000002CE8B09C2D0>, estimator=Pipeline(memory=Memory(location=None),
         steps=[('numerical_imputer',
                 TransformerWrapper(include=['credit_score', 'age', 'tenure',
                                             'balance', 'products_number',
                                             'estimated_salary',
                                             'balance_salary_ratio',
                                             'tenure_age_ratio',
                                             'credit_score_age_ratio',
                                             'balance_per_product'],
                                    transformer=SimpleImputer())),
                ('categorical_imputer',
                 TransformerWrapper(include=['gender'...
                                    transformer=OneHotEncoder(cols=['country'],
                                                              handle_missing='return_nan',
                                                              use_cat_names=True))),
                ('remove_multicollinearity',
                 TransformerWrapper(exclude=[],
                                    transformer=RemoveMulticollinearity(threshold=0.9))),
                ('balance',
                 TransformerWrapper(transformer=FixImbalancer(estimator=SMOTE(random_state=42)))),
                ('actual_estimator',
                 <catboost.core.CatBoostClassifier object at 0x000002CE857C8550>)]), probability_threshold=None, encoded_labels=False, raw_score=False, round=4, verbose=True, ml_usecase=None, preprocess=True, encode_labels=<function _SupervisedExperiment.predict_model.<locals>.encode_labels at 0x000002CE85B71580>)
2026-01-30 13:31:40,373:INFO:Checking exceptions
2026-01-30 13:31:40,373:INFO:Preloading libraries
2026-01-30 13:31:40,373:INFO:Set up data.
2026-01-30 13:31:40,394:INFO:Set up index.
2026-01-30 13:38:47,329:WARNING:
'cuml' is a soft dependency and not included in the pycaret installation. Please run: `pip install cuml` to install.
2026-01-30 13:38:47,329:WARNING:
'cuml' is a soft dependency and not included in the pycaret installation. Please run: `pip install cuml` to install.
2026-01-30 13:38:47,329:WARNING:
'cuml' is a soft dependency and not included in the pycaret installation. Please run: `pip install cuml` to install.
2026-01-30 13:38:47,329:WARNING:
'cuml' is a soft dependency and not included in the pycaret installation. Please run: `pip install cuml` to install.
2026-01-30 13:38:54,734:INFO:Initializing load_model()
2026-01-30 13:38:54,734:INFO:load_model(model_name=models/catboost_classifier_model, platform=None, authentication=None, verbose=True)
2026-01-30 13:54:31,176:WARNING:
'cuml' is a soft dependency and not included in the pycaret installation. Please run: `pip install cuml` to install.
2026-01-30 13:54:31,176:WARNING:
'cuml' is a soft dependency and not included in the pycaret installation. Please run: `pip install cuml` to install.
2026-01-30 13:54:31,176:WARNING:
'cuml' is a soft dependency and not included in the pycaret installation. Please run: `pip install cuml` to install.
2026-01-30 13:54:31,176:WARNING:
'cuml' is a soft dependency and not included in the pycaret installation. Please run: `pip install cuml` to install.
2026-01-30 13:55:38,874:INFO:Initializing load_model()
2026-01-30 13:55:38,879:INFO:load_model(model_name=models/catboost_classifier_model, platform=None, authentication=None, verbose=True)
2026-01-30 13:55:58,694:INFO:Initializing predict_model()
2026-01-30 13:55:58,694:INFO:predict_model(self=<pycaret.classification.oop.ClassificationExperiment object at 0x000001EEB609A890>, estimator=Pipeline(memory=Memory(location=None),
         steps=[('numerical_imputer',
                 TransformerWrapper(include=['credit_score', 'age', 'tenure',
                                             'balance', 'products_number',
                                             'estimated_salary',
                                             'balance_salary_ratio',
                                             'tenure_age_ratio',
                                             'credit_score_age_ratio',
                                             'balance_per_product'],
                                    transformer=SimpleImputer())),
                ('categorical_imputer',
                 TransformerWrapper(include=['gender'...
                                    transformer=OneHotEncoder(cols=['country'],
                                                              handle_missing='return_nan',
                                                              use_cat_names=True))),
                ('remove_multicollinearity',
                 TransformerWrapper(exclude=[],
                                    transformer=RemoveMulticollinearity(threshold=0.9))),
                ('balance',
                 TransformerWrapper(transformer=FixImbalancer(estimator=SMOTE(random_state=42)))),
                ('actual_estimator',
                 <catboost.core.CatBoostClassifier object at 0x000001EEB4EFF110>)]), probability_threshold=None, encoded_labels=False, raw_score=False, round=4, verbose=True, ml_usecase=None, preprocess=True, encode_labels=<function _SupervisedExperiment.predict_model.<locals>.encode_labels at 0x000001EE8FF55080>)
2026-01-30 13:55:58,694:INFO:Checking exceptions
2026-01-30 13:55:58,694:INFO:Preloading libraries
2026-01-30 13:55:58,694:INFO:Set up data.
2026-01-30 13:55:58,694:INFO:Set up index.
2026-01-30 13:56:58,113:WARNING:
'cuml' is a soft dependency and not included in the pycaret installation. Please run: `pip install cuml` to install.
2026-01-30 13:56:58,113:WARNING:
'cuml' is a soft dependency and not included in the pycaret installation. Please run: `pip install cuml` to install.
2026-01-30 13:56:58,113:WARNING:
'cuml' is a soft dependency and not included in the pycaret installation. Please run: `pip install cuml` to install.
2026-01-30 13:56:58,113:WARNING:
'cuml' is a soft dependency and not included in the pycaret installation. Please run: `pip install cuml` to install.
2026-01-30 13:57:04,408:INFO:Initializing load_model()
2026-01-30 13:57:04,408:INFO:load_model(model_name=models/catboost_classifier_model, platform=None, authentication=None, verbose=True)
2026-01-30 13:59:58,186:WARNING:
'cuml' is a soft dependency and not included in the pycaret installation. Please run: `pip install cuml` to install.
2026-01-30 13:59:58,186:WARNING:
'cuml' is a soft dependency and not included in the pycaret installation. Please run: `pip install cuml` to install.
2026-01-30 13:59:58,186:WARNING:
'cuml' is a soft dependency and not included in the pycaret installation. Please run: `pip install cuml` to install.
2026-01-30 13:59:58,186:WARNING:
'cuml' is a soft dependency and not included in the pycaret installation. Please run: `pip install cuml` to install.
2026-01-30 14:00:05,052:INFO:Initializing load_model()
2026-01-30 14:00:05,052:INFO:load_model(model_name=models/catboost_classifier_model, platform=None, authentication=None, verbose=True)
2026-01-30 14:00:23,100:INFO:Initializing predict_model()
2026-01-30 14:00:23,100:INFO:predict_model(self=<pycaret.classification.oop.ClassificationExperiment object at 0x000001A5E5E295D0>, estimator=Pipeline(memory=Memory(location=None),
         steps=[('numerical_imputer',
                 TransformerWrapper(include=['credit_score', 'age', 'tenure',
                                             'balance', 'products_number',
                                             'estimated_salary',
                                             'balance_salary_ratio',
                                             'tenure_age_ratio',
                                             'credit_score_age_ratio',
                                             'balance_per_product'],
                                    transformer=SimpleImputer())),
                ('categorical_imputer',
                 TransformerWrapper(include=['gender'...
                                    transformer=OneHotEncoder(cols=['country'],
                                                              handle_missing='return_nan',
                                                              use_cat_names=True))),
                ('remove_multicollinearity',
                 TransformerWrapper(exclude=[],
                                    transformer=RemoveMulticollinearity(threshold=0.9))),
                ('balance',
                 TransformerWrapper(transformer=FixImbalancer(estimator=SMOTE(random_state=42)))),
                ('actual_estimator',
                 <catboost.core.CatBoostClassifier object at 0x000001A5E5E10510>)]), probability_threshold=None, encoded_labels=False, raw_score=False, round=4, verbose=True, ml_usecase=None, preprocess=True, encode_labels=<function _SupervisedExperiment.predict_model.<locals>.encode_labels at 0x000001A5C0CC59E0>)
2026-01-30 14:00:23,100:INFO:Checking exceptions
2026-01-30 14:00:23,100:INFO:Preloading libraries
2026-01-30 14:00:23,107:INFO:Set up data.
2026-01-30 14:00:23,114:INFO:Set up index.
2026-01-30 14:27:50,865:WARNING:
'cuml' is a soft dependency and not included in the pycaret installation. Please run: `pip install cuml` to install.
2026-01-30 14:27:50,865:WARNING:
'cuml' is a soft dependency and not included in the pycaret installation. Please run: `pip install cuml` to install.
2026-01-30 14:27:50,865:WARNING:
'cuml' is a soft dependency and not included in the pycaret installation. Please run: `pip install cuml` to install.
2026-01-30 14:27:50,865:WARNING:
'cuml' is a soft dependency and not included in the pycaret installation. Please run: `pip install cuml` to install.
2026-01-30 14:27:52,453:INFO:Initializing load_model()
2026-01-30 14:27:52,453:INFO:load_model(model_name=models/catboost_classifier_model, platform=None, authentication=None, verbose=True)
2026-01-30 14:35:33,800:WARNING:
'cuml' is a soft dependency and not included in the pycaret installation. Please run: `pip install cuml` to install.
2026-01-30 14:35:33,800:WARNING:
'cuml' is a soft dependency and not included in the pycaret installation. Please run: `pip install cuml` to install.
2026-01-30 14:35:33,800:WARNING:
'cuml' is a soft dependency and not included in the pycaret installation. Please run: `pip install cuml` to install.
2026-01-30 14:35:33,800:WARNING:
'cuml' is a soft dependency and not included in the pycaret installation. Please run: `pip install cuml` to install.
2026-01-30 14:35:35,576:INFO:Initializing load_model()
2026-01-30 14:35:35,576:INFO:load_model(model_name=models/catboost_classifier_model, platform=None, authentication=None, verbose=True)
2026-01-30 14:43:15,876:WARNING:
'cuml' is a soft dependency and not included in the pycaret installation. Please run: `pip install cuml` to install.
2026-01-30 14:43:15,876:WARNING:
'cuml' is a soft dependency and not included in the pycaret installation. Please run: `pip install cuml` to install.
2026-01-30 14:43:15,876:WARNING:
'cuml' is a soft dependency and not included in the pycaret installation. Please run: `pip install cuml` to install.
2026-01-30 14:43:15,876:WARNING:
'cuml' is a soft dependency and not included in the pycaret installation. Please run: `pip install cuml` to install.
2026-01-30 14:43:17,460:INFO:Initializing load_model()
2026-01-30 14:43:17,460:INFO:load_model(model_name=models/catboost_classifier_model, platform=None, authentication=None, verbose=True)
2026-01-30 14:45:25,260:INFO:Initializing predict_model()
2026-01-30 14:45:25,260:INFO:predict_model(self=<pycaret.classification.oop.ClassificationExperiment object at 0x000001B8D1AF6CD0>, estimator=Pipeline(memory=Memory(location=None),
         steps=[('numerical_imputer',
                 TransformerWrapper(include=['credit_score', 'age', 'tenure',
                                             'balance', 'products_number',
                                             'estimated_salary',
                                             'balance_salary_ratio',
                                             'tenure_age_ratio',
                                             'credit_score_age_ratio',
                                             'balance_per_product'],
                                    transformer=SimpleImputer())),
                ('categorical_imputer',
                 TransformerWrapper(include=['gender'...
                                    transformer=OneHotEncoder(cols=['country'],
                                                              handle_missing='return_nan',
                                                              use_cat_names=True))),
                ('remove_multicollinearity',
                 TransformerWrapper(exclude=[],
                                    transformer=RemoveMulticollinearity(threshold=0.9))),
                ('balance',
                 TransformerWrapper(transformer=FixImbalancer(estimator=SMOTE(random_state=42)))),
                ('actual_estimator',
                 <catboost.core.CatBoostClassifier object at 0x000001B8D17E1F90>)]), probability_threshold=None, encoded_labels=False, raw_score=False, round=4, verbose=True, ml_usecase=None, preprocess=True, encode_labels=<function _SupervisedExperiment.predict_model.<locals>.encode_labels at 0x000001B8CB71DD00>)
2026-01-30 14:45:25,260:INFO:Checking exceptions
2026-01-30 14:45:25,260:INFO:Preloading libraries
2026-01-30 14:45:25,260:INFO:Set up data.
2026-01-30 14:45:25,264:INFO:Set up index.
2026-01-30 14:53:35,180:WARNING:
'cuml' is a soft dependency and not included in the pycaret installation. Please run: `pip install cuml` to install.
2026-01-30 14:53:35,180:WARNING:
'cuml' is a soft dependency and not included in the pycaret installation. Please run: `pip install cuml` to install.
2026-01-30 14:53:35,180:WARNING:
'cuml' is a soft dependency and not included in the pycaret installation. Please run: `pip install cuml` to install.
2026-01-30 14:53:35,180:WARNING:
'cuml' is a soft dependency and not included in the pycaret installation. Please run: `pip install cuml` to install.
2026-01-30 14:53:36,900:INFO:Initializing load_model()
2026-01-30 14:53:36,900:INFO:load_model(model_name=models/catboost_classifier_model, platform=None, authentication=None, verbose=True)
2026-01-30 15:00:22,045:WARNING:
'cuml' is a soft dependency and not included in the pycaret installation. Please run: `pip install cuml` to install.
2026-01-30 15:00:22,045:WARNING:
'cuml' is a soft dependency and not included in the pycaret installation. Please run: `pip install cuml` to install.
2026-01-30 15:00:22,045:WARNING:
'cuml' is a soft dependency and not included in the pycaret installation. Please run: `pip install cuml` to install.
2026-01-30 15:00:22,045:WARNING:
'cuml' is a soft dependency and not included in the pycaret installation. Please run: `pip install cuml` to install.
2026-01-30 15:00:24,190:INFO:Initializing load_model()
2026-01-30 15:00:24,190:INFO:load_model(model_name=models/catboost_classifier_model, platform=None, authentication=None, verbose=True)
2026-01-30 15:08:18,325:WARNING:
'cuml' is a soft dependency and not included in the pycaret installation. Please run: `pip install cuml` to install.
2026-01-30 15:08:18,325:WARNING:
'cuml' is a soft dependency and not included in the pycaret installation. Please run: `pip install cuml` to install.
2026-01-30 15:08:18,325:WARNING:
'cuml' is a soft dependency and not included in the pycaret installation. Please run: `pip install cuml` to install.
2026-01-30 15:08:18,325:WARNING:
'cuml' is a soft dependency and not included in the pycaret installation. Please run: `pip install cuml` to install.
2026-01-30 15:08:20,085:INFO:Initializing load_model()
2026-01-30 15:08:20,085:INFO:load_model(model_name=models/catboost_classifier_model, platform=None, authentication=None, verbose=True)
2026-01-30 15:23:12,591:WARNING:
'cuml' is a soft dependency and not included in the pycaret installation. Please run: `pip install cuml` to install.
2026-01-30 15:23:12,591:WARNING:
'cuml' is a soft dependency and not included in the pycaret installation. Please run: `pip install cuml` to install.
2026-01-30 15:23:12,591:WARNING:
'cuml' is a soft dependency and not included in the pycaret installation. Please run: `pip install cuml` to install.
2026-01-30 15:23:12,591:WARNING:
'cuml' is a soft dependency and not included in the pycaret installation. Please run: `pip install cuml` to install.
2026-01-30 15:23:14,324:INFO:Initializing load_model()
2026-01-30 15:23:14,324:INFO:load_model(model_name=models/catboost_classifier_model, platform=None, authentication=None, verbose=True)
2026-01-30 15:29:45,316:WARNING:
'cuml' is a soft dependency and not included in the pycaret installation. Please run: `pip install cuml` to install.
2026-01-30 15:29:45,316:WARNING:
'cuml' is a soft dependency and not included in the pycaret installation. Please run: `pip install cuml` to install.
2026-01-30 15:29:45,316:WARNING:
'cuml' is a soft dependency and not included in the pycaret installation. Please run: `pip install cuml` to install.
2026-01-30 15:29:45,316:WARNING:
'cuml' is a soft dependency and not included in the pycaret installation. Please run: `pip install cuml` to install.
2026-01-30 15:29:46,618:INFO:PyCaret ClassificationExperiment
2026-01-30 15:29:46,618:INFO:Logging name: clf-default-name
2026-01-30 15:29:46,618:INFO:ML Usecase: MLUsecase.CLASSIFICATION
2026-01-30 15:29:46,618:INFO:version 3.3.2
2026-01-30 15:29:46,618:INFO:Initializing setup()
2026-01-30 15:29:46,618:INFO:self.USI: b3f7
2026-01-30 15:29:46,618:INFO:self._variable_keys: {'gpu_param', 'memory', 'html_param', 'gpu_n_jobs_param', '_available_plots', 'fix_imbalance', '_ml_usecase', 'USI', 'n_jobs_param', 'y', 'exp_id', 'y_train', 'y_test', 'pipeline', 'log_plots_param', 'logging_param', 'X_train', 'data', 'fold_groups_param', 'X_test', 'exp_name_log', 'is_multiclass', 'seed', 'X', 'fold_shuffle_param', 'fold_generator', 'target_param', 'idx'}
2026-01-30 15:29:46,618:INFO:Checking environment
2026-01-30 15:29:46,618:INFO:python_version: 3.11.9
2026-01-30 15:29:46,618:INFO:python_build: ('tags/v3.11.9:de54cf5', 'Apr  2 2024 10:12:12')
2026-01-30 15:29:46,619:INFO:machine: AMD64
2026-01-30 15:29:46,642:INFO:platform: Windows-10-10.0.26200-SP0
2026-01-30 15:29:46,642:INFO:Memory: svmem(total=16779837440, available=3146817536, percent=81.2, used=13633019904, free=3146817536)
2026-01-30 15:29:46,642:INFO:Physical Core: 12
2026-01-30 15:29:46,642:INFO:Logical Core: 16
2026-01-30 15:29:46,642:INFO:Checking libraries
2026-01-30 15:29:46,642:INFO:System:
2026-01-30 15:29:46,642:INFO:    python: 3.11.9 (tags/v3.11.9:de54cf5, Apr  2 2024, 10:12:12) [MSC v.1938 64 bit (AMD64)]
2026-01-30 15:29:46,642:INFO:executable: C:\Users\Rajeev kumar\Desktop\Bank customer churn prediction\venv\Scripts\python.exe
2026-01-30 15:29:46,642:INFO:   machine: Windows-10-10.0.26200-SP0
2026-01-30 15:29:46,642:INFO:PyCaret required dependencies:
2026-01-30 15:29:46,667:INFO:                 pip: 24.0
2026-01-30 15:29:46,667:INFO:          setuptools: 65.5.0
2026-01-30 15:29:46,667:INFO:             pycaret: 3.3.2
2026-01-30 15:29:46,667:INFO:             IPython: 9.9.0
2026-01-30 15:29:46,667:INFO:          ipywidgets: 8.1.8
2026-01-30 15:29:46,667:INFO:                tqdm: 4.67.1
2026-01-30 15:29:46,667:INFO:               numpy: 1.26.4
2026-01-30 15:29:46,667:INFO:              pandas: 2.1.4
2026-01-30 15:29:46,667:INFO:              jinja2: 3.1.6
2026-01-30 15:29:46,667:INFO:               scipy: 1.11.4
2026-01-30 15:29:46,667:INFO:              joblib: 1.3.2
2026-01-30 15:29:46,668:INFO:             sklearn: 1.4.2
2026-01-30 15:29:46,668:INFO:                pyod: 2.0.6
2026-01-30 15:29:46,668:INFO:            imblearn: 0.12.0
2026-01-30 15:29:46,668:INFO:   category_encoders: 2.7.0
2026-01-30 15:29:46,668:INFO:            lightgbm: 4.6.0
2026-01-30 15:29:46,668:INFO:               numba: 0.63.1
2026-01-30 15:29:46,668:INFO:            requests: 2.32.5
2026-01-30 15:29:46,668:INFO:          matplotlib: 3.7.5
2026-01-30 15:29:46,668:INFO:          scikitplot: 0.3.7
2026-01-30 15:29:46,668:INFO:         yellowbrick: 1.5
2026-01-30 15:29:46,668:INFO:              plotly: 6.5.2
2026-01-30 15:29:46,668:INFO:    plotly-resampler: Not installed
2026-01-30 15:29:46,668:INFO:             kaleido: 1.2.0
2026-01-30 15:29:46,668:INFO:           schemdraw: 0.15
2026-01-30 15:29:46,668:INFO:         statsmodels: 0.14.6
2026-01-30 15:29:46,668:INFO:              sktime: 0.26.0
2026-01-30 15:29:46,668:INFO:               tbats: 1.1.3
2026-01-30 15:29:46,668:INFO:            pmdarima: 2.0.4
2026-01-30 15:29:46,668:INFO:              psutil: 7.2.1
2026-01-30 15:29:46,668:INFO:          markupsafe: 3.0.3
2026-01-30 15:29:46,668:INFO:             pickle5: Not installed
2026-01-30 15:29:46,668:INFO:         cloudpickle: 3.1.2
2026-01-30 15:29:46,668:INFO:         deprecation: 2.1.0
2026-01-30 15:29:46,668:INFO:              xxhash: 3.6.0
2026-01-30 15:29:46,668:INFO:           wurlitzer: Not installed
2026-01-30 15:29:46,668:INFO:PyCaret optional dependencies:
2026-01-30 15:29:46,690:INFO:                shap: 0.49.1
2026-01-30 15:29:46,690:INFO:           interpret: Not installed
2026-01-30 15:29:46,690:INFO:                umap: Not installed
2026-01-30 15:29:46,690:INFO:     ydata_profiling: Not installed
2026-01-30 15:29:46,690:INFO:  explainerdashboard: Not installed
2026-01-30 15:29:46,690:INFO:             autoviz: Not installed
2026-01-30 15:29:46,690:INFO:           fairlearn: Not installed
2026-01-30 15:29:46,690:INFO:          deepchecks: Not installed
2026-01-30 15:29:46,690:INFO:             xgboost: 3.1.3
2026-01-30 15:29:46,690:INFO:            catboost: 1.2.8
2026-01-30 15:29:46,690:INFO:              kmodes: Not installed
2026-01-30 15:29:46,690:INFO:             mlxtend: Not installed
2026-01-30 15:29:46,690:INFO:       statsforecast: Not installed
2026-01-30 15:29:46,690:INFO:        tune_sklearn: Not installed
2026-01-30 15:29:46,690:INFO:                 ray: Not installed
2026-01-30 15:29:46,690:INFO:            hyperopt: Not installed
2026-01-30 15:29:46,690:INFO:              optuna: Not installed
2026-01-30 15:29:46,691:INFO:               skopt: Not installed
2026-01-30 15:29:46,691:INFO:              mlflow: Not installed
2026-01-30 15:29:46,691:INFO:              gradio: Not installed
2026-01-30 15:29:46,691:INFO:             fastapi: Not installed
2026-01-30 15:29:46,691:INFO:             uvicorn: Not installed
2026-01-30 15:29:46,691:INFO:              m2cgen: Not installed
2026-01-30 15:29:46,691:INFO:           evidently: Not installed
2026-01-30 15:29:46,691:INFO:               fugue: Not installed
2026-01-30 15:29:46,691:INFO:           streamlit: 1.53.1
2026-01-30 15:29:46,691:INFO:             prophet: Not installed
2026-01-30 15:29:46,691:INFO:None
2026-01-30 15:29:46,691:INFO:Set up data.
2026-01-30 15:29:46,698:INFO:Set up folding strategy.
2026-01-30 15:29:46,698:INFO:Set up train/test split.
2026-01-30 15:29:46,706:INFO:Set up index.
2026-01-30 15:29:46,706:INFO:Assigning column types.
2026-01-30 15:29:46,710:INFO:Engine successfully changes for model 'lr' to 'sklearn'.
2026-01-30 15:29:46,734:INFO:Engine for model 'knn' has not been set explicitly, hence returning None.
2026-01-30 15:29:46,744:INFO:Engine for model 'rbfsvm' has not been set explicitly, hence returning None.
2026-01-30 15:29:46,829:INFO:Soft dependency imported: xgboost: 3.1.3
2026-01-30 15:29:46,831:INFO:Soft dependency imported: catboost: 1.2.8
2026-01-30 15:29:46,929:INFO:Engine for model 'knn' has not been set explicitly, hence returning None.
2026-01-30 15:29:46,930:INFO:Engine for model 'rbfsvm' has not been set explicitly, hence returning None.
2026-01-30 15:29:46,944:INFO:Soft dependency imported: xgboost: 3.1.3
2026-01-30 15:29:46,946:INFO:Soft dependency imported: catboost: 1.2.8
2026-01-30 15:29:46,946:INFO:Engine successfully changes for model 'knn' to 'sklearn'.
2026-01-30 15:29:46,971:INFO:Engine for model 'rbfsvm' has not been set explicitly, hence returning None.
2026-01-30 15:29:46,985:INFO:Soft dependency imported: xgboost: 3.1.3
2026-01-30 15:29:46,987:INFO:Soft dependency imported: catboost: 1.2.8
2026-01-30 15:29:47,011:INFO:Engine for model 'rbfsvm' has not been set explicitly, hence returning None.
2026-01-30 15:29:47,028:INFO:Soft dependency imported: xgboost: 3.1.3
2026-01-30 15:29:47,030:INFO:Soft dependency imported: catboost: 1.2.8
2026-01-30 15:29:47,030:INFO:Engine successfully changes for model 'rbfsvm' to 'sklearn'.
2026-01-30 15:29:47,069:INFO:Soft dependency imported: xgboost: 3.1.3
2026-01-30 15:29:47,071:INFO:Soft dependency imported: catboost: 1.2.8
2026-01-30 15:29:47,112:INFO:Soft dependency imported: xgboost: 3.1.3
2026-01-30 15:29:47,112:INFO:Soft dependency imported: catboost: 1.2.8
2026-01-30 15:29:47,115:INFO:Preparing preprocessing pipeline...
2026-01-30 15:29:47,122:INFO:Set up simple imputation.
2026-01-30 15:29:47,125:INFO:Set up encoding of ordinal features.
2026-01-30 15:29:47,130:INFO:Set up encoding of categorical features.
2026-01-30 15:29:47,130:INFO:Set up removing multicollinearity.
2026-01-30 15:29:47,130:INFO:Set up imbalanced handling.
2026-01-30 15:29:47,261:INFO:Finished creating preprocessing pipeline.
2026-01-30 15:29:47,314:INFO:Pipeline: Pipeline(memory=FastMemory(location=C:\Users\RAJEEV~1\AppData\Local\Temp\joblib),
         steps=[('numerical_imputer',
                 TransformerWrapper(exclude=None,
                                    include=['credit_score', 'age', 'tenure',
                                             'balance', 'products_number',
                                             'estimated_salary',
                                             'balance_salary_ratio',
                                             'tenure_age_ratio',
                                             'credit_score_age_ratio',
                                             'balance_per_product'],
                                    transformer=SimpleImputer(add_ind...
                                                              return_df=True,
                                                              use_cat_names=True,
                                                              verbose=0))),
                ('remove_multicollinearity',
                 TransformerWrapper(exclude=[], include=None,
                                    transformer=RemoveMulticollinearity(threshold=0.9))),
                ('balance',
                 TransformerWrapper(exclude=None, include=None,
                                    transformer=FixImbalancer(estimator=SMOTE(k_neighbors=5,
                                                                              n_jobs=None,
                                                                              random_state=42,
                                                                              sampling_strategy='auto'))))],
         verbose=False)
2026-01-30 15:29:47,314:INFO:Creating final display dataframe.
2026-01-30 15:29:47,391:WARNING:C:\Users\Rajeev kumar\Desktop\Bank customer churn prediction\venv\Lib\site-packages\joblib\externals\loky\backend\context.py:136: UserWarning: Could not find the number of physical cores for the following reason:
[WinError 2] The system cannot find the file specified
Returning the number of logical cores instead. You can silence this warning by setting LOKY_MAX_CPU_COUNT to the number of cores you want to use.
  warnings.warn(

2026-01-30 15:29:47,814:INFO:Setup _display_container:                     Description             Value
0                    Session id                42
1                        Target             churn
2                   Target type            Binary
3           Original data shape       (10000, 16)
4        Transformed data shape       (14148, 17)
5   Transformed train set shape       (11148, 17)
6    Transformed test set shape        (3000, 17)
7              Numeric features                10
8          Categorical features                 5
9                    Preprocess              True
10              Imputation type            simple
11           Numeric imputation              mean
12       Categorical imputation              mode
13     Maximum one-hot encoding                25
14              Encoding method              None
15     Remove multicollinearity              True
16  Multicollinearity threshold               0.9
17                Fix imbalance              True
18         Fix imbalance method             SMOTE
19               Fold Generator   StratifiedKFold
20                  Fold Number                 5
21                     CPU Jobs                -1
22                      Use GPU             False
23               Log Experiment             False
24              Experiment Name  clf-default-name
25                          USI              b3f7
2026-01-30 15:29:47,884:INFO:Soft dependency imported: xgboost: 3.1.3
2026-01-30 15:29:47,884:INFO:Soft dependency imported: catboost: 1.2.8
2026-01-30 15:29:47,927:INFO:Soft dependency imported: xgboost: 3.1.3
2026-01-30 15:29:47,929:INFO:Soft dependency imported: catboost: 1.2.8
2026-01-30 15:29:47,930:INFO:setup() successfully completed in 1.32s...............
2026-01-30 15:29:47,932:INFO:Initializing create_model()
2026-01-30 15:29:47,932:INFO:create_model(self=<pycaret.classification.oop.ClassificationExperiment object at 0x00000262A1B59B10>, estimator=catboost, fold=None, round=4, cross_validation=True, predict=True, fit_kwargs=None, groups=None, refit=True, probability_threshold=None, experiment_custom_tags=None, verbose=True, system=True, add_to_model_list=True, metrics=None, display=None, model_only=True, return_train_score=False, error_score=0.0, kwargs={})
2026-01-30 15:29:47,932:INFO:Checking exceptions
2026-01-30 15:29:47,934:INFO:Importing libraries
2026-01-30 15:29:47,934:INFO:Copying training dataset
2026-01-30 15:29:47,939:INFO:Defining folds
2026-01-30 15:29:47,939:INFO:Declaring metric variables
2026-01-30 15:29:47,939:INFO:Importing untrained model
2026-01-30 15:29:47,939:INFO:CatBoost Classifier Imported successfully
2026-01-30 15:29:47,939:INFO:Starting cross validation
2026-01-30 15:29:47,940:INFO:Cross validating with StratifiedKFold(n_splits=5, random_state=None, shuffle=False), n_jobs=-1
2026-01-30 15:29:56,639:INFO:Calculating mean and std
2026-01-30 15:29:56,641:INFO:Creating metrics dataframe
2026-01-30 15:29:56,644:INFO:Finalizing model
2026-01-30 15:30:01,587:INFO:Uploading results into container
2026-01-30 15:30:01,587:INFO:Uploading model into container now
2026-01-30 15:30:01,592:INFO:_master_model_container: 1
2026-01-30 15:30:01,592:INFO:_display_container: 2
2026-01-30 15:30:01,592:INFO:<catboost.core.CatBoostClassifier object at 0x00000262A45E7090>
2026-01-30 15:30:01,592:INFO:create_model() successfully completed......................................
2026-01-30 15:30:01,649:INFO:Initializing tune_model()
2026-01-30 15:30:01,649:INFO:tune_model(self=<pycaret.classification.oop.ClassificationExperiment object at 0x00000262A1B59B10>, estimator=<catboost.core.CatBoostClassifier object at 0x00000262A45E7090>, fold=None, round=4, n_iter=30, custom_grid={'iterations': [200, 400, 600], 'learning_rate': [0.01, 0.05, 0.1], 'depth': [4, 6, 8], 'l2_leaf_reg': [1, 3, 5, 9], 'scale_pos_weight': [1, 3, 4]}, optimize=F1, custom_scorer=None, search_library=scikit-learn, search_algorithm=None, early_stopping=False, early_stopping_max_iters=10, choose_better=True, fit_kwargs=None, groups=None, return_tuner=False, verbose=True, tuner_verbose=True, return_train_score=False, kwargs={})
2026-01-30 15:30:01,649:INFO:Checking exceptions
2026-01-30 15:30:01,656:INFO:Copying training dataset
2026-01-30 15:30:01,659:INFO:Checking base model
2026-01-30 15:30:01,659:INFO:Base model : CatBoost Classifier
2026-01-30 15:30:01,659:INFO:Declaring metric variables
2026-01-30 15:30:01,660:INFO:Defining Hyperparameters
2026-01-30 15:30:01,716:INFO:custom_grid: {'actual_estimator__iterations': [200, 400, 600], 'actual_estimator__learning_rate': [0.01, 0.05, 0.1], 'actual_estimator__depth': [4, 6, 8], 'actual_estimator__l2_leaf_reg': [1, 3, 5, 9], 'actual_estimator__scale_pos_weight': [1, 3, 4]}
2026-01-30 15:30:01,716:INFO:Tuning with n_jobs=-1
2026-01-30 15:30:01,716:INFO:Initializing RandomizedSearchCV
2026-01-30 15:31:46,433:INFO:best_params: {'actual_estimator__scale_pos_weight': 1, 'actual_estimator__learning_rate': 0.01, 'actual_estimator__l2_leaf_reg': 3, 'actual_estimator__iterations': 600, 'actual_estimator__depth': 6}
2026-01-30 15:31:46,433:INFO:Hyperparameter search completed
2026-01-30 15:31:46,435:INFO:SubProcess create_model() called ==================================
2026-01-30 15:31:46,435:INFO:Initializing create_model()
2026-01-30 15:31:46,435:INFO:create_model(self=<pycaret.classification.oop.ClassificationExperiment object at 0x00000262A1B59B10>, estimator=<catboost.core.CatBoostClassifier object at 0x00000262A4427910>, fold=StratifiedKFold(n_splits=5, random_state=None, shuffle=False), round=4, cross_validation=True, predict=True, fit_kwargs={}, groups=None, refit=True, probability_threshold=None, experiment_custom_tags=None, verbose=True, system=False, add_to_model_list=True, metrics=None, display=<pycaret.internal.display.display.CommonDisplay object at 0x00000262A4426050>, model_only=True, return_train_score=False, error_score=0.0, kwargs={'scale_pos_weight': 1, 'learning_rate': 0.01, 'l2_leaf_reg': 3, 'iterations': 600, 'depth': 6})
2026-01-30 15:31:46,435:INFO:Checking exceptions
2026-01-30 15:31:46,435:INFO:Importing libraries
2026-01-30 15:31:46,435:INFO:Copying training dataset
2026-01-30 15:31:46,444:INFO:Defining folds
2026-01-30 15:31:46,444:INFO:Declaring metric variables
2026-01-30 15:31:46,444:INFO:Importing untrained model
2026-01-30 15:31:46,444:INFO:Declaring custom model
2026-01-30 15:31:46,446:INFO:CatBoost Classifier Imported successfully
2026-01-30 15:31:46,446:INFO:Starting cross validation
2026-01-30 15:31:46,448:INFO:Cross validating with StratifiedKFold(n_splits=5, random_state=None, shuffle=False), n_jobs=-1
2026-01-30 15:31:50,583:INFO:Calculating mean and std
2026-01-30 15:31:50,583:INFO:Creating metrics dataframe
2026-01-30 15:31:50,585:INFO:Finalizing model
2026-01-30 15:31:54,356:INFO:Uploading results into container
2026-01-30 15:31:54,356:INFO:Uploading model into container now
2026-01-30 15:31:54,357:INFO:_master_model_container: 2
2026-01-30 15:31:54,357:INFO:_display_container: 3
2026-01-30 15:31:54,357:INFO:<catboost.core.CatBoostClassifier object at 0x00000262A4424710>
2026-01-30 15:31:54,357:INFO:create_model() successfully completed......................................
2026-01-30 15:31:54,430:INFO:SubProcess create_model() end ==================================
2026-01-30 15:31:54,430:INFO:choose_better activated
2026-01-30 15:31:54,430:INFO:SubProcess create_model() called ==================================
2026-01-30 15:31:54,431:INFO:Initializing create_model()
2026-01-30 15:31:54,431:INFO:create_model(self=<pycaret.classification.oop.ClassificationExperiment object at 0x00000262A1B59B10>, estimator=<catboost.core.CatBoostClassifier object at 0x00000262A45E7090>, fold=StratifiedKFold(n_splits=5, random_state=None, shuffle=False), round=4, cross_validation=True, predict=True, fit_kwargs={}, groups=None, refit=True, probability_threshold=None, experiment_custom_tags=None, verbose=False, system=False, add_to_model_list=True, metrics=None, display=None, model_only=True, return_train_score=False, error_score=0.0, kwargs={})
2026-01-30 15:31:54,431:INFO:Checking exceptions
2026-01-30 15:31:54,432:INFO:Importing libraries
2026-01-30 15:31:54,432:INFO:Copying training dataset
2026-01-30 15:31:54,443:INFO:Defining folds
2026-01-30 15:31:54,443:INFO:Declaring metric variables
2026-01-30 15:31:54,443:INFO:Importing untrained model
2026-01-30 15:31:54,443:INFO:Declaring custom model
2026-01-30 15:31:54,444:INFO:CatBoost Classifier Imported successfully
2026-01-30 15:31:54,444:INFO:Starting cross validation
2026-01-30 15:31:54,446:INFO:Cross validating with StratifiedKFold(n_splits=5, random_state=None, shuffle=False), n_jobs=-1
2026-01-30 15:32:00,699:INFO:Calculating mean and std
2026-01-30 15:32:00,699:INFO:Creating metrics dataframe
2026-01-30 15:32:00,702:INFO:Finalizing model
2026-01-30 15:32:06,364:INFO:Uploading results into container
2026-01-30 15:32:06,365:INFO:Uploading model into container now
2026-01-30 15:32:06,365:INFO:_master_model_container: 3
2026-01-30 15:32:06,365:INFO:_display_container: 4
2026-01-30 15:32:06,365:INFO:<catboost.core.CatBoostClassifier object at 0x00000262A40D5C50>
2026-01-30 15:32:06,365:INFO:create_model() successfully completed......................................
2026-01-30 15:32:06,438:INFO:SubProcess create_model() end ==================================
2026-01-30 15:32:06,438:INFO:<catboost.core.CatBoostClassifier object at 0x00000262A40D5C50> result for F1 is 0.6034
2026-01-30 15:32:06,438:INFO:<catboost.core.CatBoostClassifier object at 0x00000262A4424710> result for F1 is 0.618
2026-01-30 15:32:06,438:INFO:<catboost.core.CatBoostClassifier object at 0x00000262A4424710> is best model
2026-01-30 15:32:06,438:INFO:choose_better completed
2026-01-30 15:32:06,446:INFO:_master_model_container: 3
2026-01-30 15:32:06,446:INFO:_display_container: 3
2026-01-30 15:32:06,446:INFO:<catboost.core.CatBoostClassifier object at 0x00000262A4424710>
2026-01-30 15:32:06,446:INFO:tune_model() successfully completed......................................
2026-01-30 15:32:06,518:INFO:Initializing finalize_model()
2026-01-30 15:32:06,518:INFO:finalize_model(self=<pycaret.classification.oop.ClassificationExperiment object at 0x00000262A1B59B10>, estimator=<catboost.core.CatBoostClassifier object at 0x00000262A4424710>, fit_kwargs=None, groups=None, model_only=False, experiment_custom_tags=None)
2026-01-30 15:32:06,518:INFO:Finalizing <catboost.core.CatBoostClassifier object at 0x00000262A4424710>
2026-01-30 15:32:06,523:INFO:Initializing create_model()
2026-01-30 15:32:06,523:INFO:create_model(self=<pycaret.classification.oop.ClassificationExperiment object at 0x00000262A1B59B10>, estimator=<catboost.core.CatBoostClassifier object at 0x00000262A4424710>, fold=None, round=4, cross_validation=False, predict=False, fit_kwargs={}, groups=None, refit=True, probability_threshold=None, experiment_custom_tags=None, verbose=False, system=False, add_to_model_list=False, metrics=None, display=None, model_only=False, return_train_score=False, error_score=0.0, kwargs={})
2026-01-30 15:32:06,523:INFO:Checking exceptions
2026-01-30 15:32:06,523:INFO:Importing libraries
2026-01-30 15:32:06,523:INFO:Copying training dataset
2026-01-30 15:32:06,524:INFO:Defining folds
2026-01-30 15:32:06,524:INFO:Declaring metric variables
2026-01-30 15:32:06,525:INFO:Importing untrained model
2026-01-30 15:32:06,525:INFO:Declaring custom model
2026-01-30 15:32:06,525:INFO:CatBoost Classifier Imported successfully
2026-01-30 15:32:06,526:INFO:Cross validation set to False
2026-01-30 15:32:06,526:INFO:Fitting Model
2026-01-30 15:32:10,426:INFO:Pipeline(memory=Memory(location=None),
         steps=[('numerical_imputer',
                 TransformerWrapper(exclude=None,
                                    include=['credit_score', 'age', 'tenure',
                                             'balance', 'products_number',
                                             'estimated_salary',
                                             'balance_salary_ratio',
                                             'tenure_age_ratio',
                                             'credit_score_age_ratio',
                                             'balance_per_product'],
                                    transformer=SimpleImputer(add_indicator=False,
                                                              copy=True,
                                                              fill_value=None,
                                                              keep...
                 TransformerWrapper(exclude=[], include=None,
                                    transformer=RemoveMulticollinearity(threshold=0.9))),
                ('balance',
                 TransformerWrapper(exclude=None, include=None,
                                    transformer=FixImbalancer(estimator=SMOTE(k_neighbors=5,
                                                                              n_jobs=None,
                                                                              random_state=42,
                                                                              sampling_strategy='auto')))),
                ('actual_estimator',
                 <catboost.core.CatBoostClassifier object at 0x00000262A41D1FD0>)],
         verbose=False)
2026-01-30 15:32:10,426:INFO:create_model() successfully completed......................................
2026-01-30 15:32:10,491:INFO:_master_model_container: 3
2026-01-30 15:32:10,491:INFO:_display_container: 3
2026-01-30 15:32:10,570:INFO:Pipeline(memory=Memory(location=None),
         steps=[('numerical_imputer',
                 TransformerWrapper(exclude=None,
                                    include=['credit_score', 'age', 'tenure',
                                             'balance', 'products_number',
                                             'estimated_salary',
                                             'balance_salary_ratio',
                                             'tenure_age_ratio',
                                             'credit_score_age_ratio',
                                             'balance_per_product'],
                                    transformer=SimpleImputer(add_indicator=False,
                                                              copy=True,
                                                              fill_value=None,
                                                              keep...
                 TransformerWrapper(exclude=[], include=None,
                                    transformer=RemoveMulticollinearity(threshold=0.9))),
                ('balance',
                 TransformerWrapper(exclude=None, include=None,
                                    transformer=FixImbalancer(estimator=SMOTE(k_neighbors=5,
                                                                              n_jobs=None,
                                                                              random_state=42,
                                                                              sampling_strategy='auto')))),
                ('actual_estimator',
                 <catboost.core.CatBoostClassifier object at 0x00000262A41D1FD0>)],
         verbose=False)
2026-01-30 15:32:10,570:INFO:finalize_model() successfully completed......................................
2026-01-30 15:32:10,789:INFO:Initializing save_model()
2026-01-30 15:32:10,789:INFO:save_model(model=Pipeline(memory=Memory(location=None),
         steps=[('numerical_imputer',
                 TransformerWrapper(exclude=None,
                                    include=['credit_score', 'age', 'tenure',
                                             'balance', 'products_number',
                                             'estimated_salary',
                                             'balance_salary_ratio',
                                             'tenure_age_ratio',
                                             'credit_score_age_ratio',
                                             'balance_per_product'],
                                    transformer=SimpleImputer(add_indicator=False,
                                                              copy=True,
                                                              fill_value=None,
                                                              keep...
                 TransformerWrapper(exclude=[], include=None,
                                    transformer=RemoveMulticollinearity(threshold=0.9))),
                ('balance',
                 TransformerWrapper(exclude=None, include=None,
                                    transformer=FixImbalancer(estimator=SMOTE(k_neighbors=5,
                                                                              n_jobs=None,
                                                                              random_state=42,
                                                                              sampling_strategy='auto')))),
                ('actual_estimator',
                 <catboost.core.CatBoostClassifier object at 0x00000262A41D1FD0>)],
         verbose=False), model_name=models/catboost_classifier_model, prep_pipe_=Pipeline(memory=FastMemory(location=C:\Users\RAJEEV~1\AppData\Local\Temp\joblib),
         steps=[('numerical_imputer',
                 TransformerWrapper(exclude=None,
                                    include=['credit_score', 'age', 'tenure',
                                             'balance', 'products_number',
                                             'estimated_salary',
                                             'balance_salary_ratio',
                                             'tenure_age_ratio',
                                             'credit_score_age_ratio',
                                             'balance_per_product'],
                                    transformer=SimpleImputer(add_ind...
                                                              return_df=True,
                                                              use_cat_names=True,
                                                              verbose=0))),
                ('remove_multicollinearity',
                 TransformerWrapper(exclude=[], include=None,
                                    transformer=RemoveMulticollinearity(threshold=0.9))),
                ('balance',
                 TransformerWrapper(exclude=None, include=None,
                                    transformer=FixImbalancer(estimator=SMOTE(k_neighbors=5,
                                                                              n_jobs=None,
                                                                              random_state=42,
                                                                              sampling_strategy='auto'))))],
         verbose=False), verbose=True, use_case=MLUsecase.CLASSIFICATION, kwargs={})
2026-01-30 15:32:10,789:INFO:Adding model into prep_pipe
2026-01-30 15:32:10,789:WARNING:Only Model saved as it was a pipeline.
2026-01-30 15:32:10,798:INFO:models/catboost_classifier_model.pkl saved in current working directory
2026-01-30 15:32:10,873:INFO:Pipeline(memory=Memory(location=None),
         steps=[('numerical_imputer',
                 TransformerWrapper(exclude=None,
                                    include=['credit_score', 'age', 'tenure',
                                             'balance', 'products_number',
                                             'estimated_salary',
                                             'balance_salary_ratio',
                                             'tenure_age_ratio',
                                             'credit_score_age_ratio',
                                             'balance_per_product'],
                                    transformer=SimpleImputer(add_indicator=False,
                                                              copy=True,
                                                              fill_value=None,
                                                              keep...
                 TransformerWrapper(exclude=[], include=None,
                                    transformer=RemoveMulticollinearity(threshold=0.9))),
                ('balance',
                 TransformerWrapper(exclude=None, include=None,
                                    transformer=FixImbalancer(estimator=SMOTE(k_neighbors=5,
                                                                              n_jobs=None,
                                                                              random_state=42,
                                                                              sampling_strategy='auto')))),
                ('actual_estimator',
                 <catboost.core.CatBoostClassifier object at 0x00000262A41D1FD0>)],
         verbose=False)
2026-01-30 15:32:10,874:INFO:save_model() successfully completed......................................
2026-01-30 15:32:10,945:INFO:Initializing load_model()
2026-01-30 15:32:10,945:INFO:load_model(model_name=models/catboost_classifier_model, platform=None, authentication=None, verbose=True)
2026-01-30 15:32:11,074:INFO:Initializing predict_model()
2026-01-30 15:32:11,075:INFO:predict_model(self=<pycaret.classification.oop.ClassificationExperiment object at 0x00000262A1B59B10>, estimator=Pipeline(memory=FastMemory(location=C:\Users\RAJEEV~1\AppData\Local\Temp\joblib),
         steps=[('numerical_imputer',
                 TransformerWrapper(exclude=None,
                                    include=['credit_score', 'age', 'tenure',
                                             'balance', 'products_number',
                                             'estimated_salary',
                                             'balance_salary_ratio',
                                             'tenure_age_ratio',
                                             'credit_score_age_ratio',
                                             'balance_per_product'],
                                    transformer=SimpleImputer(add_ind...
                 TransformerWrapper(exclude=[], include=None,
                                    transformer=RemoveMulticollinearity(threshold=0.9))),
                ('balance',
                 TransformerWrapper(exclude=None, include=None,
                                    transformer=FixImbalancer(estimator=SMOTE(k_neighbors=5,
                                                                              n_jobs=None,
                                                                              random_state=42,
                                                                              sampling_strategy='auto')))),
                ('actual_estimator',
                 <catboost.core.CatBoostClassifier object at 0x00000262A44B8B10>)],
         verbose=False), probability_threshold=None, encoded_labels=False, raw_score=False, round=4, verbose=True, ml_usecase=None, preprocess=True, encode_labels=<function _SupervisedExperiment.predict_model.<locals>.encode_labels at 0x00000262A41EBD80>)
2026-01-30 15:32:11,075:INFO:Checking exceptions
2026-01-30 15:32:11,075:INFO:Preloading libraries
2026-01-30 15:32:11,075:INFO:Set up data.
2026-01-30 15:32:11,080:INFO:Set up index.
